AT1G02790.1,706,336,995,1286,1722,2046,1,-1.41920853113658,9.98366197158807,-3.38868879214469,0.0138683958093743,0.0173963210591274,-3.83274722015961,-2.67438752625357
AT1G02940.1,10591,11303,14188,2406,2723,3573,2,2.05995437304587,12.5125956310323,9.93694938500105,4.73915923355975e-05,8.72574811672589e-05,2.4779907358344,4.16973116854972
AT1G04540.1,2592,2364,2634,681,900,985,3,1.579054381463,10.51434554447,8.79532943874225,9.69643069837071e-05,0.000164417737928895,1.68406439427015,2.98773953302497
AT1G05160.1,8528,7916,9284,3483,3158,3560,4,1.33324578818669,12.3965721776629,9.69352330892889,5.48577735879665e-05,9.92995142161925e-05,2.31615962630293,2.51968919619832
AT1G06470.1,2695,2851,3365,113,111,102,5,4.75481234851671,9.15298799539354,32.4199063160177,3.47581479767427e-08,9.44244886814719e-07,9.70393623467361,26.9985935380977
AT1G07690.1,81,118,120,144,121,113,6,-0.257434478847315,6.85246157449053,-1.24623468920353,0.257480329256933,0.281783319518429,-6.79156612064181,-1.19535113996066
AT1G07705.1,2702,2624,3687,746,652,1047,7,1.89258127617725,10.5893995100463,7.95919971166105,0.000172777340092739,0.00027452399592513,1.04042997843187,3.71298960498042
AT1G08030.1,9095,8761,9674,862,663,1033,8,3.44861011109784,11.4383972724959,17.814890707567,1.39773356419557e-06,4.50847894014962e-06,6.25758664886386,10.9177988049326
AT1G08065.1,238,321,332,344,281,475,9,-0.284553204735213,8.34599728675648,-1.16009761050025,0.288515945248425,0.310988292742649,-6.88884640584161,-1.21803298668053
AT1G09380.1,785,856,1034,439,524,738,10,0.676662689511167,9.45398597149702,2.91085263192553,0.0258029700769357,0.0309203188910766,-4.50183206515233,1.59843789293893
AT1G09550.1,1790,1826,1860,2278,2126,2237,11,-0.277703655843252,10.9734094548125,-2.26694257640966,0.062314266076212,0.0716697591064208,-5.42678786215161,-1.21226378224026
AT1G10010.1,1633,1340,1579,1956,1821,1961,12,-0.33828332584449,10.7321398739605,-2.38976493949825,0.052507381532255,0.0610451671472558,-5.25015820140335,-1.26425135598672
AT1G11420.1,434,447,581,117,182,197,13,1.57646744932549,8.13080022723791,6.41753911325845,0.000580830950613927,0.000841812425045185,-0.315028359063201,2.98238694378331
AT1G11580.1,37754,30184,32573,86,63,116,14,8.58801644376263,10.7317776270254,34.8977845435781,2.20132379235216e-08,8.38647807887505e-07,10.0680369739969,384.813724446495
AT1G14580.1,748,716,925,132,156,109,15,2.58608556750113,8.33679708305639,13.4950651675529,7.58830104071609e-06,1.71335849814063e-05,4.47793828881745,6.00467252186044
AT1G17770.1,2016,2081,2598,4746,4436,5619,16,-1.14634431565779,11.6883357046238,-6.68919419262193,0.000461724313173793,0.00067835524092999,-0.0582661778777958,-2.21352292569029
AT1G17860.1,3480,3169,3841,280,312,219,17,3.69913004891259,9.91816665134903,20.3866767662613,6.10791036009356e-07,2.51889610180056e-06,7.09269126578324,12.988204039027
AT1G17950.1,1047,1320,1492,3,0,0,18,9.64827873430627,5.4908060338198,17.219994610855,1.72082392363335e-06,5.16247177090005e-06,6.04362953918282,802.456142115197
AT1G18250.1,1034,677,920,754,517,933,19,0.274398000001902,9.61867228720384,1.00053258706715,0.354305724510925,0.375301619296757,-7.05672306505817,1.20948929474432
AT1G18350.1,583,641,791,545,680,695,20,0.0661330137670895,9.34880371514376,0.363332316851089,0.728364638691377,0.738696052006148,-7.51833424082239,1.04690680036143
AT1G19140.1,3621,2577,3092,196,98,231,21,4.21333635424584,9.47646465534411,12.2593692363018,1.35440446979319e-05,2.79801937907693e-05,3.8517113795724,18.5498594962057
AT1G19640.1,2280,1910,2053,116,22,63,22,5.22195219498913,8.40895165604137,9.24657637716573,7.2391145338329e-05,0.000126758372857727,2.00876360014354,37.3219431162489
AT1G20140.1,4333,3765,3967,1369,1323,1079,23,1.68234461712961,11.1303267024668,10.8861367007144,2.7582644257231e-05,5.42796072768445e-05,3.07446233140236,3.20949122627853
AT1G20690.1,1669,1609,1899,812,739,606,24,1.26873845157823,10.1157177954048,7.64371738678174,0.000217766021715788,0.000337262178036364,0.782052252441328,2.40950776699044
AT1G20730.1,16105,14728,16665,48,16,19,25,9.27406732217509,9.31173392117185,23.126264378323,2.80907940752667e-07,1.7986493519835e-06,7.8481116634851,619.116595918319
AT1G20910.1,646,525,691,636,454,688,26,0.0793122162916298,9.23073359816136,0.373830166247656,0.720920353150396,0.734619552260143,-7.5139510094947,1.05651424280687
AT1G20940.1,832,747,948,167,191,245,27,2.07317899781171,8.67652097518557,10.7380937698649,2.99257036474929e-05,5.83551221126111e-05,2.98486139756478,4.20812919471105
AT1G21790.1,1188,1142,1333,98,21,75,28,4.47298996232808,8.0154002318842,8.10865121828056,0.000155253713538151,0.000249452595909613,1.15974252709046,22.2077289915722
AT1G22015.1,2254,2754,2999,2022,2104,2390,29,0.29073718992028,11.2271297740347,1.76184583289557,0.126724942044034,0.141945170070211,-6.13685818875105,1.22326518342806
AT1G22040.1,2606,2816,3273,156,119,87,30,4.60800478641573,9.19098338092035,19.1964095570968,8.84025535304272e-07,3.26392229881205e-06,6.72319964192527,24.3863981918254
AT1G22180.1,1941,1948,2798,72,117,87,31,4.59021413512361,8.80574014318819,18.7380242485069,1.02540783323384e-06,3.61561947886959e-06,6.57331714408674,24.0875229358118
AT1G22420.1,928,939,921,2083,1935,2288,32,-1.17327662457727,10.4481965367476,-8.88100873587435,9.16391068779805e-05,0.000157252707402615,1.74687477363215,-2.25523320473771
AT1G23320.1,0,1,0,115,128,89,33,-6.45368711562683,3.56017689114675,-20.3244479299225,6.22384584594077e-07,2.51889610180056e-06,7.07404483810642,-87.6502995045535
AT1G23360.1,1016,1085,950,97,78,92,34,3.5035214930407,8.23764388098713,23.6956809468328,2.41759189236878e-07,1.62054206535345e-06,7.99049736925903,11.3413580081219
AT1G27000.1,5639,5133,5827,378,320,479,35,3.83225268967472,10.5159177184713,20.660244474691,5.62702125766447e-07,2.44103948634751e-06,7.1738236847815,14.2437063149051
AT1G27130.1,13058,10926,11903,309,232,194,36,5.62662816565816,10.7291943707218,27.4013902603154,9.84980470619797e-08,1.17376839415526e-06,8.81483266683778,49.4064730536842
AT1G27600.1,6285,6114,6990,184,172,338,37,4.86539843618838,10.2230829351906,17.4609084136033,1.5805403760122e-06,4.91341899499445e-06,6.13130874090889,29.1494839197996
AT1G28460.1,44,30,22,77,154,114,38,-1.81246843743577,5.89610467297574,-5.28916592999272,0.00164260846598022,0.0022585866407228,-1.4769881800047,-3.51242747676544
AT1G29080.1,915,920,955,1664,1227,1639,39,-0.685251154888409,10.2050015581672,-4.12309850732333,0.00570905072185455,0.00737705650504699,-2.86035391709101,-1.60798188635118
AT1G32120.1,9121,8600,10256,1568,1847,2422,40,2.27992899504616,12.0432836201349,11.5003463108246,1.98739488925585e-05,4.00278125582515e-05,3.43368910167843,4.85654050790941
AT1G34170.1,1759,1994,2143,937,810,1069,41,1.06974154569033,10.4016698721856,6.47759691831192,0.000551742634433154,0.000802364712446857,-0.25754497879393,2.09905729400409
AT1G34180.1,578,555,918,391,387,436,42,0.718056502066279,9.02106563630078,3.18236719218096,0.0180595670280341,0.0220100973154166,-4.11869412295077,1.64496455996326
AT1G34650.1,68,79,80,1655,1486,1950,43,-4.46379046587021,8.48866275111849,-27.6062910024615,9.40609636147803e-08,1.15291866830688e-06,8.85578543567619,-22.0665696122395
AT1G35660.1,7893,7695,8746,912,1079,1380,44,2.86940740495428,11.5489651195748,15.2059606840894,3.67689221698383e-06,9.11784254963041e-06,5.25025637530878,7.30764932750131
AT1G43020.1,119,159,182,3,0,0,45,6.58150617625998,3.95741975479665,11.6301464207577,1.85822269033202e-05,3.77809257892151e-05,3.50713256566412,95.7702840905325
AT1G43800.1,7302,3804,3365,236,71,87,46,5.30889128199256,9.4938122639889,10.1671877068872,4.13882606108923e-05,7.75352131094882e-05,2.62760129894671,39.6401710291559
AT1G44130.1,6973,6998,7492,5538,5533,5999,47,0.330589313486515,12.6387158357954,2.61673853519195,0.0383921690215673,0.045623934931447,-4.92314019666833,1.25752694546383
AT1G44750.1,4771,4844,5098,252,269,273,48,4.20693888197352,10.1560831925553,33.6700456831742,2.74894371495017e-08,8.42354895509732e-07,9.89302887910053,18.4677842984032
AT1G47490.1,571,504,476,543,822,717,49,-0.407398375023989,9.21631797765301,-2.09171037746981,0.0796780980173646,0.0909093192804506,-5.67711068448022,-1.32629194208142
AT1G48910.1,89,35,131,819,732,759,50,-3.35361095961326,7.91219621885011,-7.24564441851508,0.000295013628137554,0.000447211471629013,0.442759862716959,-10.2220380361816
AT1G49290.1,145,76,99,2816,2485,3188,51,-4.75932517411001,9.07981835017155,-18.3515871092852,1.16523529777524e-06,3.9970769733865e-06,6.44346778237814,-27.0831787762486
AT1G49600.1,1255,967,1129,786,945,1177,52,0.21585034026381,10.010605177691,1.07827699953413,0.320867847261459,0.343272584726099,-6.97704939287019,1.16138824764492
AT1G52460.1,79,63,32,0,0,1,53,5.45544073808194,3.0610537023743,12.8568643773243,1.01686614997052e-05,2.2032099916028e-05,4.16240896015492,43.878452419461
AT1G53520.1,1113,1061,1318,437,447,593,54,1.24762310497873,9.55596525330921,6.88061417148026,0.00039449959087883,0.000587640015579923,0.117765085304223,2.37449892817566
AT1G54570.1,379,268,331,74,25,34,55,2.98593865888419,6.84581647130274,7.4477275958523,0.000252453412373977,0.000389577388159842,0.616909431171123,7.92240612010043
AT1G55050.1,1072,1023,1040,201,154,271,56,2.35646332825985,8.85216457388872,10.5624679719746,3.30088811343211e-05,6.37342106557161e-05,2.87697477065841,5.12113406746505
AT1G55560.1,838,417,1056,2846,2669,3556,57,-2.06288342315855,10.5199903095471,-5.76077698731226,0.00104479879207363,0.00146956944852324,-0.971676145240606,-4.17820541830742
AT1G55920.1,5204,5084,6224,172,105,125,58,5.3739146743582,9.73356687241238,24.7322598600581,1.85599024966099e-07,1.39687687211327e-06,8.23822128480643,41.4676582901694
AT1G57590.1,311,281,256,0,0,0,59,8.14352604015164,4.07176302007582,59.9337894277234,7.63817737416303e-10,1.63838904675797e-07,12.1843743913531,282.777993508801
AT1G57820.1,8958,7377,9990,3829,3482,4427,60,1.16095549825737,12.5077053961889,6.56382186763372,0.000512838235644426,0.000748325180583193,-0.175733996330605,2.23605472694818
AT1G59800.1,61,81,23,37,63,73,61,-0.186890021115473,5.72568194913311,-0.371064308318056,0.722878511899756,0.734869387689563,-7.51511744656665,-1.13830725083695
AT1G59890.1,3026,3020,3921,2397,2289,3136,62,0.352646536168491,11.5109624814983,1.82902621934306,0.115315872367124,0.130185550646043,-6.04495857756139,1.27690087701471
AT1G59930.1,210,342,279,68,71,44,63,2.16738147242494,7.00712492106252,8.14078919383173,0.000151757242212921,0.00024567493173337,1.18514754948525,4.49207330973729
AT1G60220.1,3477,3181,3417,1102,1036,914,64,1.72521727724592,10.850290367815,12.4186311110242,1.25320770728837e-05,2.62256637281321e-05,3.93604320721874,3.3062991806753
AT1G60400.1,44,29,50,897,822,997,65,-4.46234907553012,7.58823088240162,-19.440924656037,8.17905852349644e-07,3.13287152373212e-06,6.80137493106758,-22.0445340081935
AT1G60440.1,4651,4673,5603,83,113,123,66,5.54897163111883,9.50095373133621,28.4673749947423,7.777770499839e-08,1.14411652342824e-06,9.02316740544627,46.817358445846
AT1G60970.1,179,265,355,41,12,1,67,4.64337060729247,5.68593768395285,4.39449002823436,0.00419873109303442,0.0055831250366128,-2.52066620288479,24.9915869127058
AT1G61330.1,655,642,1084,1200,1348,1718,68,-0.868447546284701,10.0241258595683,-3.32263687144853,0.0150814172988819,0.0187534145542619,-3.92374618900829,-1.82569724873446
AT1G62340.1,7671,7361,8035,3878,3385,4129,69,1.02158983446721,12.3970487121449,7.27496224347054,0.000288357292432509,0.000438671200189881,0.468274266781138,2.0301549363161
AT1G62660.1,7524,6015,6721,256,263,166,70,4.90433886149789,10.2634104177577,22.0967934141433,3.71964493631145e-07,2.0458047149713e-06,7.57851579163608,29.9469850791604
AT1G63010.1,8643,6954,8556,370,330,428,71,4.4178036368691,10.7591673587437,26.1683032576513,1.30949115109208e-07,1.27675387231478e-06,8.55875556440871,21.3742758345447
AT1G63090.1,10518,10274,10282,191,180,315,72,5.54231505981274,10.5673539085669,23.403412028187,2.61002579606623e-07,1.69651676744305e-06,7.9179920741978,46.6018414984122
AT1G64630.1,5489,4646,5580,638,545,561,73,3.16804223745529,10.7663063127569,21.3751508262121,4.56390698684873e-07,2.23351205370162e-06,7.37957692543286,8.98826236771858
AT1G64750.1,3527,3084,4005,444,294,596,74,3.03993884467975,10.2612426861291,10.905220018881,2.72962884542201e-05,5.39636301698637e-05,3.08592447336455,8.2245619696561
AT1G65300.1,2747,2616,3006,2553,2290,3221,75,0.0659761062420561,11.4110031636924,0.380924284908155,0.715908425295516,0.731249320123277,-7.51092139378332,1.04679294496041
AT1G65360.1,32,49,125,842,1131,1128,76,-4.11311553397129,7.94506784453001,-8.45782414710162,0.000121704311091838,0.000200042718231412,1.43112020466495,-17.3049819786206
AT1G65860.1,95,66,45,1,1,19,77,3.95089518411619,4.08275695702055,4.2565230486417,0.00490187067025759,0.00637243187133487,-2.69199299501658,15.4645739670937
AT1G66630.1,227,183,188,1422,1176,1499,78,-2.76922364750178,9.0241766218985,-16.6704845409541,2.09831821038161e-06,6.0822872449575e-06,5.83816379795856,-6.81740951784177
AT1G67500.1,3406,3299,3886,543,609,531,79,2.65052240812232,10.4570647737951,18.7296685885573,1.02821812685802e-06,3.61561947886959e-06,6.57054380150333,6.27894601382314
AT1G67820.1,953,890,850,11454,11667,15882,80,-3.83967097520225,11.7298829540056,-21.8940448675207,3.9370449930526e-07,2.08517568150564e-06,7.52348053526789,-14.3171355591677
AT1G67830.1,2968,2626,3273,13277,13702,14269,81,-2.22261721268787,12.6352420962087,-15.6101615391798,3.13382606776105e-06,8.05036756329036e-06,5.41872301289877,-4.6673938529447
AT1G69530.1,16483,10599,14140,81,19,6,82,9.22710563216558,9.10916448993714,10.9071911390535,2.72669065239232e-05,5.39636301698637e-05,3.08710726802671,599.2879818783
AT1G69860.1,350,321,289,214,234,268,83,0.423327009907677,8.11038755785753,2.73190450559679,0.0328194468139195,0.0391098407865874,-4.75761713352146,1.34101651997843
AT1G70560.1,61,35,33,98,91,93,84,-1.16530775824491,5.9865152634823,-4.61099595038007,0.00331157861234084,0.00443958507716943,-2.2574753610623,-2.24281054532211
AT1G70890.1,12437,12562,14238,8,7,10,85,10.4625212955299,8.44104618779149,62.1421970576788,6.09818526597447e-10,1.63838904675797e-07,12.2892492710887,1411.01860513425
AT1G71100.1,1864,1889,1950,248,145,76,86,3.75417182173902,9.01595692141718,9.15165150279626,7.69002282887123e-05,0.000133024991676845,1.94169239525133,13.4933046905914
AT1G71210.1,1909,2264,2374,298,270,270,87,2.95668809968551,9.6077773021447,20.1385274623684,6.58571091776386e-07,2.64043923712214e-06,7.01790652593967,7.76339718595689
AT1G71270.1,9797,9970,11827,729,676,798,88,3.83829873992561,11.4380881600529,25.7863411768924,1.43409603342721e-07,1.29879868210442e-06,8.475935390422,14.3035241323605
AT1G71850.1,1871,2005,2401,303,312,538,89,2.48613440759084,9.78042981150499,9.53536177318934,6.04347957233081e-05,0.000108027197355413,2.20893319820183,5.60274723493766
AT1G71940.1,6926,6695,7943,453,320,388,90,4.22204811972486,10.6965588329956,23.8454448522327,2.32538363636569e-07,1.59116360066373e-06,8.02718680542256,18.6622123666293
AT1G72540.1,90,60,96,31,26,53,91,1.17622327187392,5.75803663737927,3.70955127138438,0.00931560040198784,0.0118940255132523,-3.39867481706571,2.25984413616764
AT1G73500.1,6443,3439,5627,137,119,160,92,5.17133610367709,9.70111202867231,19.2077512152795,8.80824923953206e-07,3.26392229881205e-06,6.72685267327131,36.0352288811814
AT1G73560.1,5693,5172,5295,3731,3358,3525,93,0.606444516782267,12.0910109618599,4.70354524645626,0.00299821412730198,0.00403208106775095,-2.14707029095894,1.52250241525291
AT1G74000.1,1348,1168,1593,1278,992,1255,94,0.218699518722916,10.2997068277953,1.18824489619208,0.278040277959104,0.302739287422476,-6.85753698958841,1.16368413964595
AT1G76250.1,19538,17796,19718,214,135,162,95,6.81877679560603,10.8041830128266,34.3531631275264,2.42695165232572e-08,8.38647807887505e-07,9.99166094611488,112.890227752242
AT1G76290.1,1202,1440,1622,1260,1337,1278,96,0.127569107349158,10.3994563902917,0.809680800574427,0.447929001534753,0.470984170731395,-7.23320209726051,1.09245140569534
AT1G77000.1,1385,1327,1299,125,148,153,97,3.23093729891432,8.76988031100949,22.9020009669635,2.98310187495983e-07,1.80246578078559e-06,7.79074584144817,9.38877737097212
AT1G78830.1,42039,44287,70216,293,267,323,98,7.42934149222829,11.9165412588404,32.0366158147949,3.74176295474364e-08,9.44244886814719e-07,9.64362631899832,172.367204110389
AT1G79530.1,17375,16171,19187,590,691,507,99,4.88786945523037,11.6540438058107,29.1095907933891,6.77442823192401e-08,1.13578551500722e-06,9.14323153176552,29.6070625294588
AT1G80190.1,1186,1236,1648,234,438,292,100,2.10791958584438,9.33707676976306,7.78669384574735,0.00019589333078277,0.000308964113624296,0.900265350434835,4.31069230046725
AT2G02960.1,7375,6930,7400,392,353,466,101,4.16923515083589,10.7357075061017,27.1415339540206,1.04478773105722e-07,1.21138901790148e-06,8.7622556991209,17.9913950334225
AT2G03040.1,1025,924,881,882,827,830,102,0.154099388216704,9.80320344474773,1.16432357044321,0.286922128518872,0.310049352983869,-6.88417628580315,1.11272677442876
AT2G03090.1,3199,1922,2307,635,549,1005,103,1.77828046408607,10.3526686832103,5.98946153113975,0.000847016205038801,0.0012032117614624,-0.737042681194721,3.43017091686471
AT2G03190.1,2885,3349,3214,4275,4010,4855,104,-0.473980369283892,11.8554581802883,-3.26068536872154,0.0163250231089386,0.0201248129705019,-4.00956971823045,-1.38893623641516
AT2G03770.1,1181,967,1174,646,712,888,105,0.57096760721277,9.82262372936178,3.20032987180923,0.0176447279093101,0.0215657785558235,-4.09360575194971,1.4855195659614
AT2G04620.1,2817,3155,3152,147,128,275,106,4.12588058772535,9.50600865313947,13.8049782747895,6.61367264584837e-06,1.52541159412309e-05,4.62547010024168,17.458776905194
AT2G04750.1,74,112,187,131,116,96,107,0.0296382744865733,6.85304303095295,0.0857781330785666,0.934332655209003,0.93870892057298,-7.58968452224788,1.02075616042805
AT2G07040.1,503,253,844,626,1221,1076,108,-0.977126865241118,9.3848208131011,-2.02807777542563,0.0871405472713442,0.0988976052365256,-5.76722333254216,-1.96854114265003
AT2G13560.1,30415,28595,32693,653,496,531,109,5.7757585090987,12.0097230220699,36.2586674892413,1.73617625874502e-08,8.38647807887505e-07,10.250563002718,54.7868787369379
AT2G15280.1,5065,4912,5938,376,339,375,110,3.86087456722269,10.437904117306,27.0099896553722,1.07666283614751e-07,1.21549567554548e-06,8.73536333149601,14.5291114186325
AT2G17750.1,2527,3134,3476,8031,8448,9910,111,-1.5364218412067,12.3287635298014,-8.66965435229607,0.000105432083788043,0.000175993634027511,1.590918691854,-2.90074171296831
AT2G17990.1,11065,9777,12012,961,916,886,112,3.56600581860838,11.6308233431929,25.3449306332377,1.59558783543866e-07,1.34217094392781e-06,8.37805941791311,11.8433541499515
AT2G18280.1,6195,5917,7952,201,214,271,113,4.86381056399343,10.2631943398606,25.4578427171937,1.552355852964e-07,1.34217094392781e-06,8.4033208414704,29.1174187976676
AT2G18880.1,572,560,541,24,9,1,114,6.1368710153525,6.05703026923028,7.12119169245946,0.00032529782422928,0.000487946736343919,0.333493017838582,70.3691418974902
AT2G19400.1,163,193,190,20,52,48,115,2.26664865112793,6.37830689938302,6.15856501479147,0.000728018455694714,0.0010376076993124,-0.567713191447321,4.81204005398864
AT2G19480.1,4557,5221,5787,535,820,685,116,2.94467626323383,10.862135587753,14.5294270156486,4.84936078211225e-06,1.1622211036459e-05,4.95680749691698,7.69902771049399
AT2G19500.1,15257,17285,20386,11182,12081,13596,117,0.516454832872951,13.8384247727277,3.08656973419078,0.0204583994229999,0.0247229671900478,-4.25306974991208,1.43043588325754
AT2G19970.1,1570,1492,1761,1863,1744,1972,118,-0.211636194041901,10.7539728051373,-1.52890187727856,0.175335599881499,0.194867804013376,-6.44555220747907,-1.15800075507852
AT2G20160.1,242,293,427,1516,1778,1779,119,-2.43185528550822,9.50457825436854,-10.3697494779235,3.68220249027836e-05,6.98966755897971e-05,2.75654807267499,-5.39586885901357
AT2G20780.1,5577,5346,5398,108,85,217,120,5.42196309254008,9.69852601435536,15.7484664139587,2.96975255623329e-06,7.76843808917122e-06,5.47524310009688,42.8719784997698
AT2G21420.1,1507,1311,1796,2,43,70,121,6.17773539084452,7.4869147750433,5.37567895699105,0.00150866291039311,0.00208779480180207,-1.38206525624245,72.3908469754993
AT2G21930.1,38,13,38,90,54,75,122,-1.38630750246161,5.48587353782484,-3.10715705548093,0.0199151479107239,0.0241344589087587,-4.22411228172427,-2.61408762671762
AT2G23990.1,4522,3983,4800,4153,4078,4440,123,0.0670770949179325,12.0771899303271,0.484000658405505,0.644925154878714,0.665079065968674,-7.46084741297402,1.04759210696202
AT2G24740.1,3668,4027,4623,1556,1242,1660,124,1.46998155722071,11.262324167975,8.4009151800699,0.000126555522464906,0.000207222592127651,1.38757774213132,2.77018352318692
AT2G25700.1,816,629,652,2459,1998,1796,125,-1.57218019413393,10.2275365864268,-8.46844918729704,0.000120822424298943,0.000199357000093256,1.43922064307418,-2.97353734362293
AT2G26280.1,6648,6173,7508,701,522,627,126,3.46156713364043,10.9909886019679,20.5194379342399,5.86882980264565e-07,2.46836076993626e-06,7.1322344492167,11.0162945450692
AT2G26410.1,174,52,238,346,596,635,127,-1.96442118491705,8.00887671725062,-3.34375379626357,0.0146814552208199,0.0183126101755499,-3.89459604027822,-3.90256100572282
AT2G27040.1,32324,30631,35720,1815,1688,2092,128,4.14258028217643,12.9312430398709,27.7526400248717,9.10334534606735e-08,1.15291866830688e-06,8.88476696899032,17.6620424557406
AT2G28380.1,4614,4630,5200,179,195,305,129,4.4432818378985,10.0096245133284,19.3923220701434,8.30579418428425e-07,3.15326168589199e-06,6.78593231955031,21.7551014263955
AT2G29570.1,6282,6391,7764,1021,913,856,130,2.86855951228018,11.2930734995095,18.5287772391959,1.09854696966844e-06,3.83151747957529e-06,6.50341179721224,7.30335577845498
AT2G29940.1,2922,3034,3184,1278,1247,1292,131,1.25836108151287,10.9434169832745,10.1919451731805,4.07965417540296e-05,7.67619140898189e-05,2.64349416070373,2.39223825432002
AT2G30160.1,2278,2164,2369,102,177,84,132,4.2911276561259,9.00277212615872,15.1067304469738,3.82638833544883e-06,9.43402641326178e-06,5.20813155833974,19.5775408900696
AT2G30590.1,3971,4016,4516,313,259,334,133,3.78789866824871,10.1289512832128,24.323231715016,2.05732749652301e-07,1.49592117967521e-06,8.14218604530424,13.8124627458785
AT2G30900.1,418,415,427,254,383,310,134,0.430875476843656,8.5021333076587,2.3706857442626,0.0539189286794803,0.0625168119013434,-5.2776318980952,1.34805137252623
AT2G31360.1,67685,71164,73622,2221,1775,1780,135,5.20759608199779,13.5073082972792,34.7728890826957,2.25083617477939e-08,8.38647807887505e-07,10.0506952291648,36.9523979235784
AT2G32370.1,1641,1736,2112,7134,7544,8607,136,-2.08825591997022,11.8736937941262,-12.8980468413991,9.97433812747767e-06,2.17207667852179e-05,4.18326475248605,-4.25233695346076
AT2G32750.1,13984,14601,17620,1395,992,1329,137,3.6435118378548,12.0817371403029,19.1711823359147,8.91193065818032e-07,3.26392229881205e-06,6.71506474131449,12.497016774012
AT2G32990.1,734,310,437,3,1,1,138,7.52571942315183,5.09619304490925,18.3019064923681,1.18476692515861e-06,3.9970769733865e-06,6.42653574775028,184.275367217608
AT2G34200.1,1824,2013,2251,123,133,150,139,3.89594319619068,9.03420167815191,25.3681952663343,1.58656724545086e-07,1.34217094392781e-06,8.38327711059293,14.8866083753187
AT2G34260.1,1868,1812,2230,262,351,405,140,2.55066744553956,9.66322923114137,12.4948005381419,1.20791289007854e-05,2.54016975413575e-05,3.97598043035394,5.85905277728436
AT2G34880.1,797,735,700,164,159,228,141,2.02987447635329,8.52408860392002,11.0465015619783,2.52797478199422e-05,5.0441915417466e-05,3.1701693246728,4.08369318008497
AT2G34890.1,235,203,243,115,141,204,142,0.599532504919506,7.52883565717232,2.54677006302602,0.0422600590447822,0.0495343315033103,-5.02390809109712,1.5152254888926
AT2G35670.1,1586,1489,1800,51,66,59,143,4.77144866329453,8.27686416638306,29.8134699546725,5.84269641277404e-08,1.13578551500722e-06,9.27036856004638,27.3117274848739
AT2G36010.1,3216,2901,3344,744,684,720,144,2.13573675927002,10.5528391271144,16.1587864274496,2.53845968425768e-06,6.8062450284159e-06,5.63967149717507,4.39461493562377
AT2G36310.1,6115,6381,7684,213,194,203,145,5.03492416236533,10.1912029618901,34.0990039016062,2.5413569935985e-08,8.38647807887505e-07,9.9553384550734,32.78409494195
AT2G36560.1,490,316,348,2341,1849,1867,146,-2.40637072831693,9.76818585437972,-11.2507415439158,2.2660635135384e-05,4.54271610891577e-05,3.29007715843535,-5.3013901876219
AT2G36760.1,1260,1440,1794,11,7,5,147,7.47768343592369,6.79548338510928,26.0445946653222,1.34842062713621e-07,1.28549433120318e-06,8.53211916551968,178.240754668223
AT2G37390.1,813,821,789,25,1,4,148,6.98507353266131,6.16665937067348,7.97682209333235,0.000170597295042736,0.00027206780510533,1.05459978893366,126.682508731923
AT2G38220.1,6116,5809,6627,1010,749,1223,149,2.66252899542406,11.2611651343717,12.7846048661011,1.05202943406299e-05,2.25660313606512e-05,4.12564480725552,6.33141953619251
AT2G38810.1,447,350,370,196,88,166,150,1.43882265869538,7.87990784364663,4.55358997952277,0.00352436131619752,0.00471012774033875,-2.32658735962459,2.71099538773608
AT2G39220.1,6807,5825,6875,224,240,154,151,4.99528806819438,10.1652423450043,24.0236070327705,2.22095035826542e-07,1.58797950615978e-06,8.07043077066113,31.8956564970681
AT2G39300.1,1073,1180,1271,293,208,220,152,2.29750681545275,9.0470647531626,12.7646815565045,1.0619702869102e-05,2.26659329892773e-05,4.11546988041586,4.91607462419056
AT2G39650.1,2058,1070,1286,129,307,153,153,2.94877544106165,8.99303468533691,7.42114135260004,0.000257629767865948,0.000396140395750867,0.594225692237578,7.7209343235201
AT2G40030.1,9284,9062,9876,343,351,480,154,4.60024230060577,10.8986509693394,26.2275171739581,1.29131929702908e-07,1.27675387231478e-06,8.57144248794652,24.2555384393331
AT2G41040.1,73,98,123,2,8,18,155,3.59673042682946,4.79930355195041,5.49782037997244,0.00134008604717585,0.00186654842285207,-1.24977569098156,12.0982831558699
AT2G42340.1,235,256,279,246,275,198,156,0.108011435531397,7.9518444874012,0.625194867928279,0.554033051595136,0.575837190532023,-7.37453764886749,1.07774168773614
AT2G43660.1,4599,3879,4446,3680,3040,3220,157,0.379456897153354,11.8795634755092,2.54878465673203,0.042143125854643,0.0495326054565529,-5.02100536819068,1.3008520572293
AT2G43670.1,3113,3382,4091,2176,2693,2973,158,0.435127453638477,11.5581799800535,2.34863650850419,0.0555994812813584,0.0642915834762878,-5.30936929258599,1.3520302716905
AT2G45110.1,15746,13195,15512,2372,1939,2029,159,2.81006373378681,12.4455656450071,18.3215095458155,1.17701516939226e-06,3.9970769733865e-06,6.4332233944591,7.01315558312022
AT2G46650.1,401,370,491,4,3,19,160,5.82832846112142,5.79544962715228,9.68331970310406,5.51991533877003e-05,9.94976336274094e-05,2.30929214200662,56.8200604438727
AT2G46990.1,179,182,161,5,6,32,161,3.97023046512038,5.46401907993926,6.18443048571304,0.000711550365912831,0.00101751702325535,-0.542118888243913,15.6732283008415
AT2G47030.1,518,296,735,1104,1451,1614,162,-1.50450101221339,9.67140777451192,-4.26149415188742,0.00487436085167938,0.00635592949960624,-2.6857710251137,-2.83726521214443
AT3G01240.1,305,143,460,553,953,841,163,-1.48444275351893,8.83419997161423,-3.27473162034326,0.0160335629530489,0.0198224740831642,-3.99007170529225,-2.79809074917631
AT3G01270.1,1287,542,1651,3896,4694,5037,164,-2.105989942702,11.0882360504638,-5.04928929324111,0.00209006456823446,0.00284646888816693,-1.74558736618366,-4.30493048855188
AT3G03260.1,4503,3607,4374,3068,2365,3223,165,0.534206239869475,11.7492442257128,2.93831483794338,0.0248769098589583,0.029894101763286,-4.46277796593712,1.44814517657446
AT3G03305.1,2751,2555,3024,263,97,273,166,3.85050675208807,9.5109653915221,9.36930914055978,6.70047342071097e-05,0.000117807503995287,2.09453973624153,14.4250733735653
AT3G04100.1,372,452,391,429,646,524,167,-0.380293153239592,8.85051621142535,-1.96651701164291,0.0950298092395121,0.107566723387205,-5.8538618509734,-1.30160631281642
AT3G05610.1,962,439,1034,4035,4219,5155,168,-2.54853584576925,10.8436568408029,-7.29414319603122,0.000284095454039664,0.000433725799939559,0.484920693935673,-5.85040234645729
AT3G05860.1,377,452,429,371,344,404,169,0.167471017770403,8.62753199573372,1.15553841565933,0.290243823642509,0.312066667525405,-6.89387251715413,1.1230880332156
AT3G06860.1,8942,9343,11539,579,623,617,170,4.02464966211454,11.2579162766511,26.3950549090309,1.24146710660615e-07,1.27675387231478e-06,8.60712015911185,16.2757222670258
AT3G07190.1,2459,2414,3058,170,88,89,171,4.56521847444199,9.07775558461499,15.7321475937813,2.98858547968281e-06,7.77032224717531e-06,5.46860343524881,23.6737849148258
AT3G08040.1,181,272,216,47,34,5,172,3.35429833172525,6.11021850532505,4.36005955456994,0.00436299470476709,0.00577692817390458,-2.56315826880291,10.2269094870367
AT3G08620.1,2242,2378,2499,421,562,245,173,2.61148701164473,9.90594510786459,8.50654217970445,0.000117720452491928,0.000195744473329602,1.46818774496548,6.11133265081347
AT3G08840.1,884,741,918,37,27,16,174,5.00866159870956,7.21857922493862,16.379780711588,2.33641388291265e-06,6.51190558968911e-06,5.72627032351666,32.1926982857623
AT3G09340.1,91,124,90,141,129,123,175,-0.376390120667407,6.8539086873063,-2.14319804098172,0.0741162478991883,0.0847889875966714,-5.60384713077639,-1.29808973728069
AT3G10900.1,547,634,683,103,152,413,176,1.7250609537243,8.41296864963984,3.47670581757509,0.0124149022752791,0.0157108940297779,-3.71232973295139,3.30594094534767
AT3G11200.1,5168,5068,5821,424,629,572,177,3.31917856049636,10.7238954063046,17.5992985099439,1.50595772988798e-06,4.75041078030841e-06,6.18103427001568,9.98095982933677
AT3G11490.1,972,1139,1475,69,165,3,178,5.03475622053391,7.68548559303092,3.83055314602501,0.00805037241423267,0.0103401489991192,-3.23862360429312,32.7802788198033
AT3G12110.1,10405,10387,12000,899,847,998,179,3.57752759401445,11.6241113015314,25.0520167902833,1.71440341815169e-07,1.36199827108718e-06,8.31179275226005,11.9383172615804
AT3G12700.1,6540,6089,7284,4377,4453,5361,180,0.490912560962776,12.4472888091318,3.20078477988557,0.0176343574130788,0.0215657785558235,-4.09297084190395,1.40533352299975
AT3G13280.1,104,72,159,34,77,110,181,0.672299023092061,6.4058498789318,1.37599189660187,0.216228669446369,0.237851536391006,-6.63737315994275,1.59361046122356
AT3G13400.1,1909,714,1782,7902,8488,10086,182,-2.70617526417887,11.7468367461607,-6.86797889973353,0.000398575369531613,0.000590855941420155,0.106267105666746,-6.52589268926688
AT3G14205.1,8580,8940,10668,989,1130,1289,183,3.04882153696512,11.6670185282384,18.2085359050261,1.2225100766269e-06,4.06555676645689e-06,6.39456381475499,8.27535691767107
AT3G16320.1,1632,1574,1966,1035,868,1177,184,0.751360650927817,10.3697284849077,4.26788456206604,0.00483924952778014,0.00632938429090756,-2.67777797739482,1.68337973026722
AT3G16720.1,2525,1887,2870,267,232,257,185,3.24370566594043,9.60235369648198,16.8290988295365,1.98030234203213e-06,5.84274080398389e-06,5.89826958816408,9.47224020132712
AT3G17250.1,1525,1523,2014,92,62,65,186,4.52163923459226,8.4477639019516,21.0950829726971,4.94999692276103e-07,2.23531439985735e-06,7.3000301277385,22.9693676507108
AT3G18210.1,3251,3482,4139,248,181,355,187,3.83503711627175,9.89869522588027,14.3572788594838,5.21338920015902e-06,1.23565965020344e-05,4.87972994230326,14.2712234623229
AT3G19350.1,4232,3587,4465,505,517,498,188,3.00616620544734,10.4906490586297,21.1359565008759,4.89135813380736e-07,2.23531439985735e-06,7.31172307514567,8.03426587889057
AT3G21580.1,5400,4876,5490,334,255,245,189,4.24770349841592,10.2340290127694,25.0849667457795,1.70053803460426e-07,1.36199827108718e-06,8.31930049885081,18.9970499967256
AT3G21700.1,87,72,162,40,25,4,190,2.53935483803395,5.39631735823249,3.17745158351519,0.0181749287920333,0.0220879446226127,-4.12556582646202,5.81328983006585
AT3G22680.1,299,464,482,35,58,48,191,3.11283569346923,7.11217714504107,11.505688986211,1.98187771683974e-05,4.00278125582515e-05,3.43672860424531,8.65081282272842
AT3G22810.1,783,770,1166,414,293,405,192,1.27730331716059,9.15931025466557,5.42792404868122,0.0014337779485322,0.00199058491883596,-1.32523373311632,2.42385486686663
AT3G22968.1,35357,34281,44199,646,360,331,193,6.46605169943204,11.9691979697916,22.6272118303295,3.21363653122546e-07,1.84501930844783e-06,7.71943495186696,88.4047326359349
AT3G23060.1,858,866,974,173,122,51,194,3.11658773122274,8.25359310538772,7.17437405696927,0.000311941065817182,0.000469553393809021,0.380377154520862,8.67334039731959
AT3G23780.1,6803,6675,7168,437,360,443,195,4.05981129634882,10.7182582991206,28.1188928296406,8.39391086889636e-08,1.15291866830688e-06,8.95633094751775,16.6772706537322
AT3G24790.1,1498,1513,2285,1781,2027,2467,196,-0.260568797175539,10.8877990139705,-1.1418609634207,0.295479823455355,0.316902110655868,-6.9088736840875,-1.19795091584377
AT3G25170.1,198,80,288,453,714,522,197,-1.72920491642489,8.24840256018876,-3.61582725641052,0.0104468342099338,0.0132987889497377,-3.5240466533216,-3.31545050195546
AT3G25250.1,177,245,283,1,2,1,198,6.66101085169639,4.52549292608858,26.2936057303963,1.27138190569116e-07,1.27675387231478e-06,8.58555464979721,101.196168102082
AT3G25260.1,30309,30361,34003,259,68,82,199,8.10832352721573,10.889472330659,16.3439949748961,2.3678316884066e-06,6.55354706017053e-06,5.7123384626768,275.961563119011
AT3G25280.1,657,636,609,914,955,1437,200,-0.766194644383221,9.69301691167221,-3.71233020264507,0.00928418910551862,0.0118893048545298,-3.39497602670246,-1.7007777688334
AT3G25420.1,7217,6639,6690,5328,4686,5063,201,0.447399065453395,12.5170861616158,3.42323578302089,0.0132767855270229,0.0167030527598031,-3.78536624204289,1.36357973640353
AT3G25540.1,671,525,701,29,41,56,202,3.9181551999412,7.33644361082127,14.7095597288276,4.49953136556927e-06,1.09056438182442e-05,5.03639382973793,15.117578863219
AT3G25710.1,747,570,1016,43,19,15,203,4.97099521519444,7.07928417877211,11.8088038540214,1.6959513504071e-05,3.46458633011736e-05,3.60687157989446,31.3630772727856
AT3G26110.1,531,162,449,334,336,404,204,-0.0762027944498964,8.44403199087471,-0.16958103640774,0.870711249957982,0.876843019323884,-7.57733434714182,-1.05423960354296
AT3G26410.1,2999,3247,3464,387,538,397,205,2.88801447136991,10.2142335441794,16.2757435193214,2.42911804506181e-06,6.58300909783922e-06,5.6856700392386,7.4025096769449
AT3G26590.1,1353,1103,1299,686,454,762,206,1.0088013725101,9.78087677650128,4.39344546610147,0.00420361162430288,0.0055831250366128,-2.52195276259665,2.01223858676904
AT3G26990.1,5640,4989,5516,671,521,618,207,3.16073618946655,10.8117077675876,20.5895401122821,5.74696942007223e-07,2.44103948634751e-06,7.15298493682961,8.94285937116512
AT3G27150.1,169,168,162,1,3,1,208,6.05299950888366,4.35983308777516,20.6619981360768,5.62408328198726e-07,2.44103948634751e-06,7.1743393989429,66.3948533383309
AT3G27440.1,58,77,98,41,26,48,209,1.01182903974875,5.75988610956019,3.43489308976803,0.0130834371354693,0.0165082192091656,-3.76941212437642,2.01646594317393
AT3G27640.1,560,497,493,176,187,230,210,1.38876089369496,8.31902826123971,8.74628568257666,0.000100172258028642,0.000167866791774561,1.64785967707371,2.61853682474595
AT3G27980.1,3021,3135,2832,1,0,5,211,10.3530500583123,6.37151252939655,16.8178163978951,1.98843859529522e-06,5.84274080398389e-06,5.89401590592826,1307.91227027843
AT3G28750.1,1611,787,1951,6829,7854,8492,212,-2.50723292414623,11.6560915239222,-7.1925919815861,0.000307510726430817,0.000464514442390213,0.396371781435334,-5.68528599212194
AT3G28980.1,1052,344,1336,417,1980,1338,213,-0.396928839836693,9.81697309417988,-0.540772290536366,0.607438325700629,0.62793022102547,-7.4285429111712,-1.31670197483498
AT3G42830.1,151,137,186,180,207,263,214,-0.447111098157789,7.52467102578202,-2.20187561581454,0.0682580570207101,0.0782960065825792,-5.52003761490232,-1.36330758797876
AT3G43520.1,8461,6556,8056,592,581,384,215,3.90538397234456,10.9478514105178,17.6469149667626,1.48124373798599e-06,4.70706343404438e-06,6.19803698442844,14.9843435015412
AT3G43540.1,4923,4861,5613,374,355,415,216,3.74694754617833,10.4491137512527,26.5638302355446,1.19348832654171e-07,1.27675387231478e-06,8.642738377748,13.4259060428037
AT3G43920.1,9863,9554,11657,1858,1583,2044,217,2.50382570858199,12.0810971219004,15.3010300399208,3.53996757915576e-06,8.82933774103384e-06,5.29032798978723,5.67187488436142
AT3G44370.1,476,342,380,52,22,11,218,4.01903749944343,6.62166705350217,7.68070794728124,0.000211849965219156,0.000330485945741884,0.81281644371749,16.2125318034657
AT3G45090.1,5660,5058,5674,1495,1503,1401,219,1.89570948787287,11.4661060591284,14.5944758339807,4.71952226123601e-06,1.13745789329789e-05,4.98567199923999,3.72104925637636
AT3G45870.1,8947,10155,11731,16,19,48,220,8.64381826540356,8.99660939278608,21.1401211521562,4.88542866233036e-07,2.23531439985735e-06,7.31291286516791,399.989485269822
AT3G48950.1,2609,2458,2828,3033,2893,3405,221,-0.239983574669241,11.4799139781511,-1.71397954768446,0.135517046276576,0.151397950137112,-6.2016387027913,-1.18097921570184
AT3G49500.1,4267,4559,5457,299,259,203,222,4.23490246788494,10.0919885157744,21.6080497969302,4.26923824224776e-07,2.15470965402857e-06,7.44471661083523,18.829234818799
AT3G49660.1,2481,2271,2399,268,343,546,223,2.68757635669322,9.8748295583637,9.9471129529914,4.71062897614328e-05,8.71870040553177e-05,2.48466497776057,6.44230228681331
AT3G49680.1,7187,6830,7878,960,939,892,224,2.96854221916885,11.3467464204044,22.6126701776387,3.22640036402974e-07,1.84501930844783e-06,7.71562947317765,7.827449085187
AT3G49730.1,518,555,661,15,77,9,225,4.633962964713,6.85275825360637,6.32309010564116,0.000630185063267335,0.000907212725307673,-0.406270740342178,24.8291499418706
AT3G49770.1,0,8,1,328,390,714,226,-7.42828100042201,5.10411550069178,-9.21278332797246,7.39605801823817e-05,0.000128980036171714,1.98495997359568,-172.240547516249
AT3G50060.1,17067,9478,7848,324,259,334,227,5.15104589526691,10.8270832830633,16.6330374939573,2.12735586355007e-06,6.12507158028847e-06,5.82387694837112,35.5319730074757
AT3G50720.1,5,15,9,4984,4282,6089,228,-9.00437322278726,7.80448347659647,-24.4780628352539,1.97827282441294e-07,1.46323972702267e-06,8.17879638402008,-513.554373653152
AT3G51895.1,6945,6640,6304,94,42,28,229,7.07577692522053,9.1559222486638,16.7726870130975,2.0213726008232e-06,5.89910779423914e-06,5.87696816437139,134.902841398139
AT3G53000.1,2939,2760,2844,105,87,158,230,4.64218450700696,9.1545039296651,19.7124323467957,7.51094934863595e-07,2.92927024596802e-06,6.88677580435761,24.9710487215521
AT3G53370.1,793,672,816,281,315,202,231,1.53099404737929,8.80171969627667,7.41175314433954,0.000259486613315238,0.000397570561115133,0.586199237115605,2.88984887218388
AT3G54100.1,3423,3002,3874,354,236,449,232,3.34647889549997,10.0646393325858,12.8036138913583,1.04264484740538e-05,2.24771175646687e-05,4.13533731237706,10.1716293762944
AT3G54800.1,343,254,581,644,827,1081,233,-1.16687785238917,9.11860343768433,-3.34360473673345,0.0146842375300447,0.0183126101755499,-3.89480161635334,-2.24525273892035
AT3G55320.1,7163,6628,7908,106,126,180,234,5.74013572611068,9.94673371647418,25.7311879434589,1.45320132263432e-07,1.29879868210442e-06,8.46383432021018,53.4506551467571
AT3G55420.1,10113,7593,10691,58,41,10,235,8.28152079273719,9.05222442662789,13.4261014166844,7.82718228889596e-06,1.74888604267519e-05,4.44461482950159,311.161723487581
AT3G57220.1,3022,2418,2933,300,246,368,236,3.20371651962542,9.83834623128097,16.2788741904373,2.42626700175312e-06,6.58300909783922e-06,5.68689611253222,9.21329060807614
AT3G57270.1,30068,29402,32771,16909,16654,18354,237,0.828899614099374,14.4921638959983,6.3666392636036,0.000606857917863687,0.000876572548025326,-0.364071410064903,1.77632998642903
AT3G58470.1,660,635,608,166,108,297,238,1.85354356566175,8.38379082873525,5.17080446954684,0.00184820782708999,0.00252509922873123,-1.60852086877087,3.61386738458335
AT3G59640.1,1063,1087,1220,190,152,145,239,2.79065051071017,8.73687233189123,17.348526972771,1.64426394210884e-06,5.03849450831925e-06,6.09058599085198,6.91941711002821
AT3G59790.1,2407,2350,2593,1466,1706,2190,240,0.47345566565769,11.021152588726,2.57847774919886,0.0404586338322246,0.0478147490744473,-4.9782299835857,1.38843117654613
AT3G61620.1,570,599,674,195,110,124,241,2.13666644088984,8.19330321882072,8.90121773493109,9.04325615382408e-05,0.000155805497589981,1.76160901909363,4.39744776535524
AT3G61740.1,1005,1008,1305,129,148,231,242,2.73484896728004,8.73393025984608,10.7186111912029,3.0250825032235e-05,5.87221897684562e-05,2.9729791724946,6.65689294504299
AT3G62130.1,1020,880,1059,143,54,143,243,3.23580139761316,8.32497060427634,8.19151003925711,0.000146421247150563,0.000238573090718529,1.22506332999591,9.4204853970265
AT3G62230.1,514,226,673,4642,4839,4934,244,-3.48629512550968,10.487008192936,-8.77654971451236,9.81785341246659e-05,0.000165821224958589,1.67022271564888,-11.2067428446295
AT4G00220.1,3582,2961,3739,9,2,3,245,9.43374673755536,7.01917023398052,21.2449939417196,4.73882439776585e-07,2.23531439985735e-06,7.34277552640692,691.577315507465
AT4G00231.1,1893,1915,2086,201,242,241,246,3.10547670757741,9.38670076166609,21.6989464868116,4.16025727655034e-07,2.14745417024558e-06,7.46989503509451,8.60679858551302
AT4G00540.1,548,442,605,97,104,119,247,2.29971775121444,7.89514086140384,13.1856137721363,8.73092512872119e-06,1.94070822809398e-05,4.3269668445277,4.92361430349208
AT4G00550.1,1421,1424,1435,66,149,27,248,4.44534306145689,8.2567591317322,7.76097852241836,0.000199634441066722,0.00031371126453342,0.879141961969466,21.7862058353249
AT4G00570.1,22444,19894,23565,1813,1699,2004,249,3.57765991434431,12.6307180548041,24.8459093819021,1.8041677769261e-07,1.38212138625231e-06,8.26451957145392,11.9394122639736
AT4G00690.1,273,253,312,25,43,12,250,3.50547485391528,6.3728411119308,8.1328615837238,0.000152611261129473,0.000246128688062196,1.17888898648039,11.3567242281956
AT4G00730.1,21672,17362,19112,869,871,799,251,4.51089812773194,11.9810864322952,31.2381085851208,4.37540080932013e-08,9.95376069424227e-07,9.51428057058595,22.7989918762874
AT4G00780.1,2311,3027,3752,10,2,2,252,9.32784904243126,6.87371006124217,17.2886672082925,1.67941785145324e-06,5.07373421319325e-06,6.06876845906434,642.632013695302
AT4G01840.1,3731,3862,4465,310,220,217,253,4.02304970486907,9.95714407053419,21.0979226016269,4.94589685153372e-07,2.23531439985735e-06,7.30084341102441,16.2576824007657
AT4G02700.1,437,387,451,18,37,6,254,4.63055630508624,6.41634813552471,7.95038699389943,0.000173879526415225,0.000275255781668382,1.03333360121104,24.7705896269786
AT4G03110.1,1380,1366,2073,464,388,380,255,1.94271162406747,9.65080929152537,9.17903504564352,7.55671255330876e-05,0.000131248165399573,1.96110681945607,3.84427521624735
AT4G05470.1,0,1,1,731,689,825,256,-8.87871678712301,5.10602506022817,-29.7056058465822,5.97534162736967e-08,1.13578551500722e-06,9.25117976960198,-470.717208907689
AT4G08590.1,3088,2640,3174,1066,1083,1362,257,1.34609008978603,10.8577328278875,8.18770291369945,0.000146814209672941,0.000238573090718529,1.22207480810795,2.54222212393863
AT4G09580.1,1093,1074,1058,22,54,73,258,4.5665432686837,7.78806331274539,10.8027837241898,2.88747101708933e-05,5.65627884169554e-05,3.02416325027082,23.6955340006494
AT4G09900.1,3036,2645,2629,94,48,116,259,5.08131515053208,8.89230096594256,15.3770112036791,3.43476480043125e-06,8.66299337834666e-06,5.32215421166338,33.8554256003207
AT4G10160.1,62,68,52,951,801,788,260,-3.78414428164501,7.82998041910293,-22.9916714183698,2.91206191542206e-07,1.80246578078559e-06,7.81377219360474,-13.776564716938
AT4G10640.1,6079,5650,6170,282,259,224,261,4.54820913811681,10.2677069847509,31.200227581239,4.40842548229844e-08,9.95376069424227e-07,9.50801687625134,23.3963105395521
AT4G11130.1,3821,3609,3819,401,385,617,262,3.03409345044124,10.3553706440044,14.2964584940221,5.34948523052042e-06,1.26095009005124e-05,4.85225622190424,8.19130577733683
AT4G11320.1,163,106,192,7,3,21,263,4.07734813655,5.1918179411541,6.58920137379628,0.000501990158627616,0.000734995829526441,-0.151813330265395,16.8812301890577
AT4G11400.1,317,263,409,1107,1130,1220,264,-1.82473856362605,9.25795500652911,-9.4627955158134,6.32102179731175e-05,0.000112054477315981,2.15917423967539,-3.5424280810853
AT4G11510.1,775,509,619,683,463,789,265,-0.0103838895859045,9.29532217289969,-0.0399219752029697,0.969403727899939,0.969403727899939,-7.5930183463194,-1.00722352850883
AT4G11940.1,89,87,136,499,413,442,266,-2.13370577759631,7.74995848810732,-9.94554832689124,4.71500814471648e-05,8.71870040553177e-05,2.48363793969951,-4.38843268459205
AT4G12080.1,987,1105,1137,87,76,58,267,3.86764217847731,8.13677482547,20.611873199803,5.70876470289685e-07,2.44103948634751e-06,7.15957692186041,14.597426870368
AT4G12140.1,192,151,187,183,121,165,268,0.188544892474163,7.37071868789269,0.917084263852613,0.393205318495443,0.41548049663681,-7.13738985077029,1.13961371743161
AT4G12590.1,3916,3526,4398,213,385,201,269,3.9435278842887,9.96914244428469,14.2201742961274,5.52603207628055e-06,1.2954468637838e-05,4.81761630488979,15.3858035130722
AT4G12790.1,1064,1005,1218,110,101,204,270,3.0454044692373,8.57147600389433,10.5559641991927,3.31299043734841e-05,6.37342106557161e-05,2.87294579435499,8.25577967322922
AT4G13345.1,1058,1219,1518,15,12,9,271,6.61589688263874,6.98207104566219,28.5530350439484,7.63445087680428e-08,1.14411652342824e-06,9.03941241449096,98.0806668372481
AT4G13460.1,23004,22659,23831,3463,3379,3530,272,2.74374687776405,13.1275040561006,22.565101531123,3.26856567463951e-07,1.84501930844783e-06,7.70315848889531,6.69807661296787
AT4G14690.1,10479,7815,8602,13200,8838,10899,273,-0.283959196017092,13.2613762549497,-1.3830150794779,0.214174485961887,0.236197569351284,-6.62878806911866,-1.2175315825285
AT4G15040.1,1907,1422,1977,1257,1509,1441,274,0.323762540986184,10.6122494339373,1.78720437538888,0.122294325590164,0.137341009628744,-6.10229711616179,1.25159043736559
AT4G15050.1,41599,46652,52500,24868,26590,30316,275,0.78182825231905,15.1204310156229,4.96216310853573,0.00228549139906987,0.00309298362839425,-1.84514540501121,1.71930828280512
AT4G15380.1,544,546,657,1,0,0,276,8.84915107206403,4.75790886936535,29.3733754516715,6.40638382881919e-08,1.13578551500722e-06,9.19141202303556,461.168790524525
AT4G15900.1,5508,4797,5885,1025,925,1251,277,2.343720590333,11.2210943770998,13.6250285583925,7.16065054303874e-06,1.62535401215006e-05,4.54024465849633,5.07610035025045
AT4G16760.1,82733,76386,85526,8890,8327,10016,278,3.16975911083951,14.7288952919467,22.5955118184442,3.24153661379506e-07,1.84501930844783e-06,7.71113507572258,8.99896518006383
AT4G17486.1,1016,1147,1588,317,620,576,279,1.34171812591046,9.59211237033867,4.28645096901787,0.00473883045176525,0.00621699774864615,-2.65458958954399,2.53452979867373
AT4G18400.1,587,644,703,44,45,51,280,3.75880151441883,7.45135234738534,26.197882616077,1.30037689891047e-07,1.27675387231478e-06,8.56509817293918,13.5366750455108
AT4G18800.1,4525,4525,4918,498,640,560,281,3.04441918856411,10.6618540984703,20.3899913150712,6.10180569690961e-07,2.51889610180056e-06,7.09368244378789,8.25014335860158
AT4G18870.1,820,943,1104,817,1176,1574,282,-0.27475987861213,10.0286173111122,-1.02332907680374,0.344223614379582,0.366431589500845,-7.0337977301894,-1.20979271521161
AT4G19120.1,39748,30785,34628,759,820,882,283,5.41031573821554,12.3842790850268,34.8778044567765,2.20915897758554e-08,8.38647807887505e-07,10.0652695908087,42.5272522517352
AT4G20800.1,9636,10253,11737,12579,13332,14675,284,-0.361854245695211,13.5399826444913,-2.46791710516917,0.0471156009970317,0.0550751848166938,-5.13755026728255,-1.28507650067877
AT4G20830.1,5691,5463,7574,2069,1991,2290,285,1.54677105343493,11.8191117693039,8.82732533022745,9.49351037104729e-05,0.000162259599568896,1.70758521819416,2.92162507690641
AT4G21430.1,1739,2207,2134,19,49,33,286,5.9600564253699,7.99777725465576,17.5049865719307,1.55633065048503e-06,4.87347335078888e-06,6.14719690328422,62.2523513438445
AT4G21630.1,17926,18006,19015,958,882,904,287,4.32253741935727,11.9990789145577,34.6600778157633,2.29667107856443e-08,8.38647807887505e-07,10.0349433182838,20.0084488148266
AT4G21760.1,4236,3552,3295,7,0,12,288,9.60990339857909,7.03843160533657,10.4333034761036,3.55110286240761e-05,6.77076945765717e-05,2.79650153478583,781.392391980914
AT4G22430.1,189,216,238,390,303,445,289,-0.809192853971688,8.1486876432379,-4.20265226477403,0.00521136665899819,0.00675430905350521,-2.75965332668852,-1.75223084601714
AT4G23110.1,121,153,46,1022,895,1074,290,-3.37465118878144,8.27136317103586,-7.65548575077889,0.000215863561137595,0.00033552705698561,0.791853487472541,-10.3722083672827
AT4G24640.1,288,136,262,172,365,281,291,-0.259334221188685,7.90029269551218,-0.664535629360166,0.530156187576728,0.553374706740672,-7.34701349555531,-1.1969262163977
AT4G24740.1,798,796,779,45,49,56,292,3.9625032535572,7.64802101344409,28.337640504475,8.00081484914851e-08,1.14411652342824e-06,8.99842633239865,15.5895054165467
AT4G25280.1,840,749,1003,28,53,64,293,4.20100533975655,7.64558143998478,13.0599078161403,9.25103106593455e-06,2.02484302412547e-05,4.26456088411258,18.3919856415303
AT4G25530.1,7196,6782,8007,72,18,27,294,7.75433566164736,8.95887016228408,16.1266725067089,2.56947206212802e-06,6.84660568107405e-06,5.62697468034881,215.917394352876
AT4G26140.1,1713,1509,2047,412,275,451,295,2.22826094590405,9.65369760315629,9.46434158762206,6.31495764802977e-05,0.000112054477315981,2.16023812030673,4.68568816700858
AT4G26410.1,3837,3526,4361,427,358,353,296,3.36140878031839,10.2463419135949,21.5403455617338,4.35256450875458e-07,2.17122113285548e-06,7.42587370820233,10.2774381193305
AT4G26640.1,3285,3278,3597,156,84,153,297,4.73444606562346,9.35748910805314,17.9318914346439,1.34278213046876e-06,4.36404192402346e-06,6.29867300357263,26.6201365325483
AT4G27890.1,895,1013,1513,927,1005,1098,298,0.140991697721446,10.0486196008215,0.624662356503332,0.554360745197495,0.575837190532023,-7.3749000972716,1.10266281755587
AT4G29530.1,614,555,763,22,66,51,299,3.89024054544333,7.37515056094029,9.57651909102658,5.89231019839186e-05,0.000105765735360256,2.23699674801399,14.8278810871164
AT4G29550.1,137,172,194,90,106,245,300,0.319568955408473,7.22370985501726,0.812262284514147,0.446552091116617,0.470690041987786,-7.23101060067492,1.24795763172901
AT4G31060.1,1127,1049,1058,49,24,16,301,5.28301220604828,7.43323117662407,13.7310465878649,6.83233625329666e-06,1.56741831693276e-05,4.59060097553066,38.9354448916524
AT4G31080.1,3161,3443,3801,47,157,89,302,5.29614585039195,9.10827170693862,12.6153851038716,1.14001534686474e-05,2.40919499411318e-05,4.03869018024211,39.291513891059
AT4G31180.1,7343,6412,6520,566,565,398,303,3.74263447855071,10.8486866072742,20.0213958480225,6.82620025946726e-07,2.68664212046922e-06,6.98220550012006,13.3858280177154
AT4G31720.1,478,588,796,55,52,39,304,3.62907937068298,7.43360750917755,15.071690006902,3.88084993515909e-06,9.51362641247571e-06,5.1931826271756,12.3726220673564
AT4G31770.1,182,163,111,17,14,1,305,4.2012637226363,5.12623706033509,5.00024723431039,0.0021976387824966,0.00298350328383241,-1.80149463304451,18.3952798926755
AT4G32120.1,3800,3463,4229,594,608,629,306,2.64352539270236,10.5771801278475,19.1322184699192,9.023961094124e-07,3.26392229881205e-06,6.70247450892021,6.24856709516963
AT4G32500.1,4506,3675,3687,188,101,128,307,4.86153356827264,9.51273179134159,19.2931262270357,8.57158179938585e-07,3.22562157187415e-06,6.75426662536695,29.0714992214342
AT4G32850.1,5244,5415,6830,287,435,435,308,3.93044216896708,10.5339856348156,17.7461378242763,1.43123789341277e-06,4.58209743488118e-06,6.2332935232635,15.2468802411353
AT4G33830.1,1798,1671,2241,1821,1698,1685,309,0.123247654736479,10.8220125613444,0.772296193255923,0.46820763173617,0.491102870451875,-7.26430046045145,1.08918396989729
AT4G33840.1,11794,11874,13491,10736,10919,13955,310,0.0692526156662883,13.5591551235462,0.426079270010333,0.684375578458749,0.700709124484018,-7.4903700298905,1.04917302151699
AT4G34330.1,178,149,144,121,163,190,311,0.00894179585278376,7.29304362133197,0.0430695564736011,0.966993083010283,0.969252412643484,-7.59286719491328,1.00621722781026
AT4G35050.1,1388,1357,1553,206,129,216,312,2.99048781122052,8.98771257326768,13.0759148041514,9.18285230195309e-06,2.02022750642968e-05,4.27254269017034,7.94742673268147
AT4G35740.1,1667,1525,1559,102,80,154,313,3.86143273289557,8.69820801156181,15.3635904036924,3.45308127668363e-06,8.66299337834666e-06,5.31654546916988,14.5347336880652
AT4G36220.1,1827,1608,1796,49,83,97,314,4.54949673420759,8.49170951932669,16.9833393257005,1.87284823377711e-06,5.5795270297943e-06,5.95609115654747,23.4172009178507
AT4G36590.1,553,847,766,474,642,618,315,0.310163719451602,9.31983326964597,1.40918714235338,0.206674035300627,0.229103775565811,-6.59659393852132,1.23984839202971
AT4G36830.1,200,120,240,74,11,25,316,2.65619445177512,6.16617086234027,3.96848495424043,0.00683501605658623,0.00880547113596244,-3.05872474064804,6.30368066454053
AT4G38700.1,24344,22427,25635,13379,12260,14769,317,0.843424353073006,14.1350327531774,5.94015035036009,0.000885778090881893,0.00125412145540704,-0.787081486063863,1.79430401674541
AT4G38960.1,296,270,313,44,57,44,318,2.58313390775311,6.90546268313886,15.9296289672987,2.76964278820316e-06,7.33442442061207e-06,5.54843381871789,5.9923999131508
AT4G39390.1,5546,4432,4835,283,176,257,319,4.38752608717627,10.0699563519251,20.0730585587208,6.7188961204999e-07,2.66889484786524e-06,6.99798399532822,20.930372567813
AT4G39650.1,58532,55715,65139,60304,56743,69295,320,-0.0528773080529579,15.8911129101376,-0.358236801587362,0.731989698845595,0.740621652841416,-7.52041867062078,-1.0373317144146
AT4G39690.1,4163,3928,4468,500,461,504,321,3.09629390763423,10.4816654245673,23.6056650351056,2.47505143854316e-07,1.63353394943849e-06,7.96829476099316,8.55219001505525
AT4G39753.1,118,135,121,118,44,44,322,1.01149799538462,6.46525698301474,2.55365209176077,0.0418620088631939,0.0493373675887643,-5.01399238424219,2.01600329300516
AT4G39955.1,2611,2183,2456,491,333,454,323,2.51681231064303,9.97705333295463,13.1484608769189,8.88104356300848e-06,1.96390087037662e-05,4.30858832282351,5.72316146924752
AT5G02630.1,1399,1385,1422,54,57,61,324,4.58970186048564,8.15936326992252,36.334618469262,1.71377555544511e-08,8.38647807887505e-07,10.2604131848514,24.0789714150477
AT5G02880.1,15810,15448,19158,943,675,1046,325,4.25801108720105,11.9008616144588,20.3533774044383,6.16963458506332e-07,2.51889610180056e-06,7.0827222404379,19.1332637881743
AT5G03020.1,506,485,587,356,398,411,326,0.434600352670273,8.81947541881336,2.98145475066842,0.0234936128851094,0.0283111233924493,-4.40155359414267,1.35153638609906
AT5G03240.1,68390,69430,88843,5938,5387,6774,327,3.64208474598026,14.3735569342833,21.1096409386545,4.92901859526388e-07,2.23531439985735e-06,7.30419812423043,12.4846610281729
AT5G03280.1,23044,20257,24067,1522,1362,1934,328,3.8166036643063,12.5427644735946,21.2913304391729,4.67567719400833e-07,2.23531439985735e-06,7.35590999382251,14.0900386534048
AT5G03370.1,3341,2957,3720,402,395,524,329,2.92607025637499,10.2364238819078,16.5500644331169,2.19336858350954e-06,6.23448222658389e-06,5.7920882525858,7.60037317702269
AT5G04560.1,12943,12045,14981,1261,1225,1657,330,3.27691243083109,12.0572787988052,18.2822454332824,1.19260105499644e-06,3.9970769733865e-06,6.4198196792666,9.69279292931458
AT5G06020.1,197,232,223,121,181,177,331,0.462210759354503,7.53586051591991,2.31144282755511,0.0585585704971853,0.0675312546862701,-5.36286568090776,1.37765128897479
AT5G06500.1,2226,2674,2813,539,519,897,332,2.01828686245992,10.3123951128368,8.07461991629518,0.000159057339062642,0.00025461044200699,1.13274428891431,4.05102464658063
AT5G06670.1,5733,5223,6888,396,433,575,333,3.67395760081702,10.6918026107518,18.3896658002323,1.15051705762613e-06,3.98041788485168e-06,6.45640847139271,12.7635487251054
AT5G07430.1,1085,389,1136,1649,2519,2749,334,-1.52317299679121,10.3759715785443,-3.3199755079226,0.0151326629127852,0.0187627525710545,-3.92742377067084,-2.87422498717572
AT5G07460.1,641,563,655,173,138,90,335,2.25128454512275,8.14886867548502,8.7969477330923,9.68604843070915e-05,0.000164417737928895,1.68525590561327,4.76106572547607
AT5G08360.1,558,557,763,59,38,93,336,3.36045764885324,7.59585604647609,9.9086664323034,4.81960596531067e-05,8.83594426973622e-05,2.45938336731786,10.2706647036458
AT5G09490.1,550,651,680,501,511,630,337,0.197702633960327,9.18986456662461,1.2032125629947,0.272602940810157,0.297574202563759,-6.8406953064134,1.14687060869064
AT5G09900.1,5026,4737,5253,575,699,680,338,2.94403261359417,10.816232007226,20.5973923406647,5.73350312440596e-07,2.44103948634751e-06,7.15530368050999,7.69559360210127
AT5G10220.1,1297,1309,1485,1287,939,1258,339,0.243049257521305,10.2900234262269,1.39045687981542,0.212017109300552,0.234420979097775,-6.6196660786799,1.18349142866979
AT5G10440.1,452,536,710,733,584,632,340,-0.217379829697089,9.2306403373989,-1.04516806287635,0.334781622673125,0.357266955539231,-7.01149170229618,-1.16262015940304
AT5G10950.1,3861,3881,4836,1356,1093,1335,341,1.73076911780824,11.1604866657993,10.3335590756267,3.7593456273881e-05,7.10466640594491e-05,2.73369024268153,3.31904713501749
AT5G11310.1,740,744,708,93,110,63,342,3.06502114895571,7.98217881382044,13.6901577280535,6.95685513872186e-06,1.58749513537855e-05,4.57122928483445,8.36880219854967
AT5G11460.1,753,930,1084,44,29,49,343,4.48731250548213,7.59118954664537,18.0893587963183,1.27272553599094e-06,4.19999426877011e-06,6.35346909195701,22.4292971206274
AT5G12840.1,1667,1658,2378,272,267,306,344,2.73173337469262,9.50618041292891,14.4593002899065,4.99398585397648e-06,1.19023329519773e-05,4.92553039345348,6.64253246900372
AT5G13620.1,167,167,119,223,175,112,345,-0.131813353981349,7.29641515737935,-0.452871161380716,0.665982570005887,0.685147536049222,-7.47715131548526,-1.09567000698509
AT5G14620.1,879,976,1187,50,52,20,346,4.71174345566012,7.62009280093454,12.2992339637391,1.32821540832638e-05,2.76604082607776e-05,3.87292639873721,26.2045141522333
AT5G15140.1,22,22,78,204,243,251,347,-2.74553090009238,6.48973367014323,-5.53796415803011,0.00128942145794327,0.00180182998520412,-1.20673253778816,-6.70636451115115
AT5G15380.1,192,150,187,73,42,24,348,2.03529210605501,6.44417082306276,5.19544902761586,0.00180310796157341,0.0024713524457348,-1.580974038909,4.0990571544186
AT5G15470.1,8924,8568,9722,251,272,234,349,5.16305979518567,10.5637145679211,37.8271608168163,1.33485351776953e-08,8.38647807887505e-07,10.4471638523309,35.8290974099022
AT5G17320.1,5889,5193,6402,458,250,278,350,4.19106643427597,10.4082049535359,16.3784114148167,2.33760713476019e-06,6.51190558968911e-06,5.72573788107425,18.2657164077254
AT5G19600.1,1576,1423,1748,147,169,317,351,2.97976256420919,9.13379036778826,9.7747864161384,5.22240627376551e-05,9.49327242137883e-05,2.3706098098522,7.88856324554737
AT5G20810.1,510,327,421,429,489,557,352,-0.244373808719445,8.81413046244735,-1.16697477610372,0.285926036607473,0.309753206324762,-6.88124086997788,-1.1845785016666
AT5G21150.1,45741,45183,49731,1907,1827,1456,353,4.76798735237542,13.1315540005637,30.2531747197281,5.33614205525348e-08,1.13578551500722e-06,9.34751765466435,27.2462797879032
AT5G22440.1,5802,5374,5354,1805,1635,1897,354,1.63216654170381,11.6110177666665,12.2560445027525,1.35661545652215e-05,2.79801937907693e-05,3.84993881791469,3.09978153549326
AT5G22920.1,15672,18233,24994,573,511,677,355,5.0432135706375,11.7116229152561,22.9226576221177,2.96656058626696e-07,1.80246578078559e-06,7.79606080051892,32.9730073428955
AT5G23210.1,90149,82335,97410,6624,5371,5447,356,3.95487112387938,14.4762553341613,25.7753066165637,1.43789503506842e-07,1.29879868210442e-06,8.47351721877845,15.5072517444325
AT5G23340.1,2166,2265,2696,110,136,175,357,4.09089194073395,9.16273915968295,19.5161430416062,7.98730821414265e-07,3.08698668816864e-06,6.82518088974283,17.0404548598001
AT5G24240.1,2777,2611,3088,1445,1480,2031,358,0.788267257381104,11.0670977783613,4.30437787813204,0.00464407388598942,0.00611137330395541,-2.63224826173121,1.72699901184005
AT5G24380.1,2369,2897,2557,516,565,421,359,2.38417862345672,10.152015279013,14.0175276324854,6.02870887227006e-06,1.40560657945862e-05,4.72460524066006,5.220466108897
AT5G24460.1,8844,7467,8521,546,526,543,360,3.93653665343404,11.0431079986104,29.3619443316368,6.42184447161401e-08,1.13578551500722e-06,9.18933754291228,15.3114250113274
AT5G24810.1,27173,26334,30321,1361,1167,1526,361,4.37496352154137,12.5800883920003,27.7997112301949,9.0083815299203e-08,1.15291866830688e-06,8.89404133917681,20.7489082328681
AT5G25410.1,14359,17538,19093,555,651,647,362,4.77378650537569,11.6560663293009,28.824876594238,7.19949314985222e-08,1.14391946714319e-06,9.09049270413321,27.3560211615272
AT5G25950.1,967,1343,1439,1221,1735,1983,363,-0.38924745208902,10.4623016448389,-1.56035817433922,0.16786619689964,0.187050905116741,-6.40491840983919,-1.30971004622653
AT5G26250.1,403,434,423,867,908,1027,364,-1.14810291259379,9.29105263231392,-8.48561224676504,0.000119413333421871,0.000197792741459393,1.45228639954612,-2.21622278118366
AT5G26630.1,481,461,415,500,743,630,365,-0.448081234499561,9.04573331584548,-2.4158281911244,0.0506410441487718,0.0590353476625627,-5.21261409017082,-1.36422464874749
AT5G26650.1,3065,3066,3488,63,137,143,366,4.88496761896656,9.20196696222344,14.7618800165775,4.40345393196402e-06,1.07334189591623e-05,5.05930891714874,29.5475707459311
AT5G26700.1,606,317,766,2052,2141,2553,367,-2.08176168583954,10.0880536526008,-6.19681458580941,0.000703816053133568,0.00100982303275686,-0.529893011629061,-4.2332382467113
AT5G27910.1,216,163,299,72,110,79,368,1.34725113581365,7.10901507461266,4.86892762909048,0.00251777055852272,0.00339661499876178,-1.95288281945501,2.54426886620657
AT5G27960.1,1752,1758,1807,51,26,2,369,6.77867976320699,7.40276978861207,6.74984568731791,0.000439101230235401,0.000647334803336726,-0.0020610399981793,109.795853669076
AT5G28530.1,2218,2295,2816,123,118,113,370,4.35288021312936,9.0704081358512,29.0345635994264,6.88354857580132e-08,1.13578551500722e-06,9.12940858844864,20.4337234660267
AT5G34940.1,11303,11534,14151,5734,6298,7541,371,0.919926054888187,13.1223684614208,5.33061644014625,0.00157682243138036,0.00217510232495876,-1.43138088811037,1.89201831585895
AT5G35490.1,622,582,682,4,0,0,372,8.52141803320908,5.03468504823366,13.4468821748412,7.75429739018927e-06,1.74167203161843e-05,4.45467535388009,367.453538235954
AT5G37290.1,1414,1354,1205,105,97,121,373,3.61110334320642,8.56334088368364,23.9149764040472,2.28396322056091e-07,1.59116360066373e-06,8.04411541888289,12.2194152541274
AT5G37420.1,106,181,93,64,43,74,374,1.03107745203862,6.41907810007319,3.21603484514086,0.0172905092411079,0.0212539497548289,-4.0716996927169,2.04354987181185
AT5G37560.1,799,802,878,1,4,0,375,8.58363454251603,5.39912663622047,15.5231284787073,3.24244966568625e-06,8.23083376674203e-06,5.38286555443134,383.646701958614
AT5G38140.1,363,388,346,16,0,1,376,6.82091666550427,5.10627927983558,6.86540012831495,0.000399413107253718,0.000590855941420155,0.1039183588813,113.057795835551
AT5G38195.1,2850,2770,3212,2851,2979,3574,377,-0.0864779411519194,11.5642884988729,-0.565195770588576,0.591692514009154,0.613130648574703,-7.4136422436079,-1.06177489926256
AT5G39260.1,90934,88076,99574,61258,58653,66452,378,0.579966313128937,16.2108574180464,4.33903006707018,0.00446685321262771,0.00589624624066858,-2.58919784170315,1.49481434437273
AT5G39440.1,821,816,1116,560,500,744,379,0.61365998438572,9.52070344857737,2.82694419701779,0.0288691432404722,0.0344982240951603,-4.62150979530139,1.53013610352376
AT5G39560.1,152,112,223,197,203,199,380,-0.353572141553462,7.47175997983188,-1.36875311484779,0.218364484008435,0.23958660777396,-6.64619741133752,-1.27772037491247
AT5G40600.1,897,928,1342,59,41,69,381,4.21095299173967,7.91497350764725,16.2639898789249,2.43985651877957e-06,6.58300909783922e-06,5.68106451772103,18.5192400377029
AT5G40680.1,8311,8656,11241,9170,9985,11756,382,-0.137514801545889,13.2545048949809,-0.75328560083583,0.478761448475672,0.500947954624544,-7.27964950215699,-1.10000859892332
AT5G41260.1,2107,2373,2818,184,194,287,383,3.46903145271377,9.50406131825963,15.5430775504867,3.21717199916732e-06,8.2152784978737e-06,5.39110449456979,11.073439141812
AT5G41610.1,6468,6694,7739,659,565,704,384,3.43795109476456,11.0431288488369,22.2085068427563,3.60581512587944e-07,2.0089541415614e-06,7.60856024715904,10.8374324406702
AT5G41750.1,272,145,155,203,160,146,385,0.121656451246547,7.46183308059743,0.431045834789754,0.680947642758279,0.698867317567707,-7.48797684935852,1.08798332951397
AT5G41830.1,120,122,85,12,48,41,386,1.86005850409362,5.8325182470585,3.60004197049015,0.0106518555864234,0.0135196628596912,-3.54528023310036,3.63022383093018
AT5G41850.1,1737,1366,1370,117,98,124,387,3.70774626536539,8.67980111738387,21.6614610740118,4.20480536831302e-07,2.14745417024558e-06,7.45952805904396,13.0660056660869
AT5G42670.1,428,393,503,120,71,176,388,1.92925726388531,7.81675989487596,5.76412354232066,0.00104154967174123,0.00146956944852324,-0.968194764632107,3.80859072795294
AT5G42690.1,4269,4704,5201,21,12,13,389,8.21254126241025,8.09534605081712,35.1063846071759,2.12141696350745e-08,8.38647807887505e-07,10.0967746997573,296.634227113805
AT5G43780.1,3334,3070,3304,654,684,728,390,2.23110404028108,10.5439141130071,17.384584886539,1.62349940483581e-06,5.01065643650766e-06,6.10368569541224,4.69493127695456
AT5G45980.1,414,489,364,350,479,498,391,-0.0599185674153677,8.7450786567091,-0.297548534362947,0.77571868884398,0.783019570621335,-7.54305881928392,-1.04240692076535
AT5G46230.1,1330,1341,1510,3,23,0,392,8.24826308551858,6.31911904299968,7.70143905331385,0.000208614987408668,0.00032662711532233,0.830002701020796,304.070718878965
AT5G46540.1,33027,31409,35380,4743,4913,4604,393,2.80582321288974,13.6174302324072,21.9539677030917,3.87129489005098e-07,2.07598188478984e-06,7.53981496703523,6.99257204458944
AT5G46810.1,21500,21699,25677,17720,21564,22401,394,0.161617456406658,14.4011141985717,1.00682601456513,0.351499180829175,0.373250367761673,-7.05043112700808,1.11854047062296
AT5G47620.1,4710,4755,5113,560,368,485,395,3.38448019712675,10.5536222553217,17.999989146482,1.31195157651266e-06,4.2963910406407e-06,6.32243996967639,10.4431149655517
AT5G47770.1,11363,10570,12708,733,700,875,396,3.90862543530484,11.5368773664708,25.0879847643563,1.69927455887416e-07,1.36199827108718e-06,8.31998748248922,15.018048338045
AT5G47790.1,6587,5785,6773,289,169,188,397,4.91940842292547,10.176885028254,21.3617526286813,4.58156318708025e-07,2.23351205370162e-06,7.37580189183184,30.2614334505573
AT5G48650.1,15777,15637,17490,584,586,780,398,4.65801067411697,11.6619014189661,27.7145719414149,9.18099532681248e-08,1.15291866830688e-06,8.87724972736884,25.246485698622
AT5G48670.1,332,411,320,54,78,74,399,2.35944974305971,7.2843779222624,11.8819627366437,1.63426676512869e-05,3.35454757052731e-05,3.6472710945508,5.1317459226188
AT5G48970.1,1275,1345,1354,227,297,391,400,2.1497280219581,9.29712013722642,9.86866267214219,4.93609134629587e-05,9.01099228749332e-05,2.43297800596357,4.4374412593794
AT5G49160.1,1658,1673,1635,278,301,394,401,2.36430137407641,9.51156231844445,13.8553639126117,6.46928246933593e-06,1.50017415099736e-05,4.64911885545165,5.14903249220312
AT5G49810.1,25055,23945,27333,2554,2381,3284,402,3.22667720281284,13.0195862443727,18.9453308629376,9.5845081831057e-07,3.42646167546029e-06,6.6416484237878,9.36109439040782
AT5G49830.1,16543,14521,18284,1438,1307,1638,403,3.49191605757652,12.2534906425675,21.6861463872068,4.1754072972125e-07,2.14745417024558e-06,7.46635763433182,11.2504909765841
AT5G49890.1,6375,6751,7689,1350,1254,1455,404,2.35574157906145,11.5782302056516,16.3203067990702,2.38889748670843e-06,6.56946808844819e-06,5.70309708249416,5.11857271534322
AT5G49900.1,14501,13974,15476,408,456,444,405,5.06756474637496,11.3036720111387,38.9159134668685,1.11923129190407e-08,8.38647807887505e-07,10.5756115506711,33.5342805714048
AT5G50470.1,84,57,63,1723,1346,1599,406,-4.50785415102028,8.34305105259857,-22.8432183036098,3.03076143523762e-07,1.80582868849575e-06,7.7755863120815,-22.7509384513543
AT5G53150.1,4162,4069,5355,1424,1402,1452,407,1.65509889414197,11.3061709421351,10.5192773347499,3.3822236024025e-05,6.47756216710121e-05,2.85017329919609,3.14944778784083
AT5G53250.1,6064,6766,7064,1092,1061,944,408,2.68208339761808,11.3513137840039,19.1219451521305,9.05377047922223e-07,3.26392229881205e-06,6.69914971610697,6.41782031390543
AT5G53870.1,14798,14716,15409,3448,3068,3290,409,2.19672055084082,12.771635493771,17.3178451674602,1.66217493281737e-06,5.0572556466571e-06,6.07941421540631,4.58436066901031
AT5G54095.1,267,159,315,644,677,743,410,-1.52855253034425,8.66154227634621,-5.66715630570883,0.00114052976942392,0.00159897801007471,-1.06965332277482,-2.88496242827176
AT5G54350.1,50,54,36,2286,1951,3042,411,-5.66600606178802,8.38741583793571,-23.8267409671613,2.33667381915652e-07,1.59116360066373e-06,8.02262166956563,-50.7735792997055
AT5G54650.1,9404,8740,10395,751,855,1183,412,3.37700885540098,11.5236741622697,16.4792258562322,2.25160854232784e-06,6.35486884643844e-06,5.76480283449075,10.3891725913844
AT5G57900.1,5111,4650,5689,195,157,112,413,5.07951357598602,9.78597997289551,22.0427066431948,3.77624912355395e-07,2.05064667595525e-06,7.5638984741047,33.813174809693
AT5G58030.1,2258,2191,2275,140,182,142,414,3.85888765106632,9.2011513346869,24.8965086151156,1.78163614190554e-07,1.38212138625231e-06,8.27617500673341,14.5091153310581
AT5G58550.1,2067,1761,2019,232,82,154,415,3.75393609186635,9.04875137302499,10.106585745446,4.28788862273845e-05,7.9978444311078e-05,2.58854019942226,13.4911001254834
AT5G58760.1,511,502,649,201,200,206,416,1.43865345543043,8.38691010485856,9.38232626945656,6.6460988840296e-05,0.00011733236301435,2.10357560094141,2.71067745334276
AT5G58840.1,27860,26693,32593,21999,21387,23812,417,0.371104822575459,14.6352829544026,2.58712072299286,0.0399817709480271,0.0473817119798443,-4.96578229263097,1.29334289950005
AT5G60440.1,1327,1528,1498,1146,1485,1206,418,0.188372917782043,10.4068791379942,1.18560656566306,0.279008251858821,0.30302415201882,-6.86049192487037,1.13947787927313
AT5G60760.1,1761,1547,2146,1157,1386,1587,419,0.399709211155933,10.6159102080632,2.06314741484071,0.0829443973121016,0.0943850038379087,-5.71762384935479,1.31924197826267
AT5G62140.1,2263,1845,1983,5,6,53,420,7.2672788219741,7.34937438596779,8.75557416377516,9.95554469579068e-05,0.000167487398999773,1.65473069850838,154.052557367022
AT5G63740.1,102,113,146,214,284,110,421,-0.659454646269117,7.23608161852933,-1.80450228414675,0.119359196207801,0.134396575257602,-6.078631211407,-1.57948544893685
AT5G64400.1,6304,6002,6687,809,906,952,422,2.83267949923764,11.210696163689,20.731664818292,5.50879276176694e-07,2.44103948634751e-06,7.1947822756762,7.12396041132327
AT5G65160.1,2782,2904,3260,140,63,75,423,5.07678916717652,9.00088753886906,16.5487645245513,2.19442148301671e-06,6.23448222658389e-06,5.79158876953727,33.7493817126545
AT5G65870.1,1610,1301,1680,12,25,15,424,6.43815969494206,7.35270632623176,22.9101142212101,2.97659228788524e-07,1.80246578078559e-06,7.79283413828442,86.7119963607249
AT5G66100.1,1575,1334,1858,307,180,445,425,2.43248485775078,9.40541987144153,7.08163147019191,0.000335658267273419,0.000501733089408699,0.298430978853191,5.39822405570529
AT5G66250.1,2159,2082,2044,76,91,157,426,4.33500620133052,8.86554618230827,15.620015862022,3.12179455499828e-06,8.05036756329036e-06,5.42276877661928,20.1821252926626
AT5G66750.1,1576,1325,1662,368,340,418,427,2.01449769646882,9.55788597116238,12.6578893014443,1.11714096622998e-05,2.37254195303299e-05,4.06064546118396,4.04039879425986
AT5G66910.1,3725,3288,3557,122,103,132,428,4.88181979602089,9.34032211767095,32.1356441009613,3.67085637654432e-08,9.44244886814719e-07,9.65931655775061,29.4831710479585
AT5G66985.1,109,68,61,1,0,1,429,5.61469349356323,3.47401341344828,15.7563817410699,2.96066725346949e-06,7.76843808917122e-06,5.47846082046697,48.9994446695358
