AT1G01530.1,984,1393,1019,63,148,24,1,4.17344116227804,8.04106215121798,7.48933132795667,5.57506944859978e-05,8.39440114694112e-05,2.07456620999039,18.0439234091512
AT1G02580.1,183,221,229,127,237,213,2,0.175727707880801,7.63329210384343,0.6425693771957,0.537738503705992,0.563345099120563,-7.1315715727846,1.12953400787964
AT1G02940.1,9256,12611,10345,2666,2912,2073,3,2.07604388766673,12.3405193686682,9.10994551134856,1.27680334044989e-05,2.09798391210854e-05,3.64767220109722,4.21649395954064
AT1G04540.1,725,852,714,93,114,134,4,2.74837753376898,8.19982026677544,12.6019758891356,1.00522450601776e-06,2.38364613403014e-06,6.31337840380627,6.71961014453634
AT1G06470.1,3133,3554,3602,157,237,169,5,4.2054722659278,9.63873261550482,18.5707668445994,4.37063852315724e-08,2.70433258620354e-07,9.44021296044927,18.4490198432988
AT1G07690.1,139,137,135,96,113,78,6,0.529562236814833,6.84364231991707,2.5033019492319,0.0355766512778958,0.0428217443952788,-4.75268193297302,1.44349112431874
AT1G07705.1,4006,5348,4729,1022,1302,952,7,2.10614684959343,11.1339214922045,9.4783108084331,9.41472210583593e-06,1.57975845504705e-05,3.97098939096665,4.30539871639982
AT1G08030.1,447,457,398,12,31,45,8,4.02093399072626,6.7518008867625,9.58637047590364,8.62614827601879e-06,1.46607498596714e-05,4.06367033753257,16.2338579620594
AT1G08065.1,201,318,181,20,60,44,9,2.55617029334801,6.54972109889778,6.32525642892195,0.000188629956960012,0.000271627138022418,0.767287265122665,5.88144354049946
AT1G09380.1,194,320,268,135,158,166,10,0.740390691473262,7.63154537540621,3.06127904372658,0.0147759893944883,0.0181154544898371,-3.85898531489797,1.67062819490041
AT1G09550.1,2442,3548,2856,2251,3790,2899,11,0.000243096703805179,11.5091852277363,0.000934455877814034,0.999276346393673,0.999276346393673,-7.35627932245374,1.00016851599207
AT1G10010.1,466,679,449,457,776,759,12,-0.306793105923735,9.18354684198333,-1.08136832366261,0.309763030082734,0.335153442384598,-6.74617166955409,-1.23695507665695
AT1G10190.1,9627,12434,10095,17770,20558,16917,13,-0.784785205389142,13.7712711055483,-3.78352096893336,0.0049539032037074,0.00636930411905237,-2.71952911827428,-1.72283579716309
AT1G11420.1,229,393,326,58,127,135,14,1.61686093509555,7.46513243108517,4.47887226579247,0.00184885986630817,0.00244049502352679,-1.67587062483382,3.06706966274871
AT1G11580.1,26267,38265,20054,42,93,45,15,8.8973510015392,10.2834806882485,24.5969602090012,4.34343015649503e-09,8.19046829510491e-08,11.5461664364081,476.836545935805
AT1G11810.1,51,76,97,134,202,226,16,-1.32892129952524,6.85843935074635,-4.37396750283087,0.0021356244001946,0.00280965867932578,-1.82921677702719,-2.51214771834834
AT1G14230.1,3278,4555,3846,163,279,176,17,4.26255658691725,9.78275848400731,16.0811575434749,1.41193084075863e-07,5.59124612940417e-07,8.29941995201728,19.1936420353048
AT1G16290.1,135,179,190,103,97,55,18,1.01141342710062,6.87987487498828,3.50758485664122,0.00746420469194486,0.00932436926817087,-3.14969379746942,2.01588512184813
AT1G17950.1,588,678,676,1,0,3,19,8.33746787055006,5.16873393527503,18.8671616738667,3.8398496148669e-08,2.70433258620354e-07,9.56359468425296,323.46546289391
AT1G18250.1,621,734,678,578,949,768,20,-0.1488013516901,9.47761366721141,-0.627215505190011,0.547276792640308,0.571824828194095,-7.1419405063691,-1.10864798056331
AT1G18350.1,1182,1311,1091,390,472,321,21,1.61030181837212,9.41436359210651,7.30802878533011,6.67556947372607e-05,0.000100133542105891,1.88156727679065,3.05315708547808
AT1G19140.1,2514,3292,2473,126,170,161,22,4.16925735390731,9.33342441180122,18.5777848873668,4.35716044646469e-08,2.70433258620354e-07,9.44316253512892,17.9916719230571
AT1G19640.1,2882,3054,2214,125,22,86,23,5.41320579807924,8.68786469084151,9.73807642500218,7.63997117820069e-06,1.3097093448344e-05,4.19218006482735,42.6125297974553
AT1G20140.1,2724,3614,3120,1481,1422,1126,24,1.2310972031016,10.997655761219,5.65761910077328,0.000408100370404743,0.000579239235413183,-0.0607535797529613,2.34745451346097
AT1G20690.1,1425,1568,1511,525,1009,697,25,1.06316284483065,10.0202953534624,4.02445045418769,0.0034930832499928,0.00453528185900705,-2.35088659088519,2.08950736647131
AT1G20730.1,8975,13140,10392,39,28,26,26,8.40739078328057,9.18196092236642,34.2365480614083,2.81284203487605e-10,2.61798079470682e-08,13.7148164499513,339.528950500411
AT1G21670.1,567,601,521,411,494,424,27,0.347389506553005,8.96339617766825,1.77344999409975,0.112498491828486,0.128384446005995,-5.86887631780979,1.27225645100644
AT1G21790.1,460,789,666,21,39,29,28,4.38920814184841,7.09068750730193,14.7654372790103,2.81796379511956e-07,8.71807549115113e-07,7.60975717865745,20.9547897602929
AT1G22015.1,1311,1689,1402,922,1285,1045,29,0.44170997606229,10.2906979551047,2.00583791436624,0.0782869928628661,0.0911813210991029,-5.52662040752997,1.3582132164847
AT1G22040.1,2043,2954,2273,61,141,128,30,4.52065591652665,8.96538485336826,13.4082890733167,6.12169079571167e-07,1.58443761771361e-06,6.82268088892302,22.9537174279823
AT1G22180.1,2211,2615,2399,63,80,60,31,5.14083794859372,8.66061475444603,24.6632767107436,4.24801037937485e-09,8.19046829510491e-08,11.5653415003771,35.2814499899817
AT1G22420.1,923,1004,768,848,1054,700,32,0.0618833180953207,9.7729145461004,0.267345624120025,0.795686207066491,0.807927533329053,-7.31659465372736,1.04382750160545
AT1G22590.1,652,968,671,548,767,493,33,0.343205796143074,9.38293358850855,1.32409456040879,0.220557864601602,0.245339647141108,-6.46918251215922,1.26857234447987
AT1G23360.1,869,1062,912,68,98,63,34,3.63846248179788,8.06519159985153,15.4922718212273,1.91063114171041e-07,6.75544582247609e-07,7.99898886358996,12.4533543313997
AT1G27000.1,9112,11386,10271,590,594,419,35,4.27241140995499,11.1822076036572,18.9619709849091,3.6855816630258e-08,2.70433258620354e-07,9.60255367751719,19.3251995998529
AT1G27130.1,10861,12838,12184,31,80,36,36,8.02625420940951,9.52956156087595,23.2854373377044,6.82369848727865e-09,1.08087384038494e-07,11.1513156678415,260.701343852039
AT1G28460.1,98,154,129,160,496,396,37,-1.33105509281252,7.64147715920036,-3.24104068630157,0.0111927436832816,0.0138078707120858,-3.57176313267269,-2.51586601628915
AT1G29080.1,511,752,639,900,1401,1072,38,-0.81921804700713,9.70242040669,-3.2796701370504,0.0105490107566518,0.0131365039611136,-3.51027091597342,-1.76444938677326
AT1G32120.1,3668,4522,4170,456,696,671,39,2.77901014768798,10.6139659484124,11.8146108979552,1.67900522411068e-06,3.57465628359048e-06,5.78219460955733,6.8638125222278
AT1G34170.1,1009,1185,1074,422,423,326,40,1.48552256116025,9.3446216583072,7.1603631625113,7.75008229041183e-05,0.000115377164924928,1.72159575640386,2.80018580785155
AT1G34180.1,456,773,685,373,397,438,41,0.630902889136214,8.96931684789032,2.55569919460149,0.032736375017976,0.039765657997296,-4.6692405254662,1.54853381710188
AT1G34650.1,86,127,159,1527,1884,1358,42,-3.70041192874103,8.77182982794921,-13.5888296086667,5.49889930656105e-07,1.48133613972665e-06,6.93225884155965,-12.9997495945357
AT1G35660.1,4023,6252,5585,726,782,589,43,2.90303201817892,10.8925997409094,12.0509654366907,1.43482548788753e-06,3.13917620554398e-06,5.94536862233032,7.47996758541232
AT1G43020.1,189,293,188,4,0,4,44,6.22930472920455,4.66260442786052,10.6566770038907,3.78574124065631e-06,7.13882633952333e-06,4.93246335321649,75.0252714837384
AT1G43800.1,345,1127,618,5,17,19,45,5.59038652739965,6.48746512938344,10.2548601808637,5.11233383492976e-06,9.32942027019439e-06,4.6163881283072,48.1808028069332
AT1G44090.1,970,1489,1114,1143,1389,1049,46,-0.0165540071221244,10.2040277020865,-0.0698361878308087,0.945967201738222,0.950769065706437,-7.35356102572181,-1.01154044638263
AT1G44130.1,3857,5149,4364,4037,6035,4264,47,-0.0871240761799843,12.1554820659313,-0.367418697428913,0.722442533468246,0.737338255807797,-7.28160686737245,-1.06225053935785
AT1G44750.1,8455,12027,9389,223,381,335,48,5.00655902787524,10.7623132382283,18.9059766562346,3.77583656818692e-08,2.70433258620354e-07,9.57957395759452,32.1458151074029
AT1G48910.1,54,65,43,235,362,291,49,-2.43036929823907,6.97691313295967,-9.71700820548211,7.76912084537433e-06,1.32610855808976e-05,4.17444408303308,-5.39031393283717
AT1G49290.1,23,41,94,1903,3268,2535,50,-5.77688497446125,8.40415433117425,-12.4068279683916,1.1383631408041e-06,2.56131706680922e-06,6.18497633278108,-54.8296733814577
AT1G49600.1,511,664,576,291,490,405,51,0.584966116218048,8.89072962156899,2.34699968796037,0.0456095095352469,0.0542383356635368,-5.00000734738428,1.50000375911193
AT1G52460.1,45,77,78,2,1,1,52,4.84259414079174,3.61628457063625,16.7776351799916,1.0004299975892e-07,4.50193498915141e-07,8.63870270747452,28.6923482375403
AT1G53520.1,875,1341,945,332,540,477,53,1.23030747675397,9.4017303913366,4.59294674286269,0.00158345791023096,0.00210419239077671,-1.5108690034026,2.34616987649717
AT1G54170.1,2786,3596,3155,370,390,309,54,3.15284421401675,10.0505636334092,15.0669965062984,2.3932856648225e-07,7.76836986286648e-07,7.77381098540554,8.89407280304163
AT1G54570.1,379,515,409,36,35,38,55,3.53192745910871,6.98755725819886,17.1451246010166,8.38673996819981e-08,4.10018398445324e-07,8.81111203029663,11.5668767416659
AT1G55050.1,634,997,833,117,202,97,56,2.60490784992641,8.35668352851728,8.31044964442894,2.56645319416743e-05,4.00765927642102e-05,2.9041155159791,6.08352642404133
AT1G55560.1,487,310,280,2863,3471,3502,57,-3.22460261819879,10.0609461184042,-12.5102494340964,1.06551102108136e-06,2.45315328109429e-06,6.25328382336878,-9.34764288100935
AT1G55920.1,4125,5149,4486,70,162,58,58,5.69710065614106,9.3089231024364,15.508562287585,1.89443712076908e-07,6.75544582247609e-07,8.00747456798343,51.8797871742614
AT1G57590.1,247,367,269,2,1,2,59,6.79488295401747,4.78741647748951,26.4494070198457,2.38480914754312e-09,6.77359171229683e-08,12.0553901047604,111.035943233653
AT1G59670.1,470,674,470,162,161,134,60,1.79750547899907,8.15388399088838,7.91248811803788,3.70831908207056e-05,5.66986238030866e-05,2.51091079878244,3.47618648338579
AT1G59800.1,406,468,393,213,366,259,61,0.62696995465506,8.40797532808514,2.53649486039451,0.0337497723835266,0.0407466764142578,-4.69984814647982,1.54431810411745
AT1G59890.1,2428,3086,3292,2373,2984,2688,62,0.124616621059795,11.4454661357522,0.578731542795938,0.578038769430063,0.600796201297388,-7.17317682134089,1.09021798178767
AT1G59930.1,207,302,230,107,35,36,63,2.22036562459846,6.82160476871081,5.28664498994691,0.000642768471303947,0.00088688611371555,-0.547579154731674,4.66011521696563
AT1G60220.1,10572,15164,13043,3085,4352,3169,64,1.87268999794621,12.7062062577682,7.87697884942521,3.83484453719041e-05,5.84076321818232e-05,2.47503327925878,3.66214774961838
AT1G60400.1,35,17,57,587,790,534,65,-4.23092343752849,7.18140538476831,-10.5021209425867,4.24441861670391e-06,7.89103179443544e-06,4.81226056612178,-18.777374328431
AT1G60440.1,2135,2389,2250,77,61,85,66,4.9179926306862,8.68095074332684,23.4771843642048,6.37786398066801e-09,1.05234755681022e-07,11.2109591521549,30.2317508871558
AT1G61330.1,1731,2154,1831,2620,3291,2652,67,-0.581053354059536,11.1808263959631,-2.7956249219441,0.0223961648358971,0.0273730903549854,-4.28517898198962,-1.49594108055549
AT1G62340.1,4465,6046,4786,3199,4372,3006,68,0.539768171587951,12.0340084109373,2.29711316675635,0.0493725171624629,0.0585374754381297,-5.07831281396271,1.45373889548792
AT1G62660.1,3686,4239,3849,658,882,746,69,2.37111808852275,10.75068194941,11.5264491134087,2.04147612056116e-06,4.23258923425247e-06,5.57872742022114,5.17341916868461
AT1G63010.1,7660,8735,8079,425,375,394,70,4.35373546983326,10.8152035065726,22.8765980255674,7.89551523658973e-09,1.1166514406034e-07,11.0218527444215,20.4458405521622
AT1G63090.1,10841,13591,12171,334,450,448,71,4.89683983464764,11.120277431771,22.5041172299401,9.03798589567254e-09,1.14548855015385e-07,10.901114089554,29.7917266282232
AT1G63220.1,8272,10573,8850,604,768,577,72,3.83049880753608,11.2494350046429,17.7423548285837,6.34430116907999e-08,3.45045769386358e-07,9.08210267254206,14.2264007843662
AT1G64630.1,3666,4862,4149,451,514,415,73,3.19262124848172,10.4393263917831,15.2277668670376,2.19641774540159e-07,7.28650580595141e-07,7.85977243456806,9.14270612857532
AT1G64750.1,11550,13643,12864,1090,1304,1119,74,3.43744017198469,11.908904250901,17.4207308845908,7.36490172462182e-08,3.89142244183268e-07,8.93755256654256,10.8335951011061
AT1G65300.1,2896,3801,3148,1949,2529,2086,75,0.584056621558625,11.3791599652388,2.7243051751306,0.0250637353844766,0.0305391975761622,-4.39957502807682,1.49905843425792
AT1G65330.1,203,414,301,1526,2754,2122,76,-2.81613733287663,9.6106678689486,-8.7092130199977,1.79987392074392e-05,2.87399222828464e-05,3.28241464540308,-7.0427424886095
AT1G65360.1,53,49,42,1570,2337,1619,77,-5.21509877698585,8.21588553737302,-22.4058239192264,9.36950989476784e-09,1.14548855015385e-07,10.8687984252287,-37.1450683842157
AT1G66630.1,156,156,97,860,1045,861,78,-2.77604309361147,8.45600532743856,-11.1287198311739,2.69328613412633e-06,5.33270654557014e-06,5.28938153715458,-6.84971087565448
AT1G67500.1,2800,3811,3223,481,707,593,79,2.46929356446623,10.4329181179377,10.6582016866252,3.78150007079651e-06,7.13882633952333e-06,4.93364075338561,5.5377255846986
AT1G67820.1,1091,1330,1559,16200,20935,14786,80,-3.70371763667312,12.2113195885303,-15.8123923222848,1.61880826071983e-07,6.22376768199079e-07,8.16389914330576,-13.029570620538
AT1G67830.1,1362,1826,1864,6599,9547,7733,81,-2.23781384290749,11.8231704816455,-9.53520692663146,8.98998473479585e-06,1.51490806594858e-05,4.01990803469714,-4.71681769867674
AT1G69530.1,4397,4754,4776,35,16,26,82,7.50915844373935,8.42533767015505,26.2582406192342,2.53212284439716e-09,6.77359171229683e-08,12.0052746915198,182.172128962748
AT1G69860.1,321,454,339,306,382,323,83,0.128961706386209,8.45886266325302,0.58046196003276,0.576924365914227,0.600796201297388,-7.17210171036389,1.09350643203744
AT1G70560.1,26,51,52,161,254,102,84,-1.94581876401965,6.36732527363241,-5.01219082773605,0.000910694295455921,0.00123505116781008,-0.92041035458463,-3.852563574282
AT1G70580.1,2132,2940,2442,116,287,178,85,3.77036398973497,9.39321716096415,11.3907067421429,2.24178265947786e-06,4.60238867538301e-06,5.48110684980872,13.6456005980187
AT1G71940.1,1524,1912,1689,72,54,76,86,4.65368380125123,8.40616550499214,21.1090335968412,1.52966621928807e-08,1.44225672104304e-07,10.4238053761786,25.1708808875773
AT1G72540.1,138,111,171,99,48,70,87,0.981415865362863,6.6268123171463,3.25277788617927,0.0109929094744687,0.013603725474655,-3.55306932224809,1.97440214282565
AT1G72580.1,513,826,565,494,871,711,88,-0.117725386504423,9.33953813031789,-0.411604598101896,0.69098924552474,0.707058762862524,-7.26275730373779,-1.08502282076663
AT1G73500.1,1021,886,2267,41,32,22,89,5.32563373399556,7.64957469972919,13.7932712484554,4.87748327264093e-07,1.35068767550056e-06,7.0544676668778,40.1028741943675
AT1G73560.1,5549,7958,6290,3979,5736,4294,90,0.500880409927875,12.4214655163335,2.09885908723884,0.0676056963285784,0.0789730257997553,-5.38538024932758,1.41507685476136
AT1G76250.1,16827,22070,19546,263,278,297,91,6.11180537084197,11.1851306693043,30.2539520461608,7.84334539937566e-10,4.43709254021823e-08,12.9509624414117,69.1570953489619
AT1G76290.1,1027,1372,1200,969,1194,1050,92,0.158859367047276,10.1401572814919,0.756438582526784,0.470181819694826,0.501865230725475,-7.0477040640466,1.11640413034639
AT1G77000.1,1076,1721,1232,90,227,189,93,3.06002959454983,8.83352821817305,8.4413598950263,2.28084478149031e-05,3.59846427677356e-05,3.02999446697162,8.33989716444376
AT1G78830.1,7163,11209,17617,241,139,285,94,5.71859774222093,10.5953047347764,14.9100021144452,2.60471156988963e-07,8.25172625341033e-07,7.68886680648038,52.6586175724883
AT1G79530.1,14061,17889,15325,640,673,711,95,4.53785159256,11.6677653825357,22.8849475367627,7.87182664706239e-09,1.1166514406034e-07,11.0245284136294,23.2289428360502
AT1G80190.1,821,1192,906,259,391,281,96,1.65056754745433,9.08416011024132,6.6534487757374,0.000131720177477624,0.000191066631066443,1.15268244872268,3.13957123690987
AT2G02960.1,5716,7553,6505,152,238,150,97,5.21165445347219,10.0713803567356,20.8270519459474,1.70828040386061e-08,1.53745236347455e-07,10.3222321283011,37.0564931640361
AT2G03090.1,5160,4890,4704,516,515,552,98,3.21764809208828,10.6542851780351,17.2757256159807,7.88402329932156e-08,4.00265798273248e-07,8.87132877284384,9.30269090624932
AT2G03190.1,2613,3295,2774,3014,4373,3708,99,-0.344226111745025,11.664385058907,-1.54223257914519,0.160004041469813,0.181033144062988,-6.18985122500544,-1.2694698328092
AT2G03770.1,690,1083,974,588,735,580,100,0.511956405695701,9.55867158061185,2.13083660385249,0.0642719465068551,0.0753008604044811,-5.33636604652702,1.42598262741231
AT2G04032.1,241,234,178,120,212,136,101,0.509197006880963,7.50513348359414,1.89780881510631,0.092734636494197,0.106752662940994,-5.68780039649537,1.42325780059851
AT2G04750.1,227,264,188,88,262,168,102,0.509816377098496,7.56008547406288,1.35484715443951,0.21097067606259,0.236514343485425,-6.43139921384004,1.42386895730257
AT2G07040.1,114,104,90,434,426,433,103,-2.06566162466395,7.72200754860171,-10.5804063388748,4.00480607566537e-06,7.51612893821557e-06,4.87335670679469,-4.18625915115426
AT2G13560.1,58495,76538,64895,1979,2112,1788,104,5.08150009487908,13.4745165270908,24.8243243877483,4.02589461027152e-09,8.19046829510491e-08,11.6116033016922,33.8597659291869
AT2G15280.1,4414,5790,5279,427,330,299,105,3.87771454485572,10.3858483003293,17.1771742789096,8.26013903202886e-08,4.08876882085429e-07,8.82593985491071,14.6996973300917
AT2G15325.1,1248,1566,1489,845,960,678,106,0.800423201097207,10.0802696799281,3.63724014581712,0.00614867470445672,0.00777915393918486,-2.94659766126177,1.74161193724091
AT2G15660.1,28,67,70,1,33,18,107,2.25326686706289,4.57176355176275,2.42683814923797,0.0401732815112796,0.0480622944968783,-4.87400924852829,4.76761212081536
AT2G17750.1,1521,1634,907,274,232,96,108,2.83532975197549,8.94012714107222,6.83964324716742,0.000108043254144795,0.000157878703473575,1.36528265440151,7.13705926268676
AT2G17990.1,3069,3759,3477,316,497,368,109,3.14292137862042,10.1700666787328,13.4647610487757,5.91881521504166e-07,1.562567216771e-06,6.85712540560132,8.83310939340156
AT2G18280.1,4173,5434,5091,128,129,130,110,5.2274259463289,9.6360523298275,26.2163404741096,2.56575443647607e-09,6.77359171229683e-08,11.9942184293778,37.4638158425095
AT2G18880.1,586,755,554,49,36,15,111,4.34083117438831,7.12151877232871,10.9103488535423,3.14764669153717e-06,6.11013769533686e-06,5.1261429424896,20.2637766334812
AT2G19400.1,499,560,579,52,110,91,112,2.7438840194385,7.72057476870936,9.43780752003966,9.73065167152721e-06,1.62588103878683e-05,3.9360015673962,6.6987133581411
AT2G19430.1,716,860,841,79,151,73,113,3.05802206173508,8.12211402218751,10.2730640065352,5.04211810162e-06,9.24388318630334e-06,4.63096123572154,8.32830013711025
AT2G19480.1,5758,7444,6435,1196,1507,1221,114,2.3223168769527,11.5073773451533,11.0221592157873,2.9051745905191e-06,5.6952927616117e-06,5.21012084717648,5.00134759753151
AT2G19500.1,5522,6763,5423,2929,3816,2873,115,0.885428684211627,12.0772985977666,4.09285430686706,0.00316797718567935,0.00414032661890767,-2.2475264158207,1.84731345294794
AT2G20160.1,755,863,824,2342,3456,2689,116,-1.7791521163506,10.5580361366812,-8.12887957336265,3.03030618643199e-05,4.68750488213699e-05,2.7267138216848,-3.4322439950783
AT2G20780.1,2956,3326,2685,83,83,86,117,5.13119664234146,8.97479110163948,26.5291017928086,2.32624752703187e-09,6.77359171229683e-08,12.0761248697698,35.0464556448191
AT2G21420.1,562,589,382,12,36,10,118,4.85114604528235,6.54868125677696,10.9648578255666,3.02673691131883e-06,5.9043734821786e-06,5.16718795248798,28.8629337804095
AT2G21930.1,40,34,2,79,79,30,119,-1.8420849926258,4.94497500374097,-2.00126537528687,0.0788520834360372,0.0915701614095916,-5.53350789812157,-3.58527800938449
AT2G23990.1,3448,4886,3859,3242,4318,3327,120,0.160348769019681,11.8935192604445,0.701086525106796,0.502310543934437,0.531858222989404,-7.08998787692576,1.11755727294774
AT2G24740.1,1975,2115,1758,242,170,135,121,3.44863435047622,9.20102646181878,13.5525630936167,5.61810448562208e-07,1.50322255155834e-06,6.9103730170537,10.9179822413983
AT2G25700.1,251,361,223,608,1100,725,122,-1.52474739227524,8.85720060701786,-5.23054072953675,0.000689621709917326,0.000944948778987063,-0.622912398058814,-2.87736330590537
AT2G26280.1,3268,4144,3420,417,478,351,123,3.12043994682131,10.2504441722288,14.4472552216944,3.3594510542558e-07,1.00836268273353e-06,7.43256004740598,8.69653048458836
AT2G27040.1,23582,30144,25337,1733,2151,1741,124,3.81207544074988,12.7719975385007,18.2132083187408,5.12311273136139e-08,2.90753185195726e-07,9.28809249040288,14.0458832234567
AT2G28380.1,4175,5051,4139,214,287,363,125,3.97334916050456,10.1286454106624,16.1162834299553,1.38714493742758e-07,5.59124612940417e-07,8.31693818030938,15.7071459991765
AT2G28700.1,178,200,134,120,137,162,126,0.278522405736726,7.26463315229631,1.18991323585187,0.26680110682844,0.290256149186984,-6.62718819159966,1.21295195438213
AT2G30160.1,1621,1983,1765,49,155,139,127,4.11516087222356,8.74376091130576,10.0430301303359,6.01448238378892e-06,1.07285361440559e-05,4.44498447195215,17.3295330044683
AT2G31360.1,45394,64672,51140,1474,1893,1509,128,5.03975391900466,13.1778945224415,22.4117833115174,9.34902735483064e-09,1.14548855015385e-07,10.8707631501166,32.8940312280962
AT2G32370.1,645,999,1008,4345,5379,4306,129,-2.42381514213492,10.9718692705549,-9.86962253919243,6.88554138928718e-06,1.20689964015355e-05,4.30212279429069,-5.36588130520975
AT2G32750.1,8020,11606,9887,841,1083,733,130,3.47475840736526,11.5105331094371,14.4453584365097,3.36300908932454e-07,1.00836268273353e-06,7.43149079284978,11.1174838772962
AT2G32990.1,626,571,557,7,7,9,131,6.08479539550742,6.14970706271616,30.3390335503616,7.66297024469544e-10,4.43709254021823e-08,12.9689756940739,67.8743887494175
AT2G34200.1,928,1289,1086,68,39,30,132,4.63139249988939,7.77724587062883,14.8002661088967,2.76486056604021e-07,8.62114003269231e-07,7.62889528917128,24.7849509726484
AT2G34260.1,1125,1248,1204,216,215,222,133,2.44700922342575,8.99595082322229,13.1788304751862,7.02962698331694e-07,1.76185587683133e-06,6.68111375531156,5.45284529010306
AT2G34440.1,88,92,100,17,40,53,134,1.46357973886745,5.82591137217501,3.86512600496363,0.0043969833966846,0.0056716789090785,-2.59389099535694,2.75791833724141
AT2G34880.1,317,446,405,47,76,71,135,2.58689195026483,7.3006706560852,10.1143415558794,5.69240302909122e-06,1.02931123265759e-05,4.50306425804396,6.00802972331643
AT2G34890.1,167,219,155,47,30,59,136,2.00434331614971,6.48418812698037,7.0071270169942,9.07062554493392e-05,0.000133861961874234,1.55288972479244,4.01206037448924
AT2G35010.1,7945,10778,9150,681,717,653,137,3.75234923383291,11.2943795463649,18.3269953521769,4.86900059611764e-08,2.87779736725759e-07,9.33689785172379,13.4762690693973
AT2G35670.1,1456,1580,1225,66,184,91,138,3.75803915702753,8.58603044752413,10.4725920178083,4.33890464321895e-06,8.02900111548928e-06,4.78910171750578,13.5295238057534
AT2G36310.1,5970,7297,7228,149,250,220,139,5.06945262009243,10.1974812446589,20.4245641001452,2.0050096206591e-08,1.72605176039349e-07,10.1741009291583,33.5781913946448
AT2G37390.1,426,598,505,1,13,3,140,6.71338103501533,5.6258088248602,11.0944306326525,2.7595308482251e-06,5.43668764127929e-06,5.26395869885617,104.937101406967
AT2G38220.1,2554,3483,2698,1079,1426,1214,141,1.22717331029032,10.8810285934851,5.54058730754608,0.000470027877872116,0.000657849410183372,-0.21222723775495,2.34107849873872
AT2G39220.1,5357,6198,5937,118,148,139,142,5.42593024391983,9.79405488886494,27.1986459740842,1.89310607799449e-09,6.77359171229683e-08,12.2467429330318,42.9900309519417
AT2G39300.1,196,318,237,18,39,20,143,3.29070305513983,6.29940920460648,10.0465988806319,5.99789120612818e-06,1.07285361440559e-05,4.44790025387668,9.78588992635271
AT2G39650.1,992,664,2455,30,90,64,144,4.37019883989103,8.01321900781685,8.213145742924,2.80440842633959e-05,4.35508132090384e-05,2.80945619360301,20.6804953894723
AT2G40030.1,5809,8668,7784,514,380,490,145,3.99693287202657,10.8390181106395,16.8265675890329,9.7700476433065e-08,4.49876612412718e-07,8.66191633296432,15.9660205946999
AT2G41040.1,69,52,98,3,45,4,146,2.88035668021447,4.72200835708869,3.51421418788234,0.00739018620567464,0.00926111942230113,-3.13927061147264,7.36332142781777
AT2G43660.1,4718,6438,4953,3205,3778,3139,147,0.661456062275956,12.0463601502025,3.07860981943183,0.0143835399889595,0.0176890740236893,-3.83123120037746,1.58167815156501
AT2G43670.1,5396,7764,5754,4874,7235,4651,148,0.185171272216035,12.5111851619809,0.723260021036979,0.489276433362865,0.519446293865133,-7.07338901543713,1.13695194058155
AT2G43690.1,160,301,256,12,17,2,149,4.70653964877634,5.50504556448969,7.72061735933298,4.45172999417821e-05,6.72856899883425e-05,2.31545929506012,26.1101646249013
AT2G45110.1,6111,8953,7098,779,1049,795,150,3.07300566085879,11.2965456793783,13.1130849084169,7.31674899882442e-07,1.82228465631099e-06,6.64006774059631,8.41524725338328
AT2G46650.1,227,399,219,8,0,7,151,6.02939363867394,5.07133848648441,7.92817935339141,3.65388498765761e-05,5.60828858570703e-05,2.52672259495502,65.317317560642
AT2G46990.1,445,414,249,18,13,10,152,4.6496458855594,6.16306096082586,15.3756586821342,2.03116861426785e-07,6.99428496739191e-07,7.93794709901912,25.1005293655839
AT2G47230.1,1116,1481,1387,227,260,278,153,2.3708725776012,9.1804087296552,11.2709192967273,2.43682909432259e-06,4.9051031943619e-06,5.39399304421795,5.17253885593284
AT3G01060.1,1284,1272,1051,89,274,241,154,2.72216139841954,8.86574874654853,6.76622919079775,0.000116767788773173,0.000170000163066825,1.28196992861205,6.59860655257305
AT3G01240.1,190,167,119,350,418,553,155,-1.46774632454336,8.02608544441269,-5.54010014330347,0.000470306202398288,0.000657849410183372,-0.212861806172983,-2.76589487571968
AT3G01270.1,593,470,495,2323,2647,2557,156,-2.27526120943098,10.1536634983156,-11.3898699886911,2.24308336956798e-06,4.60238867538301e-06,5.48050149725153,-4.84085274578224
AT3G04100.1,321,359,339,97,158,64,157,1.76073343271799,7.53035358716834,5.53750655786046,0.00047179099114161,0.000657849410183372,-0.216240712818761,3.3887035499609
AT3G06860.1,7800,9524,9021,1090,1551,1367,158,2.72565918742499,11.7325631748447,12.4939479500439,1.07664108653995e-06,2.46445011716659e-06,6.24255601550888,6.61462416862987
AT3G07190.1,2667,3703,3223,107,167,150,159,4.50181256623516,9.37944283787335,18.3590332181181,4.80001595094935e-08,2.87779736725759e-07,9.35057240854024,22.6558633888989
AT3G08040.1,342,262,250,36,43,45,160,2.74669345636421,6.77082904162319,12.6320399138543,9.8629974922896e-07,2.35285964273896e-06,6.33297585463735,6.71177082922601
AT3G08620.1,1928,2984,2354,274,500,394,161,2.65366684800991,9.89272123889552,9.40316280600154,1.00102359141891e-05,1.66556866471382e-05,3.90596589939488,6.29264627599815
AT3G09340.1,71,117,67,142,167,217,162,-1.06011406409319,6.91006732939809,-3.77135370115388,0.00504317595821954,0.00646309928626193,-2.73832694462627,-2.08509636956633
AT3G10900.1,890,1436,1128,631,831,851,163,0.563341884069411,9.86131430421605,2.26994694468913,0.0515497007871693,0.0609363627215493,-5.12080004323472,1.47768819870135
AT3G11200.1,5012,5819,5468,414,541,388,164,3.61086013025465,10.5996777026521,16.910295303559,9.3832908857873e-08,4.42355141758544e-07,8.70145248603924,12.2173554497501
AT3G11490.1,721,850,875,67,68,114,165,3.32072668640048,8.00752245952453,12.8465754041488,8.62227839327209e-07,2.09473757284402e-06,6.47142369558903,9.99167593737086
AT3G11740.1,124,54,82,86,116,130,166,-0.408182595811971,6.57815244108388,-1.26399176180041,0.240365389788806,0.265879034514993,-6.54137320765784,-1.32701308440478
AT3G12110.1,5999,7462,6171,313,361,312,167,4.30777453994408,10.5153824309412,21.4248065929987,1.35399287592363e-08,1.41100310227831e-07,10.5354538640878,19.8047493846847
AT3G13280.1,61,83,53,122,69,63,168,-0.323465428985035,6.19553312626889,-1.0658344192892,0.316335440301202,0.341331973730998,-6.76250643983547,-1.25133270843437
AT3G13400.1,347,314,338,3773,4631,5953,169,-3.81721625815179,10.2910391215333,-16.7933347826097,9.92846548478105e-08,4.50193498915141e-07,8.6461593260037,-14.0960228035641
AT3G14205.1,9227,10785,8929,890,1202,996,170,3.23332227470198,11.6143785517164,15.3303961041072,2.08022151161409e-07,7.10144584999294e-07,7.91411236842851,9.40431116351043
AT3G16320.1,463,717,645,370,463,347,171,0.615003838682481,8.91956854187361,2.54766710528706,0.0331564246749348,0.0401527344687283,-4.68204532670492,1.53156207222635
AT3G16720.1,693,732,1336,43,64,61,172,3.96841641625093,7.79620678880968,13.0479606222096,7.61410192333212e-07,1.87278531778852e-06,6.59919409880092,15.6535331237432
AT3G17250.1,631,836,579,114,78,110,173,2.74969566175693,8.02274338603566,11.2287741451635,2.50988606812557e-06,4.99454715064184e-06,5.36312493237373,6.72575236686997
AT3G18210.1,1008,1353,1163,63,18,5,174,5.91123593714163,7.2332479732924,8.30868282200914,2.57056933386601e-05,4.00765927642102e-05,2.90240509298115,60.1809901046971
AT3G19160.1,50,55,40,305,391,270,175,-2.70563815317152,6.96526316613482,-11.6734339671298,1.84674967013512e-06,3.88996207113567e-06,5.68314338190891,-6.52346357132897
AT3G19350.1,2731,3920,2960,314,476,317,176,3.12489334676903,10.0657588166102,12.3470368006206,1.18300258445718e-06,2.63184844632048e-06,6.14521634048612,8.7234169467928
AT3G21580.1,1367,2051,1682,155,190,185,177,3.24516571127229,9.08991280830482,14.3508486244172,3.54573080989551e-07,1.04784283635718e-06,7.37801668713838,9.48183120993863
AT3G21700.1,123,129,153,11,30,31,178,2.56806395100073,5.79708491253638,6.83966191119278,0.000108041129488734,0.000157878703473575,1.36530375078891,5.93013090100101
AT3G21720.1,182,196,176,0,22,20,179,4.56315927632921,5.25353943110987,4.36553715901052,0.00216066623810828,0.0028331914910294,-1.84160613550771,23.6400187771568
AT3G22810.1,468,529,453,303,303,194,180,0.882218602873357,8.47550441498227,3.67895560172788,0.00577955625156876,0.00735917773511649,-2.8816101457565,1.84320764136965
AT3G23060.1,1660,2293,1928,135,312,132,181,3.44745311278105,9.20131459761858,9.90280145471967,6.7085835169547e-06,1.18598172889021e-05,4.32963768752971,10.9090465664878
AT3G23780.1,6783,9688,8615,1069,1244,1139,182,2.84757060983124,11.590499710681,13.2279079986314,6.82347988705408e-07,1.72108155112957e-06,6.71161220872605,7.19787281241369
AT3G24790.1,388,528,346,591,700,567,183,-0.574309669821927,8.98366887147046,-2.48562737218157,0.0365897958499024,0.0439077550198829,-4.78077649371631,-1.48896482234907
AT3G25250.1,354,333,569,28,23,24,184,3.97446597676492,6.68283288359028,15.5660313909122,1.83851972594597e-07,6.67939276582207e-07,8.03732929276315,15.7193098918209
AT3G25260.1,59540,80513,67089,543,153,216,185,8.02551912830151,12.0513597689473,18.7808504276552,3.98658423583365e-08,2.70433258620354e-07,9.52791512034355,260.568545294986
AT3G25280.1,570,801,760,1270,1385,1112,186,-0.830713243054278,9.87420928996757,-3.76725039535953,0.00507366705581209,0.00648120049710189,-2.74467009726845,-1.77856443599195
AT3G25420.1,2860,4286,3346,2660,3887,3009,187,0.132865416517207,11.6858037316836,0.543783987682903,0.600799739793763,0.621192420256737,-7.19425302962784,1.09646929840463
AT3G25540.1,1283,1716,1501,82,147,137,188,3.64391855162822,8.71963169373213,13.4322756522286,6.03458688626888e-07,1.5825804019619e-06,6.83733020047858,12.5005403359647
AT3G25710.1,653,482,530,13,32,27,189,4.55416343055478,6.83011636976861,13.7153648084554,5.10454806374073e-07,1.38452125564475e-06,7.00812967327677,23.4930713544891
AT3G26590.1,391,542,368,201,220,166,190,1.1323923011209,8.17613559543287,4.84614438111266,0.00113029771658206,0.00152244182233502,-1.15124768259445,2.19221956549479
AT3G26650.1,33268,39441,36548,5261,7479,5721,191,2.57811947112261,13.8599003589827,11.8811992114706,1.60583031922136e-06,3.4560261218025e-06,5.82849897494723,5.97160802797384
AT3G26990.1,3561,5068,4353,508,543,452,192,3.09724367150234,10.5160724782086,14.3300955067455,3.58732072944371e-07,1.05228074730349e-06,7.36622249416964,8.55782199899726
AT3G27640.1,695,903,688,184,384,344,193,1.3803113277347,8.87367187978872,4.52021644093749,0.00174750065358368,0.00231441558133491,-1.6158570814732,2.60324542007088
AT3G27785.1,295,281,244,74,158,73,194,1.51149588187371,7.33946627807325,4.77188912525429,0.0012465517043883,0.00167333720317887,-1.25576218041933,2.85105502203181
AT3G28980.1,129,40,99,63,30,30,195,1.03846112888251,5.82202810469917,2.2489239525489,0.0532995464127715,0.0626680180838315,-5.15359890935716,2.05403551827975
AT3G42830.1,169,244,145,112,176,106,196,0.502200645040318,7.26085082215327,1.75037292874061,0.116575692400026,0.132655098248305,-5.90188610147356,1.41637240869684
AT3G43520.1,7979,10984,9130,806,1301,809,197,3.29242024646831,11.534449021306,12.7051064732767,9.41938752831119e-07,2.27443747634831e-06,6.38040276948837,9.79754467637206
AT3G43540.1,4274,5552,5216,406,534,481,198,3.40153190049846,10.5824890841775,15.8625548171629,1.57775833423881e-07,6.12541470939774e-07,8.189393381632,10.5672780103986
AT3G43920.1,969,1022,1193,145,227,205,199,2.47760112928555,8.80853893138543,10.5204710520845,4.18685577657856e-06,7.82073060153354e-06,4.82662068041518,5.56970581918002
AT3G44370.1,4045,5218,4344,269,268,282,200,4.04134751681375,10.11831915922,20.3464644834165,2.06902911689458e-08,1.74326708572394e-07,10.1449183999316,16.465192989274
AT3G45090.1,8592,10386,8911,1454,1811,1429,201,2.57366699951675,11.8908235362609,12.4685335185753,1.09425242888835e-06,2.49036759678039e-06,6.22580209116137,5.95320675273254
AT3G45870.1,10304,9852,11308,28,39,26,202,8.3759304593595,9.16623076040589,37.585568974942,1.29591201505962e-10,2.56590578981805e-08,14.2493414634824,332.205111033324
AT3G48950.1,4812,6856,5162,6073,8129,6240,203,-0.284985309630652,12.579184787346,-1.22929736513733,0.252462866121005,0.276174848021873,-6.5820111934573,-1.21839785716851
AT3G49500.1,3978,5327,4820,526,436,484,204,3.27923190231632,10.5512791372289,15.6875389884397,1.72625565050904e-07,6.3887592299213e-07,8.10003921485722,9.70838890666244
AT3G49660.1,1433,1681,1524,221,314,307,205,2.47199146695412,9.35613254195449,11.2420867694009,2.48654912575721e-06,4.97309825151443e-06,5.37288779408305,5.54809106137455
AT3G49680.1,3542,5283,4196,457,612,595,206,2.95839922566705,10.5852381369168,12.5668077068736,1.02787745805838e-06,2.42146950246378e-06,6.29039189716771,7.77261052022561
AT3G49730.1,93,182,176,0,6,26,207,4.65855060527454,4.85002277737763,4.67643637329517,0.00141539642652737,0.00188719523536982,-1.39127427895286,25.2559360086049
AT3G49770.1,12,5,5,303,377,365,208,-5.48516835212177,5.69937241592202,-16.9877183889969,9.0408178125657e-08,4.31345042623616e-07,8.73780591356478,-44.7919742949201
AT3G50060.1,12435,14914,32469,372,316,319,209,5.7600773591517,11.2711383280032,16.4524523446957,1.17300751669963e-07,4.94160613418141e-07,8.48238318775024,54.1946058973148
AT3G50720.1,7,3,19,4167,5128,3906,210,-8.98650628785071,7.60056250888781,-17.7367437488244,6.36069221343539e-08,3.45045769386358e-07,9.07960801054111,-507.233523672669
AT3G51895.1,16788,18678,16011,219,116,87,211,7.02668937683921,10.5503967056681,21.3234561233719,1.40779088954745e-08,1.4294492109251e-07,10.499857168757,130.389996191469
AT3G53000.1,462,580,470,60,20,57,212,3.57860341026944,7.18298029029113,8.97389186814928,1.4326170613709e-05,2.31557696450154e-05,3.52528356880388,11.9472229729485
AT3G53370.1,602,695,712,315,299,203,213,1.31723039118274,8.72695678913953,5.6078678689265,0.000433263559084087,0.000612758462133209,-0.124910875009368,2.49187273898008
AT3G54100.1,1739,2447,2323,119,243,198,214,3.5768004110394,9.27981772342472,11.9857606903729,1.49798420173553e-06,3.25935024113884e-06,5.90068016140704,11.9323013307756
AT3G54800.1,236,266,225,242,416,337,215,-0.419992456777209,8.13320227605561,-1.7071112583175,0.124591596929439,0.141370407977243,-5.96322533073792,-1.33792055936507
AT3G55320.1,6031,7567,6833,114,198,155,216,5.47170490956235,9.99169141823127,21.829701020811,1.16085598688012e-08,1.31342563087007e-07,10.6754630850261,44.3759133855087
AT3G55420.1,5964,6390,7970,82,59,82,217,6.49590264984457,9.46694114435641,28.2864505539555,1.36867163139055e-09,6.02215517811841e-08,12.5108807215917,90.2529791762789
AT3G57220.1,1787,2127,1769,222,249,179,218,3.13013660691427,9.31791406376116,14.5534047930101,3.16686849993262e-07,9.72154981374663e-07,7.49215245300918,8.75517858729447
AT3G57270.1,20077,28732,23655,24484,37488,28153,219,-0.307058366656923,14.6980850121688,-1.25542995415489,0.24330495696751,0.268380955317922,-6.55147355495155,-1.23718252997699
AT3G58470.1,1524,2082,1626,467,492,371,220,1.97069060666048,9.77033442568669,8.82089547846547,1.63351017053591e-05,2.61890699405757e-05,3.38567452110907,3.91955700215781
AT3G59640.1,788,1063,676,86,101,116,221,3.03214746389534,8.17798491774888,12.5547947729733,1.0357452346775e-06,2.42146950246378e-06,6.28252470754115,8.18026434118692
AT3G59790.1,2308,2649,2015,2240,2724,1985,222,0.00816389000717876,11.1699543968671,0.0372109115978635,0.971190872564602,0.973649583634386,-7.35550775951476,1.00567481846482
AT3G61740.1,796,1022,885,213,176,129,223,2.39891629425941,8.6099382636339,9.81815925206754,7.17036552976073e-06,1.24905290564636e-05,4.25927406627618,5.27406844554132
AT3G62130.1,729,1030,765,99,105,94,224,3.05371653346386,8.17406901762155,14.2270396536727,3.8020746735315e-07,1.10707468435182e-06,7.3073752637536,8.30348250234429
AT3G62230.1,156,173,142,3442,5105,4654,225,-4.78485271963482,9.69157155365699,-21.2363869069406,1.45592074910101e-08,1.43235218236568e-07,10.4690973806437,-27.5666627700614
AT4G00220.1,2333,3435,2954,21,19,11,226,7.36590778922163,7.80506129935942,25.8212391796144,2.90866999835437e-09,6.81242041950598e-08,11.8886715377935,164.952609313376
AT4G00231.1,5028,7044,5387,764,1218,859,227,2.63166092231613,11.1754941937546,10.4424775082864,4.43767902791491e-06,8.17358555839212e-06,4.765419077013,6.19739069916415
AT4G00550.1,1359,1487,1502,89,189,90,228,3.64422523210093,8.67861373100357,11.7988099250847,1.69690930357022e-06,3.59345499579576e-06,5.77116807959085,12.5031979170961
AT4G00570.1,19739,24533,20396,1357,1986,1522,229,3.74368480823959,12.517290453447,16.6282457805242,1.07591709047488e-07,4.68201283327528e-07,8.56733536642764,13.395576891402
AT4G00690.1,188,297,234,16,22,32,230,3.33416965819414,6.21889113465234,11.2826261738776,2.41695785735896e-06,4.9051031943619e-06,5.40254714510617,10.0852130648146
AT4G00730.1,13866,18826,17005,736,787,785,231,4.4158938964593,11.7965996584997,21.5498292249306,1.29076933052149e-08,1.38147204023381e-07,10.579058712446,21.3460007575879
AT4G00780.1,2907,4045,4240,10,8,6,232,8.70052312797903,7.49583207803525,34.246893931662,2.80579744550368e-10,2.61798079470682e-08,13.7166067325123,416.02405185758
AT4G01840.1,2504,3779,3395,265,219,261,233,3.67810700006025,9.79574188355122,16.0843487390488,1.40965873859434e-07,5.59124612940417e-07,8.30101331665442,12.8003113761263
AT4G02700.1,272,417,338,33,25,52,234,3.22981157406082,6.78684679168195,10.6764260655101,3.73121268552536e-06,7.10365492051944e-06,4.94770151275338,9.3814542311021
AT4G08590.1,2531,3263,2897,804,1047,832,235,1.69696275035059,10.6446282618103,7.94176151718261,3.60748028903975e-05,5.55860776054373e-05,2.54038831438545,3.24217676711166
AT4G09580.1,393,558,446,23,16,26,236,4.37519148978264,6.66336669293631,17.4192175837632,7.37011826104674e-08,3.89142244183268e-07,8.93686485854728,20.7521871419361
AT4G09900.1,2888,3574,2687,129,194,168,237,4.22060729161208,9.45382950015946,18.0278506886398,5.56940644442294e-08,3.10631683379082e-07,9.20778454156126,18.6435836080841
AT4G10160.1,72,67,76,780,820,582,238,-3.31123176076501,7.83697386065759,-15.4202847202074,1.9840659765917e-07,6.89201865552906e-07,7.96136879969417,-9.92613283051713
AT4G10260.1,61,53,63,0,0,1,239,5.56969460418345,3.11818063542506,18.6302405010184,4.25787797409891e-08,2.70433258620354e-07,9.46516526589848,47.4946993161649
AT4G10640.1,2583,3694,2888,255,275,310,240,3.43126942179443,9.84539978653347,15.6973115664868,1.71756437869934e-07,6.3887592299213e-07,8.10505867521509,10.7873561933226
AT4G11130.1,2639,3834,3193,336,466,360,241,3.05091437542288,10.1120367036377,13.0251782376128,7.72128523395677e-07,1.88742527941165e-06,6.58484433779408,8.28737023486188
AT4G11320.1,34,53,31,8,1,5,242,3.04309433898166,3.77317633687865,5.96017775858495,0.000285631882110569,0.000408340163594892,0.322002227117704,8.24257059961712
AT4G11400.1,748,1129,978,3541,5377,4055,243,-2.18098348608771,10.9658564148322,-8.68833004308656,1.83302013539117e-05,2.91516455267029e-05,3.26297834775162,-4.5346257448977
AT4G11940.1,4,18,15,28,99,59,244,-2.27962405739329,4.66309723147363,-3.92530827709732,0.0040291926961679,0.0052142493715114,-2.50173631706598,-4.85551410557093
AT4G12080.1,549,835,769,32,15,29,245,4.8160256203694,7.05844104850702,15.138172529529,2.30379819507853e-07,7.53970318389336e-07,7.81199466879372,28.168788670275
AT4G12140.1,177,195,169,204,344,222,246,-0.470332779957325,7.73511112705177,-1.90199148138375,0.0921307314354772,0.10636667535991,-5.68162283552303,-1.38542900191523
AT4G12590.1,3438,3926,3235,239,266,304,247,3.70890973862562,9.92787218922825,18.2060547176016,5.13957650598506e-08,2.90753185195726e-07,9.28501169614881,13.0765471036711
AT4G13345.1,1104,1371,1119,49,19,36,248,5.16198026236851,7.63940268128127,15.5070006468029,1.89598285906023e-07,6.75544582247609e-07,8.00666154936081,35.8022974155675
AT4G13460.1,15708,20077,17702,3266,3547,2497,249,2.5304130398924,12.8495727850619,11.3569935398919,2.29485978195083e-06,4.68435295697179e-06,5.4566817933251,5.77737059173027
AT4G14690.1,6259,7058,5781,3454,4759,3559,250,0.708556853972601,12.2772375534279,3.26079104481703,0.0108586286128826,0.0134796768987509,-3.54031171900972,1.6341686197867
AT4G15040.1,1658,2189,2125,2108,2796,2100,251,-0.227376385989137,11.0626012619864,-1.01553940737665,0.338359864236376,0.363117903082941,-6.81415017286971,-1.17070402764901
AT4G15050.1,32062,40695,32746,36313,44643,33902,252,-0.121081974625216,15.1539730879793,-0.564171166872066,0.587463188671188,0.608993253177462,-7.18210569588557,-1.08755018422317
AT4G15380.1,159,152,118,0,0,1,253,6.82471123362932,3.74568895014799,22.1274470373767,1.03846015063896e-08,1.20950064603831e-07,10.7762266754085,113.355551199681
AT4G15900.1,3079,4249,3639,605,491,585,254,2.6970797177821,10.4753549733025,12.5435915880412,1.04314317360732e-06,2.42146950246378e-06,6.27518076148083,6.48487927868316
AT4G16760.1,60922,81017,69297,5842,9294,7708,255,3.22470652483143,14.4813735078954,13.3494128629484,6.34149490957544e-07,1.62014966722056e-06,6.7866043233109,9.3483161466998
AT4G17486.1,1963,2413,2162,580,638,492,256,1.93603227143408,10.1171862392935,9.36720736626357,1.03098585462726e-05,1.70824434490541e-05,3.87468737586929,3.82651822623597
AT4G18400.1,878,1297,1089,53,25,25,257,5.01871316812039,7.56127889687541,15.4671992516657,1.93585800227882e-07,6.78406875134879e-07,7.98590868894175,32.4177749690211
AT4G18800.1,4475,5047,4789,577,734,573,258,2.93128913589413,10.7527889175804,14.4328000930002,3.38667264655454e-07,1.00836268273353e-06,7.42440749689645,7.62791694841171
AT4G20800.1,7282,9439,7291,16682,22640,16807,259,-1.22087150289718,13.5660981248148,-5.40848673884389,0.000552525636548258,0.000767719831835474,-0.385530470196104,-2.3308747820563
AT4G20830.1,1291,1680,2219,339,549,394,260,2.00948357918446,9.71753765213029,7.19859190932017,7.45469535096825e-05,0.000111398466376733,1.76325308051661,4.02638067660065
AT4G21430.1,3290,4394,3943,73,91,69,261,5.62303441963403,9.09894998936066,25.8042507364424,2.92452391746469e-09,6.81242041950598e-08,11.8840803360118,49.2835549378421
AT4G21630.1,9390,12637,11648,1316,1571,1663,262,2.88286575614982,12.0020544949603,13.4093375768341,6.11785413980082e-07,1.58443761771361e-06,6.82332182679554,7.37613855616998
AT4G21760.1,1803,2157,1859,10,9,9,263,7.55008729010892,7.14280624785847,38.9808174514311,9.57262200617279e-11,2.56590578981805e-08,14.4478153942959,187.414308220645
AT4G22430.1,413,587,446,476,587,412,264,-0.0300751495807727,8.91413434929672,-0.127955812769248,0.901211260798841,0.908090736072114,-7.34715898884966,-1.02106531132817
AT4G24130.1,44670,61283,49005,4324,5880,4529,265,3.3951063406621,13.9460950128334,14.9815374632307,2.50589423563331e-07,8.06775705130723e-07,7.7276959663653,10.520317502826
AT4G24640.1,67,73,71,173,309,275,266,-1.78691704985985,7.04907226103712,-7.00473137460281,9.09314842024472e-05,0.000133861961874234,1.55023008702305,-3.45076696490629
AT4G24740.1,2094,2913,2093,94,182,208,267,3.92688361296205,9.22774666604632,12.1339354004674,1.35870581961538e-06,2.98915280315384e-06,6.00187684869342,15.2093185835443
AT4G25100.1,25761,54061,24799,2670,3443,2986,268,3.43194051107918,13.2751419923205,10.694513450165,3.68203747628162e-06,7.04389778071267e-06,4.96163364937502,10.7923752465062
AT4G25280.1,794,798,765,80,53,49,269,3.70648987673394,7.76610950330791,15.6695055648544,1.74242289238477e-07,6.38888393874414e-07,8.09076735524716,13.0546319283545
AT4G25530.1,3050,4579,3497,58,46,28,270,6.40443334177252,8.63395430294194,21.1888178842155,1.48299089588366e-08,1.43235218236568e-07,10.4522218541437,84.7084121674626
AT4G26140.1,998,1406,1385,352,663,524,271,1.32824053533153,9.62236607338963,4.70239568187115,0.0013671539328431,0.0018290302615063,-1.35429135121315,2.51096259138819
AT4G26410.1,3430,4599,3952,325,553,442,272,3.20231019579124,10.3523661675074,12.6437849311456,9.79014579203522e-07,2.34963499008845e-06,6.3406187278917,9.20431396592524
AT4G26640.1,2842,3497,3162,52,144,81,273,5.20240308297346,9.0229953912188,14.9154121977714,2.59708814831968e-07,8.25172625341033e-07,7.69181067327606,36.8196264001984
AT4G27890.1,1294,1798,1409,1773,2758,2101,274,-0.549023896168318,10.8122437151213,-2.24855096328901,0.0533311163996243,0.0626680180838315,-5.15418016928714,-1.46309545457546
AT4G28700.1,234,371,252,743,970,633,275,-1.4573853314331,8.86158244317233,-5.54513724642423,0.000467437094783233,0.000657849410183372,-0.206302216236838,-2.74610222484606
AT4G29530.1,506,633,530,20,28,10,276,4.87900632713442,6.67607984241509,14.1410252232627,3.99232623638452e-07,1.15398626978706e-06,7.25789975269914,29.4257305270952
AT4G31060.1,189,223,209,4,4,22,277,4.64134596740764,5.3764790323144,8.56489514373262,2.04330303827139e-05,3.23659201262188e-05,3.14725876411929,24.9565389821329
AT4G31080.1,2734,3503,2986,135,110,126,278,4.62201010173976,9.26785951566075,22.4874507762252,9.09326318376242e-09,1.14548855015385e-07,10.8956481921561,24.6242879410479
AT4G31180.1,9556,12629,10750,1107,1150,1126,279,3.27280209162758,11.7766297405983,16.3465198863314,1.23621780553122e-07,5.15307632621436e-07,8.430676796471,9.66521678530828
AT4G31720.1,1358,1934,1737,116,155,145,280,3.58135615376263,8.90587524265654,15.72032016686,1.69729381175046e-07,6.3887592299213e-07,8.11686239293711,11.9700407099398
AT4G31770.1,808,1024,955,114,85,75,281,3.34752952523782,8.18032553564893,14.4872641699331,3.28537109035191e-07,1.00077457829181e-06,7.45507778955731,10.1790394720965
AT4G31900.1,246,289,297,3808,5064,3952,282,-3.93427684133656,10.0829533680222,-18.5771846859189,4.35831130947264e-08,2.70433258620354e-07,9.44291033362045,-15.2874602388149
AT4G32850.1,1523,1922,2011,80,232,193,283,3.55108527830424,9.04352563572746,9.26963568091282,1.11743104134722e-05,1.84376121822291e-05,3.78925617285688,11.7214998391467
AT4G33830.1,1103,1427,1144,940,1306,874,284,0.248734352849306,10.1254450248392,1.05979329349234,0.318920619539297,0.34318631885207,-6.76881057412368,1.18816430516217
AT4G33840.1,3933,5224,4242,3160,4332,3553,285,0.280440573406604,11.9744015557717,1.26592312512781,0.239706403673479,0.265879034514993,-6.53908834899003,1.21456573454046
AT4G34330.1,383,579,475,421,506,393,286,0.110232136292375,8.83144704986849,0.477751782831916,0.645079940893986,0.665238689046923,-7.23071885993935,1.07940190328153
AT4G35050.1,1076,1286,1190,146,188,224,287,2.68162020345152,8.86604208848392,11.8372196061598,1.6537519427234e-06,3.53992307739712e-06,5.7979459045399,6.41576012814982
AT4G35740.1,1377,1676,1265,205,177,74,288,3.35167872901716,8.80619024739041,8.97557064884927,1.43057045773717e-05,2.31557696450154e-05,3.5268037545215,10.2083566182028
AT4G36220.1,4960,6121,4574,46,74,71,289,6.35414201862087,9.16151519051571,25.2701164715645,3.47587508416106e-09,7.64692518515434e-08,11.737449582881,81.8064118560054
AT4G36590.1,2108,3324,2610,1529,2148,1595,290,0.600952702050773,11.0634798981021,2.41183769629433,0.0411427293460274,0.0490738578946591,-4.897740192438,1.51671781981474
AT4G36830.1,228,141,168,27,4,22,291,3.57899512362728,5.67377921948096,6.06399859409969,0.000253409085596963,0.000363586948899991,0.450449318145534,11.9504672637252
AT4G38700.1,16761,22068,16965,9007,11800,8981,292,0.905521849246433,13.7182387963258,4.06393541855916,0.0033012848453213,0.00430035789061591,-2.29115079501619,1.87322195106049
AT4G38960.1,336,542,374,57,53,41,293,3.00899134476656,7.17289097907321,11.9102264355246,1.57504894377315e-06,3.40830263242714e-06,5.8486016801443,8.05001429297883
AT4G39390.1,2815,3922,3316,172,178,150,294,4.31199593042545,9.54161421328808,20.2644758417132,2.13870523470739e-08,1.76443181863359e-07,10.1141266945345,19.8627838351176
AT4G39690.1,2916,3740,3352,349,312,350,295,3.29805250339109,10.0478786447187,16.4817728981806,1.15615542919477e-07,4.92298440818419e-07,8.49662603933309,9.83586888414403
AT4G39955.1,2552,2866,2426,244,506,413,296,2.81076519043118,9.944038206384,9.7750838643481,7.41884452449688e-06,1.28290935882129e-05,4.22324848293966,7.01656629749816
AT5G02630.1,2070,2250,2080,75,39,9,297,6.09457990873056,8.01121785543805,9.74425925005949,7.60252381866741e-06,1.30895627486621e-05,4.19737825441054,68.3362847112458
AT5G02880.1,13716,18515,16841,553,851,722,298,4.53787814725547,11.7177069480364,19.0160091810531,3.60075960573596e-08,2.70433258620354e-07,9.62465044366227,23.2293703991611
AT5G03020.1,365,463,396,185,360,323,299,0.543937396558251,8.39692331190573,1.91902945021088,0.0897091989503901,0.103873809310978,-5.65640399601998,1.45794611220634
AT5G03240.1,50959,70663,70354,5812,7259,5944,300,3.32661622295961,14.2860688183958,14.8607945983081,2.67520846209476e-07,8.40779802372639e-07,7.66203578740076,10.0325484830813
AT5G03280.1,15279,20833,18623,1069,1094,1057,301,4.07455011734867,12.1063531079714,19.9420633312984,2.4393000934373e-08,1.97135272857382e-07,9.99146909597427,16.848521799044
AT5G03370.1,2899,3824,3232,464,450,369,302,2.95076233990956,10.2118651665438,13.9047145522638,4.57199796023688e-07,1.28405049096014e-06,7.12026259050503,7.73157502279972
AT5G03920.1,564,743,646,488,610,459,303,0.328226164895918,9.17551617435307,1.51135114217001,0.167568825826252,0.18905200862449,-6.23091498917574,1.25546879012448
AT5G05030.1,422,490,298,304,376,286,304,0.304033889746048,8.47734796900456,1.22313556023807,0.25466330911577,0.277814519035385,-6.58914704951509,1.23459160782822
AT5G05580.1,448,512,434,241,260,201,305,0.991092508162673,8.36387315961343,4.84982631099705,0.00112484761605024,0.0015202718633307,-1.14608599242523,1.98768963674087
AT5G06500.1,1135,1303,1066,309,368,388,306,1.71686399274645,9.32750791514684,8.41318941143141,2.33919760261432e-05,3.67588194696537e-05,3.00304797260577,3.28721083919838
AT5G06670.1,4000,5282,5246,407,377,301,307,3.73916372567438,10.3606060313431,16.7334684482099,1.0221132350844e-07,4.54782967520701e-07,8.61768123754232,13.3536638662568
AT5G07130.1,1800,2586,1743,54,14,31,308,6.07719360674492,7.93468023975019,13.9091919733831,4.56017838505439e-07,1.28405049096014e-06,7.12289404066754,67.5176884211003
AT5G07430.1,495,345,308,953,1438,1331,309,-1.70259571129637,9.40472704429084,-6.45353044081183,0.000163678473012889,0.000236557209171912,0.919565152687301,-3.25486049778425
AT5G07460.1,257,253,268,111,101,99,310,1.31591261698274,7.36583512642598,7.03726894611535,8.79243515819487e-05,0.000130404656278845,1.58629465267089,2.489597673029
AT5G07850.1,126,169,91,119,259,183,311,-0.510394261909035,7.22907632394348,-1.50744263249424,0.168548660545477,0.189617243113662,-6.23607874904497,-1.42443941539511
AT5G09370.1,44262,60198,51403,39698,55699,45362,312,0.149808445445254,15.5787152849434,0.663480923486161,0.524908479935056,0.551362753459635,-7.11708491855771,1.10942215820696
AT5G09490.1,480,837,602,707,1075,666,313,-0.354632384818242,9.46288742886561,-1.23910099805237,0.248994323969997,0.273135047900606,-6.57060674881629,-1.27865972265466
AT5G09900.1,5415,7084,5865,668,706,641,314,3.17795574152139,10.9815973016184,15.7803178149005,1.64568037185692e-07,6.2662444928398e-07,8.14754905302927,9.05023805856644
AT5G10950.1,4179,5668,4756,1688,2389,1597,315,1.37573396071755,11.5501337165579,5.76013750048921,0.000361139082643226,0.000514428333549343,0.0703584205164907,2.59499896058355
AT5G11310.1,1299,1485,1416,189,222,159,316,2.88581824941127,9.00713699241851,13.7354449493043,5.04491590304016e-07,1.377783929382e-06,7.02010031770207,7.39124937200214
AT5G11460.1,683,1064,895,21,18,38,317,5.09636126703786,7.21243441716664,16.2814980604417,1.27689576539506e-07,5.26719503225461e-07,8.39874519986452,34.2103573038555
AT5G12170.2,19029,24821,23005,164,122,131,318,7.31727046401335,10.7763788449878,33.577079640372,3.30553130644801e-10,2.61798079470682e-08,13.598770528346,159.484285127644
AT5G12840.1,1534,1860,1688,333,378,304,319,2.32180504334089,9.56171044270225,11.5383611698028,2.02487197111125e-06,4.22025947663186e-06,5.58723918247174,4.99957355402414
AT5G14620.1,531,602,538,17,5,15,320,5.53685019599677,6.35338759871954,14.0227003140764,4.27162729015479e-07,1.22577130934877e-06,7.18929857504812,46.4256497363107
AT5G15140.1,32,21,27,238,387,349,321,-3.54693670064895,6.54386190367559,-13.5105414166856,5.75984346662525e-07,1.53080403542524e-06,6.88493527570926,-11.6878422040773
AT5G17320.1,4607,6519,4714,4750,5968,4543,322,0.0455290522526273,12.3251099092481,0.197601728926533,0.848081136593038,0.8589261639152,-7.33455754135504,1.03206157832877
AT5G17470.1,439,529,413,618,1126,1033,323,-0.967130883075624,9.32513051502933,-3.55936101081773,0.00690629077740199,0.0086821941201625,-3.06839549340039,-1.95494888015338
AT5G18960.1,1935,2304,2031,143,169,150,324,3.75345942748612,9.14930327271142,19.1096651469839,3.45886686053298e-08,2.68570838582561e-07,9.66276199475484,13.4866434215625
AT5G19600.1,2614,3668,3269,317,695,397,325,2.82546342303052,10.2102154020742,9.05482899486018,1.33753881273496e-05,2.18869987538447e-05,3.59828884711481,7.08841673098154
AT5G20000.1,2480,3391,2914,365,486,439,326,2.76302304288415,10.1231240260724,12.5398386323077,1.04563455788209e-06,2.42146950246378e-06,6.27271908807384,6.78817163420658
AT5G20810.1,355,451,380,269,444,363,327,0.16242927259054,8.54197189066303,0.66597188339403,0.523392659025957,0.55123269408053,-7.11533143619288,1.1191700595256
AT5G21150.1,18720,26281,22407,1178,1455,1211,328,4.12385565535117,12.3800333698927,18.9419281375681,3.71760795797618e-08,2.70433258620354e-07,9.59433795708732,17.4342893711221
AT5G22920.1,1637,3087,3403,78,238,107,329,4.34788564742458,9.1604545098194,9.86919382474744,6.88786158269453e-06,1.20689964015355e-05,4.30176670272721,20.3631048563011
AT5G23210.1,65352,93021,78262,6928,10360,8438,330,3.20570985434937,14.6495760641972,13.3970503847005,6.16298399147993e-07,1.58476731209484e-06,6.81580744218961,9.22602917357949
AT5G23340.1,3392,4068,3634,243,379,236,331,3.71906924459985,9.98931335389729,15.2456700865037,2.17563667886535e-07,7.28650580595141e-07,7.86928158249789,13.168957575786
AT5G24240.1,2334,3033,2459,1178,1388,1141,332,1.07337632758222,10.8035301045658,5.14603426825606,0.000767360696041578,0.00104424342141741,-0.737236228410952,2.10435240799362
AT5G24380.1,5509,6730,5008,918,1135,763,333,2.62121721407411,11.1676409399802,11.2689644235025,2.44016497295276e-06,4.9051031943619e-06,5.39256377927716,6.15268961243615
AT5G24460.1,9455,11199,10362,383,403,334,334,4.78872941804128,10.93809513196,24.2616069527083,4.86417911891258e-09,8.37484752647557e-08,11.448065164365,27.6408373852883
AT5G24810.1,13552,16530,14684,916,776,733,335,4.20636055697778,11.7572419334375,20.7190028752239,1.78280457944338e-08,1.56886802991017e-07,10.2828337760439,18.460382705851
AT5G25410.1,8246,9034,7276,552,727,449,336,3.84912639056806,11.0688003625008,16.1605340936349,1.35660895087032e-07,5.53832107777985e-07,8.33894430515068,14.4112781549422
AT5G25950.1,2359,3034,2451,2533,3256,2463,337,-0.0705067150495271,11.3791850938858,-0.323833871846388,0.754024251152596,0.767592810941975,-7.29816826584737,-1.05008543838244
AT5G26250.1,457,789,509,560,794,532,338,-0.121797888506475,9.21398763359333,-0.439253558270473,0.671620450400939,0.689019943934642,-7.2499186411888,-1.08808999718793
AT5G26630.1,566,640,478,544,888,398,339,-0.0503765491397559,9.15027738033559,-0.163661002020796,0.873889064140337,0.882806299488708,-7.34136790556131,-1.03553516736701
AT5G26650.1,3573,5266,4784,258,479,426,340,3.57620057655109,10.3420306692474,12.4368104223162,1.11668734912425e-06,2.52690394430402e-06,6.20483958200023,11.9273412262932
AT5G27910.1,145,220,186,101,196,141,341,0.360132432408844,7.32814097651527,1.24332646249924,0.247511581367935,0.272262739504728,-6.56567209097031,1.28354371524418
AT5G27960.1,1541,2720,2119,21,27,13,342,6.65873845928759,7.68741638389463,20.899060975739,1.6605490155525e-08,1.52924979106695e-07,10.3483411788702,101.036899241026
AT5G28530.1,1738,2094,1705,55,127,134,343,4.21633605270105,8.73622486605334,12.24273955895,1.26561391935132e-06,2.79990565398393e-06,6.07538290040959,18.5884690926916
AT5G35490.1,622,759,474,0,1,11,344,7.71992172128404,5.38828169421574,9.98092054831007,6.3115514498264e-06,1.12079568346693e-05,4.3940826834711,210.827860870557
AT5G36210.1,3168,3824,3377,222,327,260,345,3.68888389618091,9.90656124845988,16.6640989509889,1.05723689172046e-07,4.65184232357004e-07,8.58453202363517,12.8962874071534
AT5G37290.1,40,60,66,2,0,1,346,4.92313867730586,3.32322350555998,12.3627010292743,1.17112225368925e-06,2.62013792350815e-06,6.15565195164558,30.3397791183161
AT5G37420.1,275,425,294,112,225,134,347,1.11021056645734,7.79416312385574,3.60828114260375,0.0064195661362326,0.00809601334378379,-2.99181723832296,2.15877153037677
AT5G37560.1,498,767,662,2,3,0,348,8.11192035514995,5.25094767781536,17.0163355965798,8.91778403211853e-08,4.30663716673041e-07,8.75119320492826,276.650429846627
AT5G38140.1,379,607,473,17,20,13,349,4.77897634146471,6.51268728615858,18.6384050445302,4.24265347857938e-08,2.70433258620354e-07,9.46858302399508,27.4546067461301
AT5G38195.1,2809,4201,3489,3046,4964,3499,350,-0.120554936981192,11.8143528627834,-0.462423312806046,0.655585892028303,0.674316917514826,-7.23854700989481,-1.0871529587612
AT5G39440.1,793,1122,773,975,1210,882,351,-0.198887649739238,9.88688621343228,-0.836905378624076,0.425940700916431,0.455871669088937,-6.98129037083114,-1.1478130241293
AT5G39560.1,304,477,354,397,595,444,352,-0.342749070678847,8.71311035361377,-1.34172356412427,0.215017487138448,0.239850492695283,-6.4475914918385,-1.2681708059875
AT5G41260.1,1007,1331,1068,52,68,14,353,4.89178964044726,7.69367332254026,9.56299837088043,8.79028447526635e-06,1.48758660350661e-05,4.04370583007634,29.6876221754024
AT5G41610.1,1137,1733,1390,96,177,202,354,3.20436584657732,8.84917698673489,10.1450837304121,5.55950562295073e-06,1.00989184710481e-05,4.52798343431124,9.21743825135847
AT5G41750.1,230,377,1687,211,250,912,355,0.533718531948709,8.77817095214042,0.687942007042549,0.510139359248805,0.538707163366738,-7.09961091980239,1.44765570895471
AT5G41830.1,71,81,67,19,72,50,356,0.810253950523953,5.7998529738416,1.88387949461948,0.0947730299026012,0.108782956062116,-5.70833436896026,1.75352007899656
AT5G41850.1,1432,1938,1781,79,96,55,357,4.49200191491959,8.48906624383716,17.3079413511213,7.76525220838292e-08,3.99355827859693e-07,8.88609903715499,22.502321066396
AT5G42690.1,4767,6057,5263,46,26,44,358,7.114802902274,8.82451126786059,26.9231262840549,2.059361460475e-09,6.77359171229683e-08,12.177299357002,138.601869060648
AT5G43780.1,11384,14749,15201,1216,1287,1218,359,3.46124492754164,12.007793377587,16.8500763755347,9.65968785536065e-08,4.49876612412718e-07,8.67304060922878,11.0138344818892
AT5G46540.1,21018,29738,25130,4028,5456,4402,360,2.44742861337583,13.3885041558406,10.7798442921734,3.45955810485982e-06,6.6504126675946e-06,5.02705497641025,5.45443065698691
AT5G46810.1,14725,20312,14907,18771,24110,18669,361,-0.307380041630307,14.1603542856604,-1.35334846271314,0.211429488873335,0.236514343485425,-6.43325344439781,-1.23745841297152
AT5G47620.1,8806,10384,8659,585,694,443,362,4.03225265583788,11.1594736240467,17.3847475469846,7.49006541713457e-08,3.90271829629643e-07,8.92118077648339,16.361721629246
AT5G47770.1,9503,13457,10869,731,760,671,363,3.95292998065217,11.4697216251815,18.6287854082623,4.26059770098704e-08,2.70433258620354e-07,9.46455595510991,15.4864007995202
AT5G47790.1,5259,7431,5491,324,343,321,364,4.18067341332563,10.457495886907,19.5631256073784,2.85456814511032e-08,2.26081797092737e-07,9.84402648007992,18.1346049615043
AT5G48650.1,10928,14198,12007,618,532,597,365,4.40176491779087,11.3861454576193,21.6505537007897,1.24222931280467e-08,1.36645224408513e-07,10.613945318733,21.1379698502001
AT5G48670.1,948,1204,731,37,67,71,366,4.04515539676208,7.85768281709312,13.0792598276663,7.46954376173987e-07,1.84871208103062e-06,6.6188651482636,16.5087089727796
AT5G48820.1,102,121,101,62,73,56,367,0.756679967807996,6.38488108500187,3.66676332933923,0.00588494451324055,0.00746935265142069,-2.90058544685115,1.6895979247374
AT5G48970.1,872,1054,955,54,131,121,368,3.31908025491958,8.24503718427512,9.8144284704592,7.19151672947903e-06,1.24905290564636e-05,4.25615967930663,9.98027974757537
AT5G49160.1,6990,9011,7686,1431,1831,1381,369,2.35385273508429,11.762113522792,10.8857989009934,3.20384942041706e-06,6.18889936822027e-06,5.10759145810429,5.11187562502842
AT5G49810.1,22444,26394,23362,1487,1934,1826,370,3.78716128669381,12.657759836936,18.444147699244,4.62198919541807e-08,2.81585803290085e-07,9.38675927746228,13.8054048074026
AT5G49830.1,9235,12442,11276,753,907,928,371,3.66423030382663,11.5802831475607,17.1833142062397,8.23612979400819e-08,4.08876882085429e-07,8.82877673585723,12.6777806237862
AT5G49890.1,5043,6954,6295,852,779,759,372,2.92360644395549,11.0996658397774,13.9917781880828,4.34816320771e-07,1.23875728795191e-06,7.1712667099179,7.58740445355875
AT5G49900.1,12612,14311,14291,551,628,495,373,4.62361491246812,11.4316864475822,23.1445858444259,7.1734087437845e-09,1.09256533174564e-07,11.1070691989472,24.6516945012976
AT5G53150.1,5999,7971,6967,2723,3768,2871,374,1.16622819577389,12.1762197983868,5.20230637021439,0.000714596769397919,0.000975794209246813,-0.660994723300194,2.24424191204173
AT5G53250.1,5483,7024,5651,1406,1855,1415,375,1.95994931922057,11.5746390457593,8.96218738787961,1.44697655393984e-05,2.32927933073243e-05,3.51467780636287,3.89048311753586
AT5G53870.1,7644,10005,8015,1741,2196,1703,376,2.18499587772937,11.960017166614,10.0894695716337,5.80250891288345e-06,1.04445160431902e-05,4.48285108302339,4.54725489987097
AT5G54095.1,99,124,79,604,673,819,377,-2.79510254784169,8.04140746369557,-11.6165787068681,1.91950751081686e-06,4.02182526075913e-06,5.64291164103595,-6.94080283713567
AT5G54350.1,54,69,22,1664,2174,1798,378,-5.38896031076897,8.1725483842267,-13.7482667954995,5.00724525084659e-07,1.37699244398281e-06,7.02773408770788,-41.9023807682687
AT5G54400.1,747,1099,1014,5,1,10,379,7.53101738700458,6.11364006662177,13.8583130447282,4.6965217381126e-07,1.30973423119196e-06,7.0929373908963,184.953319932546
AT5G54530.1,4040,5300,4748,56,48,38,380,6.61098380839079,8.88315926324279,29.0542311680417,1.0965606221333e-09,5.42797507955982e-08,12.6881392384303,97.7472228297988
AT5G54650.1,10705,13605,12271,1220,1432,1251,381,3.2241602841359,11.9549765507953,15.9769487263037,1.48842121791737e-07,5.83579012173544e-07,8.24718657907786,9.34477730863657
AT5G57900.1,4103,5595,4996,147,115,163,382,5.10495180004436,9.69413802181372,22.355144424647,9.54573791794871e-09,1.14548855015385e-07,10.8520614859616,34.4146706928667
AT5G58030.1,1997,2351,2304,125,195,133,383,3.89216176329086,9.1654405343364,16.5795017606397,1.1019074975472e-07,4.74299314161619e-07,8.54388572460926,14.8476403333002
AT5G58550.1,1268,1464,1449,152,157,111,384,3.31982499170855,8.78275366683006,15.2178430959304,2.20803206240952e-07,7.28650580595141e-07,7.85449605999901,9.98543301977227
AT5G58760.1,563,611,490,164,299,188,385,1.39304502681446,8.41565028972815,5.257317058082,0.000666812392862514,0.000916867040185957,-0.586902481097426,2.62632421769822
AT5G58840.1,17864,25687,21770,15616,23372,18870,386,0.178835674436314,14.3051739289887,0.742813577510349,0.477963529905056,0.508799886673124,-7.05837387075671,1.13196996135006
AT5G60440.1,1014,1263,1022,800,1118,857,387,0.257049533036776,9.96802029681327,1.1617027805914,0.277475029617435,0.301041401995902,-6.65890605969801,1.19503223401247
AT5G60760.1,1182,1898,1807,1027,1344,1171,388,0.441888549948118,10.4188682286608,1.77527291111868,0.112182160051811,0.128384446005995,-5.86626045230743,1.35838134378551
AT5G62140.1,1499,1726,1514,53,42,54,389,4.96912975362742,8.13873553361045,24.3170892445263,4.77340158023239e-09,8.37484752647557e-08,11.4644275498987,31.3225497848295
AT5G63740.1,31,39,50,154,198,204,390,-2.19929189615483,6.43109709369703,-9.02787800116111,1.36839839477525e-05,2.22998256926338e-05,3.57404368338819,-4.59253875599966
AT5G64400.1,6441,8121,7004,903,933,887,391,2.97773600805012,11.3161591935167,15.2256855582919,2.19884795103009e-07,7.28650580595141e-07,7.85866614461926,7.87748994660287
AT5G65870.1,1673,1719,1457,7,1,5,392,8.46069638858186,6.42533569453132,18.2935702094067,4.94215509160507e-08,2.87807855334648e-07,9.32259983650888,352.308723750757
AT5G66100.1,5694,7802,6778,996,1062,933,393,2.7498319170238,11.3358007303916,13.2431051544207,6.76101831587779e-07,1.71625849556898e-06,6.72103185704326,6.72638761024059
AT5G66250.1,2179,2887,2457,125,74,81,394,4.76186200943675,8.90214787758967,18.5868767952854,4.33976852246401e-08,2.70433258620354e-07,9.44698167568461,27.1308437394554
AT5G66750.1,1417,2274,1756,545,450,494,395,1.84638854802637,9.87686943372725,7.86531325030456,3.87744680740408e-05,5.88302274226826e-05,2.46321772751834,3.59598885124238
AT5G66985.1,24,67,26,0,7,0,396,4.16206884439618,3.08103442219809,5.30573033362264,0.000627629964240013,0.000869026104332325,-0.522055490854584,17.9022478789101
