AT1G02790.1,143,264,127,2027,1567,1580,1,-3.33579996086135,9.07449116406163,-11.0562079257547,2.61412305950202e-05,4.67274496885986e-05,3.11760576911845,-10.0966161977158
AT1G02940.1,11939,12278,10646,2373,2496,2063,2,2.33175614903505,12.3359819348486,16.4675294445679,2.38165978172695e-06,6.90359490784366e-06,5.70201871268351,5.03417772218358
AT1G04540.1,2426,1898,1787,1133,1077,946,3,0.943848867106942,10.5081134346078,5.56810563218027,0.00127666670735208,0.00170090067532311,-1.22227440426389,1.9236533819651
AT1G05160.1,9092,8534,8106,3963,3443,3063,4,1.30361908221489,12.4130799599435,8.77698455635779,0.000101297420118202,0.00016035643258564,1.61506425861773,2.46847337155685
AT1G06470.1,1891,1919,1702,102,151,104,5,3.95925871011118,8.86252054115323,20.6969375166254,5.90736835776397e-07,2.62970862561303e-06,7.13100696507621,15.5544848529286
AT1G07690.1,88,122,152,178,103,147,6,-0.239357694012003,7.01155744000543,-0.844099326800561,0.429988907811863,0.454347885348003,-7.23967713153798,-1.18046698566172
AT1G07705.1,2788,2678,2320,684,670,765,7,1.87407072541404,10.400811934698,13.39252927725,8.31201380278739e-06,1.87676522178726e-05,4.36902201113021,3.66565427611107
AT1G08030.1,10196,9496,8850,973,827,593,8,3.60171799738853,11.4127203454884,17.2031792187251,1.82588316825527e-06,5.80225095690007e-06,5.97976489844668,12.1401807590322
AT1G08065.1,389,298,265,360,266,466,9,-0.179071758278495,8.38507402028888,-0.700119226725659,0.509270972362311,0.530284580445222,-7.35707697085872,-1.1321552130332
AT1G09380.1,869,971,755,563,530,624,10,0.590698245270183,9.45529305021922,3.87154728270214,0.00774993293173018,0.00966488728986119,-3.22689627213031,1.50597544320312
AT1G09550.1,2110,1920,1807,2033,2118,2160,11,-0.115074521220434,10.9813811370862,-0.901567924105192,0.400967350626258,0.426836211956985,-7.18793966994256,-1.08303098715198
AT1G10010.1,1778,1611,1219,1890,1554,1664,12,-0.16159557289366,10.6488485385286,-0.867650149866152,0.417913734205977,0.443774732609812,-7.2187969505085,-1.11852350417573
AT1G11420.1,474,488,417,186,123,91,13,1.83606025463997,7.92624770276382,6.79305509611552,0.000434097954025359,0.000614613934907191,-0.0134930380880043,3.57033699909458
AT1G11580.1,46626,43434,45294,61,70,103,14,9.19270981361462,10.8644826228182,42.8989539532994,6.64994218439758e-09,7.41859723789976e-07,10.9903259279803,585.169113881112
AT1G14580.1,695,801,642,138,115,36,15,3.07756713871719,7.93424204718527,6.16260389856462,0.000741166325077059,0.00101261259063076,-0.613216123740601,8.44189648335713
AT1G17770.1,2463,2403,1870,5087,4673,4669,16,-1.10831008133911,11.6766888955518,-7.06456486301802,0.000348929874245951,0.000500638515222452,0.231338875152771,-2.1559296185711
AT1G17860.1,3376,3171,3268,288,312,394,17,3.31222793632699,10.0196650923294,20.7925574133906,5.74306323473443e-07,2.59344645021165e-06,7.15912322049819,9.93298915519346
AT1G17950.1,504,560,332,0,1,2,18,7.96880413486602,4.84605623434006,18.5060144640461,1.17031454259641e-06,4.16757315442995e-06,6.43933930845758,250.523848232104
AT1G18250.1,1005,962,941,917,783,645,19,0.324313095012943,9.75964006158078,1.95541798455529,0.0967879810128791,0.109556843943338,-5.90610261307251,1.25206815416069
AT1G18350.1,464,560,352,567,490,440,20,-0.139164313167177,8.88840490320871,-0.658418319910896,0.53395371941582,0.553299868670016,-7.38761660699187,-1.10126701778974
AT1G19140.1,3457,3086,2800,152,149,139,21,4.39464954639947,9.40248795657757,31.8088508873512,4.21256940455587e-08,9.03596137277234e-07,9.57569886368909,21.0339740553763
AT1G19640.1,2589,1721,1088,61,54,197,22,4.27082713489884,8.5903844487798,7.53297225134068,0.000243127676159376,0.000357197852987576,0.636161804529721,19.3039895544407
AT1G20140.1,4387,4202,3947,1348,1192,1224,23,1.73561294382604,11.1600128034242,13.6062846917132,7.5565227410285e-06,1.72433417867086e-05,4.47198618278816,3.33020951208878
AT1G20690.1,2157,1985,1543,959,687,743,24,1.25042397762194,10.2493167092839,6.22606109392662,0.000701008367886339,0.000960806996240382,-0.550779278342914,2.37911329846279
AT1G20730.1,15254,14815,12746,39,13,81,25,8.63429935006588,9.47942801555396,14.1711363789832,5.91355311500766e-06,1.37875776431429e-05,4.73597171006591,397.359038314323
AT1G20910.1,666,576,664,620,650,601,26,0.0241993740242634,9.29829397639407,0.18613978734508,0.858279539894548,0.870453717765393,-7.61033861021477,1.01691519672946
AT1G20940.1,816,930,782,153,128,205,27,2.39506126656471,8.51903540771615,11.7159777257525,1.8518175636608e-05,3.42584038104289e-05,3.49647099767283,5.25999441092709
AT1G21790.1,1149,1050,1058,28,59,122,28,4.18202195923697,7.9934730116436,8.39792808477207,0.000130708814992372,0.000203166962433796,1.33048191900773,18.1515640415239
AT1G22015.1,2903,2548,2253,2307,2018,1622,29,0.380504402555083,11.1290188641192,2.04943462331773,0.0848155356332489,0.0962589015520206,-5.77387338271958,1.30179691690587
AT1G22040.1,2838,2741,2444,103,148,98,30,4.53294462688678,9.11612726633768,23.1997213743104,2.93505683089429e-07,1.73264510855552e-06,7.8171888883096,23.1500696174487
AT1G22180.1,1843,1912,2015,68,70,99,31,4.60846541873927,8.60494196472216,25.320425837446,1.7154077325259e-07,1.3380180313702e-06,8.32696713004239,24.3941856704193
AT1G22420.1,1134,915,629,2301,2018,1661,32,-1.18663786385718,10.3556150614828,-4.65740705107798,0.00319659308235935,0.00411813343042691,-2.24668758634871,-2.27621662499902
AT1G23320.1,0,7,0,83,98,92,33,-5.5202776179888,3.7601388089944,-6.78627990645273,0.000436508824336372,0.000615994360658893,-0.0197022946664633,-45.8953987441954
AT1G23360.1,961,910,837,72,141,63,34,3.37081169429559,8.13192973994269,10.8209632972248,2.96962131560586e-05,5.2211784606349e-05,2.97705503121868,10.3446411475051
AT1G27000.1,5663,5596,5600,383,340,361,35,3.95702532619916,10.4779914353758,32.6006407196615,3.62010039511736e-08,8.31630945198789e-07,9.70226560464157,15.530424147154
AT1G27130.1,13880,11457,10428,183,264,242,36,5.69832723556962,10.6819046208226,28.887910178679,7.62515169751404e-08,1.05216686215313e-06,9.06410302168837,51.9239141287976
AT1G27600.1,6788,6235,5680,197,207,274,37,4.79141120789827,10.2067336528267,27.3255650503445,1.07364639115789e-07,1.12340073611399e-06,8.75806777341845,27.6922660339528
AT1G28460.1,54,24,48,96,122,71,38,-1.22414220051803,5.95871301606388,-3.44080430794982,0.0131021638968368,0.0161983524834092,-3.80189409334923,-2.33616504406084
AT1G29080.1,1266,862,853,1572,1350,1584,39,-0.61695740727596,10.2413153096181,-3.10825044891911,0.0200328034669524,0.0244149792253483,-4.262069246792,-1.53363738138754
AT1G32120.1,9631,9543,8923,1939,2113,1758,40,2.27644414558998,12.054268861438,17.1103299377441,1.88700905881647e-06,5.90895537395813e-06,5.945470625349,4.84482362522554
AT1G34170.1,1983,1667,1432,907,790,766,41,1.03525254627568,10.1966813195601,6.11958262267961,0.000769882787461426,0.00104189184801562,-0.655819685131873,2.04947237837009
AT1G34180.1,604,485,617,380,328,283,42,0.783909594312956,8.75373415740089,4.47235407441693,0.00390563839274398,0.00500154886712587,-2.46931762060377,1.72179047824884
AT1G34650.1,72,113,85,1798,1833,1197,43,-4.14373008662949,8.5548581525637,-16.6687782558349,2.21219302742864e-06,6.59478883013254e-06,5.77939364784829,-17.676124426754
AT1G35660.1,7640,7792,7419,820,695,716,44,3.35823370039285,11.2157872556392,25.8492773797425,1.51075274891095e-07,1.24637101785153e-06,8.44516106751053,10.2548444283625
AT1G43020.1,160,148,158,11,0,1,45,5.75933528437999,4.40798847576372,6.64915826740139,0.000488749707142245,0.00068297597512711,-0.146439949460364,54.1667371465224
AT1G43800.1,3402,4558,3808,45,77,70,46,5.94119280265639,8.95683349946951,24.5825736777124,2.05716598387642e-07,1.41558978746764e-06,8.15631430111565,61.4436835296476
AT1G44130.1,8303,7512,6582,6521,5639,5533,47,0.337536165353056,12.6909964498914,2.23403712994808,0.0654900291517028,0.074920593349548,-5.51116336832187,1.26359677960034
AT1G44750.1,4381,4044,3600,228,201,155,48,4.37022071692895,9.7793828550348,23.4762668828625,2.72923289482729e-07,1.70074062247709e-06,7.88711809233829,20.6808089910301
AT1G47490.1,572,545,475,964,708,613,49,-0.498718520593481,9.29934800462497,-2.45773558346094,0.0480003686860803,0.055956951538936,-5.1899020243385,-1.41295793948765
AT1G48910.1,157,134,151,761,682,1083,50,-2.48100471282192,8.45001030930147,-12.0723426538432,1.54857746222658e-05,2.97910193405921e-05,3.69226174404273,-5.5828612938759
AT1G49290.1,60,100,24,2873,2947,2497,51,-5.68937263569032,8.58895465454163,-11.599651277529,1.96527714306815e-05,3.58767614628185e-05,3.43125129679845,-51.602628008281
AT1G49600.1,1524,1480,1237,1217,893,935,52,0.48531696438922,10.217589868419,2.74264975080967,0.0325300403276235,0.0386575825500013,-4.78061780172955,1.39989339255151
AT1G52460.1,39,64,47,0,0,0,53,5.64308613621233,2.82154306810616,28.1910309882274,8.86200451806142e-08,1.05605553840232e-06,8.93061622285556,49.9733190984557
AT1G53520.1,1096,1153,936,500,505,359,54,1.23338903082955,9.43119900348784,6.57124553468792,0.000521600083514562,0.000726514402038141,-0.219372671933302,2.35118658204672
AT1G54570.1,280,293,202,54,22,15,55,3.23150430422026,6.38405937530402,7.0221673084977,0.000360873010375071,0.000516048404836351,0.193614200788923,9.39246805589523
AT1G55050.1,980,995,905,195,146,175,56,2.4825548969149,8.66588205098707,16.1075871768233,2.72373326046405e-06,7.68483217062133e-06,5.56091016674217,5.5888633343809
AT1G55560.1,214,243,203,4038,3084,2680,57,-3.86934572653286,9.71845803964104,-20.2944002492007,6.66159025717981e-07,2.85782222033014e-06,7.01084666697215,-14.6146738318385
AT1G55920.1,5747,5530,4632,126,49,106,58,5.9086306924195,9.41231796719243,16.4314249203733,2.41362935855308e-06,6.94930869006221e-06,5.68802340511574,60.0724122529006
AT1G57590.1,346,272,254,2,0,1,59,7.31364664321194,4.51847748851302,18.110999628699,1.33488749137778e-06,4.50918688032338e-06,6.30412288353076,159.084188633861
AT1G57820.1,8746,9691,8884,4403,3651,3279,60,1.27858580860205,12.5121428719857,8.17514366380796,0.000152543425126624,0.000233718319211863,1.1578309751422,2.42601052356107
AT1G59800.1,64,65,69,47,55,65,61,0.253111135731554,5.93879274857818,1.59517030769745,0.160217241847274,0.178992699876251,-6.3957961959853,1.19177437749301
AT1G59890.1,3099,3081,2598,3030,2362,2210,62,0.21632640152473,11.4023183209538,1.24881048550532,0.256839684048082,0.281801085566821,-6.82469336660632,1.16177154638078
AT1G59930.1,300,287,302,69,40,42,63,2.57787296180327,6.92663640632335,11.2267555873387,2.38698963444576e-05,4.32075338893347e-05,3.21766324508108,5.97058776296106
AT1G60220.1,3628,3543,3157,1184,1001,1026,64,1.68591869419852,10.9041455481989,12.1403292060054,1.49746975698916e-05,2.92838917907946e-05,3.72894483796241,3.21745215307049
AT1G60400.1,18,56,36,914,924,858,65,-4.71572697215876,7.4546204504918,-12.1345493654697,1.50173804055357e-05,2.92838917907946e-05,3.72583442593107,-26.2769690770677
AT1G60440.1,5049,4850,4301,38,106,153,66,5.77442340006204,9.31843028201712,11.7150744665968,1.85266892401387e-05,3.42584038104289e-05,3.49596709878663,54.7362009294991
AT1G60970.1,249,251,216,20,56,52,67,2.58382918303326,6.60962388868553,6.56112258890066,0.000526050523834544,0.000730341989401357,-0.228898170184723,5.99528851504956
AT1G61330.1,831,964,687,1278,1242,1371,68,-0.660462097036104,10.0105942501843,-4.00675784424022,0.00661090439741921,0.00829262569149954,-3.05178676702737,-1.58058880723972
AT1G62340.1,7803,7657,5628,3768,3412,2775,69,1.07861010299517,12.2244992619447,5.45485366464245,0.00142270634983885,0.00187797238178728,-1.34344735374393,2.11200039276986
AT1G62660.1,7238,5956,6548,336,290,278,70,4.44446747482436,10.457434216052,30.1080401627282,5.91022832177054e-08,9.66605392539074e-07,9.28682096634681,21.7729875718598
AT1G63010.1,8675,7243,6417,301,276,326,71,4.61599983734397,10.5430978289628,28.3430818085512,8.57340050280634e-08,1.05605553840232e-06,8.96014657445316,24.5219165986114
AT1G63090.1,8020,7202,6630,240,205,265,72,4.94142900899365,10.3556052708016,31.4711913003328,4.49897276587354e-08,9.19075865028453e-07,9.52023866612742,30.7268721334033
AT1G64630.1,5182,5060,4453,640,600,469,73,3.11124853542876,10.6995971590127,18.5543724836781,1.15183041465695e-06,4.16757315442995e-06,6.4556568120201,8.64130100146792
AT1G64750.1,3690,3569,3591,420,378,396,74,3.18178345250759,10.2298002790473,26.4078387095367,1.3246861254798e-07,1.13658069566167e-06,8.56642326574581,9.07428173407221
AT1G65300.1,3758,3532,2937,3513,2991,2960,75,0.108589401138794,11.6735152709273,0.692084733719418,0.513967682705917,0.533879263633992,-7.36308624028409,1.07817353396789
AT1G65360.1,30,89,49,1070,1114,1134,76,-4.41538058174831,7.90432548970458,-11.7520073872766,1.81822370064203e-05,3.39264582797317e-05,3.5165387994634,-21.3384071450593
AT1G65860.1,91,64,57,2,1,0,77,5.2729827544973,3.4981455441557,12.5259287119526,1.24194776844414e-05,2.56661294411902e-05,3.93309089516563,38.6657087885315
AT1G66630.1,75,147,83,1568,1237,1423,78,-3.83848678843249,8.53580949483334,-13.8030540850006,6.93050457314638e-06,1.5899392844277e-05,4.56525799442367,-14.3053886509081
AT1G67500.1,3326,3295,3175,526,642,578,79,2.49058275275155,10.4278759153606,18.6470481829188,1.11734363343855e-06,4.09692665594135e-06,6.48678722167184,5.62004917024343
AT1G67820.1,1100,2340,900,12543,11682,8037,80,-2.99552086636808,11.8687241893473,-7.67695275271454,0.000218384140317981,0.000321947753252281,0.756356949324797,-7.97520092596195
AT1G67830.1,2515,2752,2256,14728,13137,11635,81,-2.39008056353517,12.4830055499898,-15.4967116697012,3.44351309092157e-06,9.29098815097708e-06,5.31309283805119,-5.24186632558986
AT1G69530.1,29276,18018,16240,41,31,38,82,9.09478154659761,9.77329732051247,35.3238173640978,2.20712302304258e-08,7.41859723789976e-07,10.1030818430697,546.766691042848
AT1G69860.1,395,412,316,339,352,287,83,0.194951103595756,8.44508898874828,1.17694283819026,0.282438266813364,0.30752796056582,-6.90626104879402,1.14468536380158
AT1G70560.1,76,57,32,208,203,59,84,-1.37250447149332,6.40930612080697,-2.40931850335735,0.0513222542685113,0.0595060731924091,-5.25955603264291,-2.58919652279036
AT1G70890.1,8873,8575,14086,1,2,9,85,11.3522147389716,7.6450709013553,18.8852233264525,1.03406536996045e-06,3.92578799746046e-06,6.56595054614707,2614.31041850055
AT1G71100.1,1992,1815,1431,199,94,136,86,3.65311545944268,8.9304723567434,12.3007349718869,1.38442347945735e-05,2.76240777994047e-05,3.81466668560726,12.5804834549198
AT1G71210.1,2282,2042,1737,257,357,312,87,2.71044637338407,9.61691047989874,14.764407997343,4.61597366612179e-06,1.15804251623757e-05,5.00127973266467,6.54524126890874
AT1G71270.1,10460,9368,8508,665,613,607,88,3.9039285518615,11.2484311845591,28.2947905611816,8.66386276791299e-08,1.05605553840232e-06,8.95079258657945,14.9692346094362
AT1G71850.1,2062,1894,1726,281,321,245,89,2.7465266235404,9.51092422372109,17.444121001815,1.6776699882652e-06,5.41143176665993e-06,6.06776639860149,6.71099472692613
AT1G71940.1,7278,5993,5132,410,232,335,90,4.25497210389592,10.4406521023195,16.8290265229458,2.08719163319563e-06,6.43234342104466e-06,5.84024474102888,19.0930027006162
AT1G72540.1,57,44,99,39,11,1,91,2.69559989520782,4.65009681280675,2.56395894999261,0.041477959169978,0.0484851348335711,-5.0370832843449,6.47823092234906
AT1G73500.1,4207,2488,2505,126,84,105,92,4.82848137537404,9.12290604684471,18.0098386916847,1.3812503423727e-06,4.59346044091385e-06,6.26893284804089,28.4130416198092
AT1G73560.1,7107,6211,5581,4811,4141,4275,93,0.510685862121656,12.3588692320999,3.40486633784343,0.0137064678452044,0.0168967663953813,-3.85098788621561,1.42472735484511
AT1G74000.1,1544,1320,1379,1265,863,890,94,0.51034253753012,10.208581539803,2.68103873940005,0.0353585305888178,0.041902789012715,-4.86890463508717,1.42438834644346
AT1G76250.1,18721,18648,17877,193,234,164,95,6.55413444024639,10.8913178877892,39.5506193309597,1.09857238581302e-08,7.41859723789976e-07,10.6342245078333,93.9703971060919
AT1G76290.1,1641,1585,1625,1893,1370,1616,96,0.00406319161184854,10.657810740713,0.0257132151140823,0.980294197804495,0.982584604808711,-7.62997266587053,1.00282035956152
AT1G77000.1,1405,1431,1553,167,69,166,97,3.54588757084891,8.74137869615705,9.90940702653443,4.99054555786034e-05,8.20285074452907e-05,2.40273064713679,11.6793458789407
AT1G78830.1,26342,38344,58728,238,110,534,98,7.33166352590503,11.5853910148256,12.1826763478028,1.46662140424255e-05,2.90043750915962e-05,3.75168774387075,161.083344991728
AT1G79530.1,16669,16380,14820,542,467,562,99,4.92929774887286,11.4953702809258,35.5447396599467,2.1238285906899e-08,7.41859723789976e-07,10.1334263009417,30.4695808506794
AT1G80190.1,1466,1449,1236,326,285,185,100,2.41364771738919,9.22421618315609,10.1891233895036,4.23683884466976e-05,7.1842049974835e-05,2.58421273535465,5.32819808239263
AT2G02960.1,6917,6434,5673,360,351,334,101,4.17823674529525,10.5368863496042,30.896968622628,5.03960440082996e-08,9.66605392539074e-07,9.42380907579233,18.1040020164622
AT2G03040.1,938,988,723,1128,701,794,102,0.0312286347489312,9.75927033112423,0.135865646514472,0.896234063221394,0.90466920734583,-7.61967724112549,1.02188201522199
AT2G03090.1,7780,4453,3244,657,645,898,103,2.73370567868944,10.8700233173259,8.01317847624954,0.000171061683954575,0.000257492850584256,1.02969490730741,6.65161966503665
AT2G03190.1,3566,3479,2632,4816,4078,4452,104,-0.473540666524482,11.8793899656786,-2.78243385004212,0.0308324342301123,0.0370507402933282,-4.72371329286213,-1.38851298269843
AT2G03770.1,1130,1193,942,1035,864,894,105,0.222325271189153,9.97086546304866,1.43242496819122,0.200475500794375,0.222808263836235,-6.6039091648289,1.16661236550591
AT2G04620.1,2628,2571,2329,177,124,125,106,4.15209665145308,9.21564753876934,22.7785995163862,3.28409547983276e-07,1.78338855803576e-06,7.70857646586832,17.7789306946179
AT2G04750.1,121,122,78,232,145,137,107,-0.661834189744415,7.05659462523195,-2.35639207711219,0.0552294758253397,0.0636920567985773,-5.3356506985664,-1.58209276055896
AT2G07040.1,149,160,124,1281,1177,983,108,-2.98109967417195,8.66572312151017,-17.5224240565545,1.63253811674135e-06,5.30574887940938e-06,6.0960619628359,-7.89587786553196
AT2G13560.1,31309,28761,26809,671,574,584,109,5.56822249405036,12.0347873747189,40.281902474491,9.81046302068488e-09,7.41859723789976e-07,10.7164373954247,47.4462609651665
AT2G15280.1,5339,5406,4622,405,350,317,110,3.84143474070625,10.3985660679445,25.1701736419725,1.77930197037653e-07,1.34616614795439e-06,8.29276856250337,14.3346496639085
AT2G17750.1,2826,3213,2091,8927,8567,6923,111,-1.60012552273096,12.1820219339499,-7.69614037056403,0.000215310016277244,0.000318510334423923,0.772229750994622,-3.03169689653888
AT2G17990.1,10275,9805,9604,992,855,856,112,3.45858061056579,11.5427130679636,26.5775921637782,1.27350573019533e-07,1.13658069566167e-06,8.60257116839286,10.9935133010557
AT2G18280.1,6569,5789,6016,290,345,165,113,4.58043697587474,10.288399488568,16.0910733341478,2.74074434057124e-06,7.68483217062133e-06,5.55435075246817,23.9248334400191
AT2G18880.1,613,495,439,0,29,26,114,5.77862425716991,6.10990482784228,4.43082342211639,0.00408802261873476,0.00520404066301844,-2.51997350003637,54.8958147403955
AT2G19400.1,230,260,259,46,30,84,115,2.32794891760406,6.8033664915361,6.44770405349889,0.000578994931371351,0.000801254275994547,-0.336411639315698,5.02091018350976
AT2G19480.1,5372,5922,5451,856,673,652,116,2.94849966115551,10.971148282858,18.9267831481379,1.02028257051525e-06,3.92578799746046e-06,6.57964130819536,7.7194585611563
AT2G19500.1,19779,17954,14782,13306,11755,10632,117,0.552745277501678,13.8087954583899,3.2663316702208,0.0163380956264742,0.0199687835434685,-4.04172400729824,1.46687432970423
AT2G19970.1,1909,1787,1597,2390,2112,2143,118,-0.329675006689978,10.9466840490231,-2.403207410602,0.0517582953938836,0.0598498887438708,-5.26834537572341,-1.25673024127758
AT2G20160.1,378,408,217,1617,1627,1846,119,-2.38988454392964,9.53167407059474,-9.13491410372117,8.03184229679239e-05,0.000127617049826812,1.87373794247308,-5.24115415930426
AT2G20780.1,3999,3373,3096,69,34,107,120,5.75641022485697,8.88268962444629,14.1546553271605,5.95522028944314e-06,1.38096729955195e-05,4.72843045436264,54.0570255199517
AT2G21420.1,1459,1325,1044,121,30,33,121,4.6471694838827,7.98105023834139,8.64481557564456,0.000110591375346543,0.000173786446973139,1.51711382293743,25.0574809919046
AT2G21930.1,78,72,43,70,59,44,122,0.134848704750513,5.91692128952288,0.470600116971048,0.654035193005356,0.668050232855471,-7.50429624575997,1.09797766296829
AT2G23990.1,5295,4845,4170,4828,4446,4302,123,0.0707303768917704,12.17778270927,0.485340650198201,0.644117143685734,0.659489867878711,-7.4964236594939,1.0502482463519
AT2G24740.1,4277,4035,3377,1287,1092,1000,124,1.79038800548343,11.0259342769492,10.8464811530615,2.92847454976377e-05,5.17040741561344e-05,2.99244599980784,3.45907910184965
AT2G25700.1,813,962,781,2888,2106,2140,125,-1.47003213278346,10.4654499895307,-8.12249842578767,0.000158297722646786,0.000239963685567035,1.11642722632566,-2.77028063729795
AT2G26280.1,8287,7661,7246,597,723,622,126,3.57884862092996,11.1250696152334,25.4925061511971,1.64547459580235e-07,1.3319030218853e-06,8.36579480172172,11.9492537801075
AT2G26410.1,18,62,34,523,534,586,127,-3.97984810734918,7.10808753830408,-9.49581273793433,6.40695382681302e-05,0.000103330195176797,2.12526413292994,-15.7780620075518
AT2G27040.1,33852,29714,28432,2159,1513,1526,128,4.16124303404829,12.8197713283019,22.1709480339824,3.87623308714377e-07,2.02793170046912e-06,7.54717314394397,17.8920034192453
AT2G28380.1,4991,4464,4006,134,144,126,129,5.04424803315457,9.60392714118993,35.2187592748,2.24805976906053e-08,7.41859723789976e-07,10.0885432373716,32.9966586142446
AT2G29570.1,6833,7047,6813,1056,759,704,130,3.05956808548208,11.2221489484076,16.574447292423,2.28982503972599e-06,6.68255062613911e-06,5.74325939684871,8.3372297104798
AT2G29940.1,2846,2462,2512,1333,1077,1270,131,1.08972997239328,10.800675895844,7.43520341202353,0.000261763844831896,0.000383265151648066,0.553432257079756,2.1283419682539
AT2G30160.1,2284,2318,1706,168,195,109,132,3.75918796789904,9.1452436485902,14.543464855797,5.0564021270067e-06,1.22553475281688e-05,4.90385325485514,13.5403015887146
AT2G30590.1,4715,4615,4412,300,393,315,133,3.77462243306935,10.2737952979991,24.9609780203313,1.87291657248323e-07,1.36183255863611e-06,8.24468812831029,13.6859382027862
AT2G30900.1,559,464,480,563,286,410,134,0.304270047984748,8.81461931157776,1.16095140266626,0.288422072872246,0.313248276613148,-6.92399828676133,1.23479371765438
AT2G31360.1,67697,59755,58171,2209,2079,2066,135,4.86537923194722,13.4811966628845,37.6745636428275,1.48299333404311e-08,7.41859723789976e-07,10.4108341939691,29.1490959029442
AT2G32370.1,2366,3399,1537,8067,7423,6929,136,-1.68920439701454,12.0202698017478,-5.74800705894552,0.00107830458717871,0.00144560208718645,-1.03324912784025,-3.22478817261386
AT2G32750.1,13236,13788,12700,1230,1333,1301,137,3.36083384098677,12.0116408307716,27.7662585853498,9.72993851023761e-08,1.09404340309924e-06,8.84689045421632,10.2733431956001
AT2G32990.1,1509,931,496,28,3,7,138,6.50788000843381,6.53993366925943,8.36856945378564,0.000133369956940039,0.000206554915260927,1.30796363105778,91.0053848797023
AT2G34200.1,1935,2027,1912,204,95,156,139,3.74908766116861,9.06089828029038,13.2641360201017,8.80772958385487e-06,1.96797707889257e-05,4.30633575427226,13.4458370080953
AT2G34260.1,2445,2081,1716,319,331,322,140,2.66442649496691,9.67633254112619,16.109532957678,2.72173695483874e-06,7.68483217062133e-06,5.56168254426727,6.33975239199142
AT2G34880.1,948,792,656,161,224,148,141,2.1694637261612,8.54233176793521,9.74793916857616,5.49564001320523e-05,8.96437097211043e-05,2.29573308505538,4.4985614375167
AT2G34890.1,233,228,218,202,216,218,142,0.094227119350232,7.78100496275206,0.78487597317629,0.461469482624203,0.484847434106545,-7.2901456028052,1.06749337723907
AT2G35670.1,2100,2007,1430,45,41,56,143,5.24748085478332,8.20666355839183,25.0533993056049,1.83087080747201e-07,1.35421306276809e-06,8.26599706889607,37.9882370137461
AT2G36010.1,3369,3180,2790,640,748,636,144,2.20407064144701,10.4980859931681,15.1797979484418,3.90261877373529e-06,1.03989034405742e-05,5.18019392870653,4.60777618326518
AT2G36310.1,5734,5688,5508,169,244,211,145,4.77105418481986,10.0768435356444,28.2584364785101,8.73269465669638e-08,1.05605553840232e-06,8.94373559323357,27.3042606152536
AT2G36560.1,388,362,289,2169,1825,1789,146,-2.47877769215694,9.66850923707743,-14.6289788021239,4.88040461698678e-06,1.19639633182133e-05,4.94175173727582,-5.57424994094152
AT2G36760.1,1255,1501,1282,0,7,7,147,8.39086510049853,6.19543255024926,10.3058923858912,3.96166087756482e-05,6.76205652296729e-05,2.65856217282018,335.661928033007
AT2G37390.1,748,759,591,3,3,12,148,6.87589705475919,6.00476176675996,14.3585949473594,5.46260097653394e-06,1.29472697178622e-05,4.82108614945649,117.44952388472
AT2G38220.1,6408,6134,4822,741,987,909,149,2.71702697817988,11.1296352701871,14.8749996326737,4.41228745523124e-06,1.13345587921808e-05,5.04944865942983,6.57516445179369
AT2G38810.1,496,357,402,189,187,122,150,1.34286496066889,8.02708546878372,5.83031985172992,0.000999401408572819,0.00134402258394276,-0.948150799844638,2.5365453614868
AT2G39220.1,5902,5510,4906,247,176,312,151,4.50137862898194,10.1546295502918,19.4013792987444,8.77080260148226e-07,3.51651805236999e-06,6.73346050840076,22.6490499290417
AT2G39300.1,1305,1269,1144,176,130,240,152,2.80292198611328,8.87276695567345,11.7512733764761,1.81890102665228e-05,3.39264582797317e-05,3.51613059155054,6.9785242715258
AT2G39650.1,1466,905,862,221,153,173,153,2.53036374733495,8.76656384129872,9.76240358426289,5.44806547610754e-05,8.92068736355014e-05,2.3053862704842,5.77717319969747
AT2G40030.1,8841,8835,8684,433,325,348,154,4.5820940810073,10.8101679114654,30.0930015582755,5.92844560586145e-08,9.66605392539074e-07,9.28415754791335,23.9523297167193
AT2G41040.1,103,69,75,36,9,48,155,1.64385298129937,5.53729025886019,2.7595992675527,0.0317949080985517,0.0378889321507741,-4.75636341790714,3.12499305017759
AT2G42340.1,342,367,259,345,278,253,156,0.140186769673399,8.25257146024939,0.705475762706518,0.506155453968449,0.52936422269898,-7.35303777242234,1.10204777650469
AT2G43660.1,4906,4527,3476,3711,3184,2864,157,0.396511024904076,11.8580482044239,2.11120169387761,0.0777747286199699,0.0885022773951382,-5.68635411317728,1.31632070361892
AT2G43670.1,3731,3044,2709,2620,2411,1929,158,0.445245319167583,11.3913896470451,2.34355562900215,0.0562229533007221,0.0646639328847447,-5.3540946884831,1.36154561715026
AT2G45110.1,15608,13371,12507,2179,1899,1777,159,2.82321530150931,12.3375862279921,18.3177756382854,1.24561556792652e-06,4.34446405398762e-06,6.37533516496104,7.07737960107797
AT2G46650.1,518,455,370,3,5,6,160,6.33181289878822,5.63001225698703,25.1488026828188,1.78861236441493e-07,1.34616614795439e-06,8.28788174821256,80.5500120023672
AT2G46990.1,125,106,129,18,6,1,161,4.22861076247611,4.79939952640512,5.51511502525314,0.00134276956661464,0.00178343078661821,-1.27875942016964,18.7472978562151
AT2G47030.1,81,135,129,1426,1328,1108,162,-3.50085200000559,8.57288688630175,-14.8193941555224,4.5133710254362e-06,1.14570187568765e-05,5.02527858780655,-11.3203919118231
AT3G01240.1,43,108,137,1324,1177,769,163,-3.60882490118609,8.24979258399051,-7.82411420993063,0.000196031372428579,0.000292005065180071,0.877237311456838,-12.2001324152785
AT3G01270.1,217,414,230,5406,4714,4414,164,-4.13165050891767,10.1714588852679,-15.114350045817,4.00604710353201e-06,1.05600603206796e-05,5.15236514391896,-17.5287414329417
AT3G03260.1,5348,4515,3677,3297,2802,2330,165,0.681241340644089,11.7829090041883,3.30889541590063,0.0154751107233086,0.0189680642865696,-3.98287625786305,1.60351888035715
AT3G03305.1,2749,2566,2304,131,161,135,166,4.14997585189937,9.23222358044749,27.8781671241825,9.49206023806844e-08,1.09404340309924e-06,8.86912597078725,17.752814400656
AT3G04100.1,403,442,428,468,666,446,167,-0.28830329202564,8.87555438228161,-1.53016104625749,0.175296693530763,0.19533060136285,-6.48014900763915,-1.22120321436766
AT3G05610.1,116,312,204,4694,4718,3876,168,-4.4940120841359,9.86029393074177,-12.5674926250124,1.21754369572981e-05,2.53556429838878e-05,3.95470786934163,-22.5336963739529
AT3G05860.1,515,458,465,270,291,266,169,0.795031403856632,8.50840554590213,6.28937531136342,0.000663393855181562,0.000912769927356456,-0.488958744983878,1.73511514300272
AT3G06860.1,9019,8575,7795,753,561,504,170,3.82017755757655,11.1344176491645,20.454158490811,6.34961787361327e-07,2.77957762018377e-06,7.05888681216988,14.1249862456475
AT3G07190.1,2425,2587,2187,99,85,120,171,4.56279952605139,8.94439449027617,26.5850579260455,1.27130801883804e-07,1.13658069566167e-06,8.60415354099855,23.6341246395678
AT3G08040.1,274,222,228,30,29,52,172,2.71812804529023,6.55539980949798,10.6871281156405,3.1966659656355e-05,5.55210404557745e-05,2.89574479024924,6.58018454300829
AT3G08620.1,2572,2405,2070,255,225,352,173,3.09802172381467,9.64357864046946,15.0505959337685,4.10986141389434e-06,1.07507960156139e-05,5.12512833783216,8.56243851793663
AT3G08840.1,931,654,675,25,40,8,174,5.13083331771993,6.97472223359379,9.34746851528077,7.02416803452753e-05,0.000112439107716877,2.02297079226413,35.0376307465186
AT3G09340.1,146,107,48,225,117,108,175,-0.633912215146303,6.8400460046115,-1.325819716093,0.231676067330857,0.254843674063942,-6.73413133222821,-1.55176728401465
AT3G10900.1,687,496,605,137,181,132,176,1.98497974908642,8.2163570520359,10.139433664177,4.36057897166972e-05,7.30737647986839e-05,2.55232508793697,3.95857105934864
AT3G11200.1,5074,4674,4610,465,324,362,177,3.65283297215611,10.3971857496,21.2319818341646,5.05293442734083e-07,2.36284134758213e-06,7.28628193494887,12.5780203711579
AT3G11490.1,1024,984,885,65,85,64,178,3.74784143673419,8.03826294739676,22.9058541502623,3.17378176407584e-07,1.77219863539569e-06,7.74167154854566,13.4342272812009
AT3G12110.1,7738,6051,5391,992,824,701,179,2.92616835357136,11.1628266557744,14.2997264453939,5.59978692195448e-06,1.3199497744607e-05,4.79448741639071,7.60088998801013
AT3G12700.1,6371,5669,4868,4574,4047,4116,180,0.402048673516559,12.2510001154497,2.63653764845669,0.0375635342891487,0.0441500170138213,-4.93277604818086,1.32138298560751
AT3G13280.1,107,97,99,78,97,51,181,0.464841075206666,6.43873064108113,1.88507490513816,0.106839197277384,0.12061583061052,-6.00408593868693,1.38016530839625
AT3G13400.1,258,494,286,8911,8408,7337,182,-4.622474435671,10.6889038609452,-17.2429378199327,1.80041222167843e-06,5.76400629179139e-06,5.99438446560865,-24.6322145868784
AT3G14205.1,10267,8960,7480,1127,972,980,183,3.10679011525344,11.5547139487598,18.7261342124907,1.08885747884818e-06,4.02689533125749e-06,6.51320699187068,8.61463765210142
AT3G16320.1,1860,1731,1571,1124,1060,1062,184,0.665875649498073,10.4132191942658,5.13090302730232,0.00195670142270068,0.00255922228761766,-1.69961967216731,1.58653093231108
AT3G16720.1,2055,1376,1620,251,182,274,185,2.83311273288347,9.28197888984039,12.4333658413755,1.29835562251154e-05,2.61804708504675e-05,3.88468215695998,7.12610001997672
AT3G17250.1,1413,1644,1768,113,52,104,186,4.22103353990946,8.53553543208609,13.472858778354,8.01828503327749e-06,1.82002342818838e-05,4.40791925386575,18.649092720968
AT3G18210.1,4021,4146,3969,216,276,279,187,3.980632191601,9.99184156761338,26.4411853250549,1.31444655650401e-07,1.13658069566167e-06,8.57354978690621,15.7866394906814
AT3G19350.1,3647,3503,2975,582,428,433,188,2.81769958057647,10.3067621713364,15.7826018478704,3.08228082910373e-06,8.42228328462101e-06,5.43041049105241,7.05037297684302
AT3G21580.1,5334,4867,4410,278,312,316,189,4.0049322882055,10.2432925404032,28.7528639489108,7.84833090650353e-08,1.05216686215313e-06,9.03860260299231,16.0547944389024
AT3G21700.1,120,75,86,31,12,18,190,2.22045567166074,5.4263502463586,6.15000062999456,0.000749450585726645,0.00102068032151343,-0.625673989831159,4.66040609117631
AT3G22680.1,346,298,273,16,40,46,191,3.25374063739694,6.62673821788049,8.23935834950645,0.00014584693726307,0.000224259269124936,1.20801757274293,9.53835605264078
AT3G22810.1,1180,1037,1128,540,338,460,192,1.34432152037851,9.44991048932009,6.69433281219417,0.000470787740233899,0.000662189969050303,-0.104459889252577,2.53910757690051
AT3G22968.1,40597,41961,41791,355,332,556,193,6.68007024124577,11.9989168924155,30.3892501807842,5.58125698700364e-08,9.66605392539074e-07,9.3362615594462,102.541936722682
AT3G23060.1,1062,923,757,22,105,67,194,4.0442612364159,7.80177903549813,7.35042365524384,0.000279258465806413,0.000407489393982827,0.480951536075647,16.498480297279
AT3G23780.1,6965,6699,6578,358,281,169,195,4.70764347095148,10.3660825095956,16.7818929062791,2.12308856833226e-06,6.43234342104466e-06,5.82241587582991,26.1301494493666
AT3G24790.1,1492,1561,1513,2008,1848,1842,196,-0.318435011835316,10.7316597320051,-2.6496321516207,0.0368999481831784,0.0434892246444603,-4.91397404187269,-1.24697713515194
AT3G25170.1,55,79,38,739,760,631,197,-3.66407653879658,7.6369333480007,-13.342247159837,8.5022039610132e-06,1.90965732946317e-05,4.34454843076637,-12.67642947515
AT3G25250.1,303,219,182,5,23,2,198,4.93003318769627,5.38331242790263,6.6796786885459,0.000476530448344781,0.00066807700111082,-0.1180532167733,30.4851172076989
AT3G25260.1,28733,27120,21655,54,57,139,199,8.39048314044589,10.4514494787553,21.9248643398905,4.15065288737997e-07,2.1197977246262e-06,7.48017946186738,335.573071778881
AT3G25280.1,909,859,673,1134,1206,1076,200,-0.49465623720671,9.90550157388915,-3.06837586352483,0.0211019217960494,0.0255726679392802,-4.31806571072325,-1.40898498471881
AT3G25420.1,8142,7278,5922,6084,5208,4600,201,0.422472532134941,12.5730909362191,2.30499790182571,0.0593201832710855,0.0680437396344804,-5.40945966330567,1.34022249940806
AT3G25540.1,666,656,633,51,41,17,202,4.26231646642806,7.21871894733475,10.8463450170713,2.92869231234048e-05,5.17040741561344e-05,2.99236398460035,19.1904477336229
AT3G25710.1,1054,660,698,36,61,38,203,4.13721016519987,7.55162238089263,14.76951351282,4.6063340464989e-06,1.15804251623757e-05,5.00351216894554,17.5964215683597
AT3G26110.1,47,137,83,467,443,223,204,-2.12877704257101,7.42632331471153,-4.6038052440374,0.00338586413714998,0.0043489093258603,-2.3106571084879,-4.37346589217331
AT3G26410.1,3592,3271,2669,434,442,352,205,2.94999847565218,10.1481855220135,16.8685650214054,2.05762054971544e-06,6.39651605672407e-06,5.85515650043301,7.72748246655664
AT3G26590.1,1181,1067,867,643,649,645,206,0.672886114528399,9.67331077083899,4.32221485068601,0.00461176881070031,0.00580190269733264,-2.6536494468821,1.59425909826731
AT3G26990.1,5037,5339,4452,583,528,534,207,3.1671592591565,10.6836941470058,23.4125894977194,2.77510124879711e-07,1.70074062247709e-06,7.87111256761745,8.98276292937602
AT3G27150.1,271,162,132,1,0,6,208,6.228039502975,4.38313805884003,8.72427293030172,0.000104892006372508,0.000165436289462522,1.57616061365829,74.9595040642506
AT3G27440.1,58,62,60,78,39,98,209,-0.154801717573145,6.00762096226145,-0.459927057576929,0.661264908664368,0.673830512629487,-7.50985536128778,-1.11326860129601
AT3G27640.1,606,503,471,142,152,133,210,1.87404243639621,8.09813734150771,12.4309459733142,1.2998695317365e-05,2.61804708504675e-05,3.88341162196453,3.66558239900635
AT3G27980.1,2531,2550,2250,13,0,18,211,8.56799225966126,6.96909027499769,7.85684805977956,0.000191423397655285,0.000286134625763474,0.903859629653716,379.509518361883
AT3G28750.1,323,606,422,8966,7784,6699,212,-4.15230660811263,10.8461254914764,-16.0293690407613,2.80540455260366e-06,7.81505553939592e-06,5.52977395133946,-17.7815182660904
AT3G28980.1,157,317,151,1473,1444,1687,213,-2.95962751942842,9.10134416534922,-9.67198499447458,5.75345468948191e-05,9.34936387040811e-05,2.24481990779863,-7.77923084816577
AT3G42830.1,198,149,144,258,191,180,214,-0.352088091478818,7.5244948460909,-1.69409543451003,0.139609852875166,0.156377615883672,-6.2647168880766,-1.27640670430264
AT3G43520.1,7480,6671,6856,552,708,464,215,3.62480546746433,10.9596908648887,19.4128901549447,8.73908094662607e-07,3.51651805236999e-06,6.7371345398842,12.3360231057222
AT3G43540.1,6007,5291,5187,346,428,309,216,3.9344930375642,10.4538298838994,23.4470510494816,2.75016772202489e-07,1.70074062247709e-06,7.87978170641645,15.2897513251471
AT3G43920.1,10012,10109,10255,2040,1663,1563,217,2.53691253533625,12.0372979284952,17.147888178885,1.86200196213556e-06,5.87352089526584e-06,5.959368779726,5.80345698095522
AT3G44370.1,528,427,484,9,30,0,218,6.14476914343848,5.83109270681065,5.2126148129405,0.00180327358865524,0.00237301953844508,-1.60842241535364,70.7554387928655
AT3G45090.1,6410,5743,4810,1519,1397,1183,219,2.0459457306503,11.4324587384369,11.8572524473784,1.72405344716607e-05,3.25823316667068e-05,3.57480332157142,4.12943880337065
AT3G45870.1,4113,4389,3283,7,12,26,220,8.1107474981403,7.87381615583834,18.5378104881155,1.15812263570937e-06,4.16757315442995e-06,6.45007398978909,276.425614808892
AT3G48950.1,2943,2721,2234,3305,2936,2764,221,-0.194663300369184,11.4506891247285,-1.21051834606715,0.270218270099274,0.294971088734322,-6.86852430095894,-1.1444570332996
AT3G49500.1,4854,4530,4383,483,221,262,222,3.91223444862116,10.2068499219496,13.0698950815992,9.62415660597138e-06,2.1173144533137e-05,4.21027364277372,15.0556641782835
AT3G49660.1,2832,2545,2047,335,422,199,223,3.00714804153534,9.75713650932548,9.95201098537632,4.86633810362098e-05,8.05904482745102e-05,2.43068608004334,8.03973551508905
AT3G49680.1,7165,6763,6245,808,868,688,224,3.09592056489754,11.165149759765,21.0687100748014,5.2974887819825e-07,2.44368030910806e-06,7.23942406470549,8.54997715312764
AT3G49730.1,631,617,479,84,12,75,225,3.70812540132254,7.30664875656873,5.14027415613238,0.00193837703215603,0.00254300839998452,-1.68911356754734,13.0694398246595
AT3G49770.1,15,22,0,487,321,371,226,-5.75908369024284,5.72072916380709,-4.95576269593401,0.00233789743530248,0.00304850455849472,-1.89824145507596,-54.1572917371537
AT3G50060.1,8116,7168,6804,322,230,259,227,4.77238643742917,10.4560289550941,27.6673989145489,9.94584911908398e-08,1.09404340309924e-06,8.82714073941556,27.3294863021284
AT3G50720.1,34,57,2,4460,4106,3517,228,-7.7784446398103,8.07996449083638,-7.2726735893863,0.000296488713806598,0.000429708304807536,0.413865330145208,-219.555922269524
AT3G51895.1,9785,8790,5914,48,47,101,229,7.00545996789211,9.46009587954868,19.6433301208323,8.13117167189408e-07,3.32216442594529e-06,6.81013379910611,128.48534167623
AT3G53000.1,2652,2434,2141,86,69,100,230,4.81913992880105,8.81971596291569,26.310876059933,1.35498978526467e-07,1.13978552525204e-06,8.5456298364149,28.2296615838064
AT3G53370.1,744,743,601,327,332,219,231,1.26519500600108,8.80536086473854,5.98959734607022,0.000864650861383068,0.00116646295450735,-0.785905920095976,2.40359696615525
AT3G54100.1,3259,3085,2857,495,217,328,232,3.21954812929532,9.97121553428067,10.6871889084139,3.19655838149623e-05,5.55210404557745e-05,2.89578195040008,9.31495067203154
AT3G54800.1,69,130,80,820,951,839,233,-3.26258189046161,8.13214295235315,-12.8831357324337,1.04927269491572e-05,2.25068993059422e-05,4.11648774501716,-9.59698933854422
AT3G55320.1,7394,6993,6615,136,94,114,234,5.93420076320653,9.80489296234854,34.5289316218946,2.53984964627405e-08,7.7828249875112e-07,9.99130802615196,61.1466164048452
AT3G55420.1,7749,6809,6087,45,13,58,235,7.67053746465849,8.9064553748214,14.3845032697956,5.4034598551402e-06,1.28782459880841e-05,4.83275494418901,203.733224911222
AT3G57220.1,2569,2437,2072,361,298,425,236,2.71266075810124,9.84251610621967,14.9755317381838,4.23610869519421e-06,1.09475339170983e-05,5.09289617713716,6.55529523780365
AT3G57270.1,33323,30049,25749,20156,17782,15520,237,0.737499276814514,14.4817957432165,4.38196293197987,0.00431492282163737,0.0054766328120782,-2.57989561198961,1.66728331508677
AT3G58470.1,619,692,623,73,144,79,238,2.76231587191415,7.95158811946749,10.0526608162784,4.58679752933058e-05,7.6268842638869e-05,2.49627856511141,6.78484506728759
AT3G59640.1,1331,1122,1039,162,178,157,239,2.7995212376093,8.77853551202879,18.7858197207259,1.06791577544499e-06,3.98379015361652e-06,6.53305752531165,6.96209373266391
AT3G59790.1,2895,2519,1775,2110,1821,1222,240,0.48741432538133,10.9541160945829,1.75336453527399,0.128510468194412,0.14432196559006,-6.18479735670758,1.40193000940695
AT3G61620.1,648,629,476,171,138,96,241,2.1313364909264,8.11404113533411,8.4521156846312,0.000125955731369973,0.000197208061159556,1.37186082182098,4.3812316325653
AT3G61740.1,905,892,950,141,135,120,242,2.7877039793328,8.44587638900961,21.5781010062795,4.57651352905879e-07,2.25375700096737e-06,7.38412860703238,6.90529945320455
AT3G62130.1,777,889,945,97,79,102,243,3.22128192599785,8.15168711839419,20.1172772905342,7.02845533246411e-07,2.89923782464145e-06,6.95703526253027,9.32615188827779
AT3G62230.1,57,129,95,4895,4042,4120,244,-5.59402192345589,9.285448064687,-18.3885907670709,1.21664689095903e-06,4.27820914935593e-06,6.39950473760167,-48.302364998593
AT4G00220.1,2956,3504,3786,5,30,34,245,7.50783837828325,7.97673313182595,11.1323043818226,2.5098283664345e-05,4.52401835798487e-05,3.16243835809067,182.005517764899
AT4G00231.1,1965,1956,1793,337,207,190,246,3.00189727980921,9.39386463405761,12.5981959789107,1.1998720195366e-05,2.51095168966439e-05,3.97062888268907,8.01052767412793
AT4G00540.1,752,733,448,169,115,156,247,2.10824042069979,8.24145110373553,8.00404816589747,0.000172180155638063,0.000258270233457095,1.02240447408929,4.31165104371872
AT4G00550.1,1596,1506,1249,228,102,110,248,3.38873483230941,8.8010741433648,10.3267129184989,3.91478987934302e-05,6.71777943295263e-05,2.67173363899925,10.4739580917586
AT4G00570.1,22285,18635,15993,2246,1611,1629,249,3.37860705942582,12.508995758655,16.6021316499358,2.26671899048066e-06,6.66957476982422e-06,5.75388843248913,10.4006879964172
AT4G00690.1,314,278,268,63,42,44,250,2.5255579472471,6.90215159063414,13.0575152574207,9.67909054076077e-06,2.11853563366652e-05,4.20410038908112,5.75796072069963
AT4G00730.1,19416,19836,17486,997,718,755,251,4.53331591067905,11.9383200853387,26.5557927698421,1.27994812924457e-07,1.13658069566167e-06,8.59794721239625,23.1560281544242
AT4G00780.1,1291,1305,1251,0,1,1,252,9.658782794391,5.49605806386216,33.1157965844916,3.28652417591852e-08,8.31630945198789e-07,9.78207792564693,808.320033828967
AT4G01840.1,3774,3861,4028,289,223,112,253,4.32205216457044,9.76350707378113,12.4846584412186,1.2667405444522e-05,2.60015164387557e-05,3.91155309425364,20.00172004498
AT4G02700.1,470,379,392,2,18,18,254,5.32900227753134,6.02477364796844,7.33587930139291,0.000282392525340221,0.000410665740240525,0.468447051191729,40.1966196535162
AT4G03110.1,1171,1114,1243,388,418,369,255,1.58418046005289,9.40736164309373,12.4339287280373,1.2980037635673e-05,2.61804708504675e-05,3.88497766013034,2.99837423282615
AT4G05470.1,9,20,0,1066,672,503,256,-6.90561385375618,6.02422209943346,-6.28861327760908,0.000663832674441059,0.000912769927356456,-0.489699996408361,-119.893850574627
AT4G08590.1,2741,2951,2435,1301,1075,1053,257,1.24638434412883,10.7764039211842,8.14475527185559,0.000155835081140732,0.000237911921029801,1.13396015401159,2.37246095496188
AT4G09580.1,1094,950,867,29,21,53,258,4.8767860671281,7.47879627236714,14.545204526492,5.05274924513152e-06,1.22553475281688e-05,4.90462666856482,29.3804801283026
AT4G09900.1,2866,2732,2376,57,76,68,259,5.29441004303518,8.72496901905114,32.5093749516239,3.68321397640489e-08,8.31630945198789e-07,9.6879205890766,39.2442679494083
AT4G10160.1,62,104,121,1718,1121,1072,260,-3.77479412403815,8.42815132159538,-12.1075158807414,1.52188924584292e-05,2.95425559487154e-05,3.71126624616244,-13.6875670236711
AT4G10640.1,5685,4805,4638,325,157,289,261,4.3503331517447,10.1193059066801,14.823060523724,4.50662408365383e-06,1.14570187568765e-05,5.02687531194298,20.3976797906293
AT4G11130.1,3830,4456,4418,234,333,311,262,3.86308110463074,10.1134150382825,21.6164902973553,4.52695377608284e-07,2.25375700096737e-06,7.3948585499901,14.5513500455554
AT4G11320.1,148,104,211,0,2,1,263,6.35879066399011,4.04104949890211,13.9890332745693,6.39336279445892e-06,1.47459819291552e-05,4.65211701074224,82.0704332383349
AT4G11400.1,402,320,267,1020,1128,1053,264,-1.71036712239333,9.20423512989934,-9.41078103642785,6.75272564111155e-05,0.000108498850188646,2.06681307216842,-3.27244086582914
AT4G11510.1,949,647,614,852,556,442,265,0.282325989705399,9.35752910725715,0.952336111166073,0.376580013108726,0.401872700556327,-7.14007111095689,1.21615405290397
AT4G11940.1,146,120,115,407,451,474,266,-1.80262381012215,7.89348409747392,-11.8930162484014,1.69334465249418e-05,3.21435776955753e-05,3.59448308773185,-3.48854105011608
AT4G12080.1,933,993,891,39,71,67,267,4.01532158120408,7.86743276979538,16.1910129681132,2.63964229926527e-06,7.54937697589868e-06,5.59393169061499,16.1708272696956
AT4G12140.1,217,219,202,275,220,218,268,-0.152111373428004,7.81434900520959,-1.03286757266261,0.340280632077473,0.36586564200811,-7.06020051428017,-1.11119450753502
AT4G12590.1,3533,3811,3164,227,280,218,269,3.85643503959681,9.84225198446068,24.3554635913676,2.17783044225791e-07,1.41558978746764e-06,8.10238828209324,14.4844704885993
AT4G12790.1,995,843,891,83,73,63,270,3.62674341076262,8.01396196818388,23.1193796653631,2.99818959607492e-07,1.738139644211e-06,7.79666766652604,12.3526049725679
AT4G13345.1,896,1021,984,11,3,18,271,6.63907785201196,6.59716893072756,12.0767888439826,1.54517416558866e-05,2.97910193405921e-05,3.69466719397008,99.6693387575957
AT4G13460.1,24645,24101,21077,4504,3519,3369,272,2.62405917561419,13.1910975812387,15.8780651157621,2.97157491151804e-06,8.1718310066746e-06,5.46905561022265,6.16482172670258
AT4G14690.1,13553,9834,6767,15050,11836,8886,273,-0.270471372128647,13.3734537681977,-0.862264752667291,0.420652685480806,0.445580252027816,-7.22361150974423,-1.20620186596679
AT4G15040.1,2056,1826,1755,1610,1519,1791,274,0.196237605864217,10.7751025726305,1.41291777680268,0.205883113239619,0.227638803040713,-6.62813008036796,1.1457065755431
AT4G15050.1,52349,48789,37960,29775,25416,21023,275,0.869104039784144,15.0529246989718,4.37221767981794,0.0043618456433289,0.00551985776102684,-2.59188928205059,1.82652821514323
AT4G15380.1,626,546,419,0,0,0,276,9.03398805775357,4.51699402887679,50.7259296734318,2.360018332634e-09,7.41859723789976e-07,11.6526681986137,524.205273769355
AT4G15900.1,6048,5524,5451,1032,962,934,277,2.53799015327905,11.199941437134,20.2297943097272,6.79277225167131e-07,2.88524682769009e-06,6.99128625799529,5.80779347997224
AT4G16760.1,80359,76052,69571,9195,7614,7901,278,3.19523515075443,14.6007579764007,22.6059426021211,3.44095512664306e-07,1.84521218666234e-06,7.66328729980361,9.15928607255757
AT4G17486.1,1115,1208,1219,564,510,523,279,1.14789191125031,9.6315158022177,9.23961740593904,7.51603073359162e-05,0.000119865322851703,1.94764676850943,2.21589867125303
AT4G18400.1,528,534,523,26,54,25,280,3.96908502037025,7.06343815479487,13.0171786985579,9.86061066676714e-06,2.13646564446621e-05,4.18394370620346,15.6607892950042
AT4G18800.1,4626,3927,3496,692,526,545,281,2.77207161462781,10.576411752212,15.5137069382269,3.42071537570782e-06,9.28789174796616e-06,5.32013433112774,6.83088078806636
AT4G18870.1,1256,1266,1037,1246,1260,1013,282,0.0173734082526575,10.1988334531801,0.108605740401883,0.916946866412696,0.923404238711377,-7.62352871979347,1.0121151297271
AT4G19120.1,41535,26841,20115,836,754,612,283,5.27372504868767,12.146582494495,18.187251423429,1.30113053561849e-06,4.49956459931834e-06,6.33049494656487,38.6856081540559
AT4G20800.1,9862,9668,8010,12762,12398,11323,284,-0.40999454115596,13.3632400772255,-2.84436185949834,0.0283755863236777,0.0341941756540948,-4.63532780011663,-1.32868078664808
AT4G20830.1,6665,6195,5778,2241,2031,1658,285,1.66032592164732,11.7686141010015,10.3012863744366,3.97211711838638e-05,6.76205652296729e-05,2.65564484963386,3.16087924631226
AT4G21430.1,2091,2058,1836,25,39,20,286,6.15561530872778,7.88270273296629,24.4028210001612,2.15200616359303e-07,1.41558978746764e-06,8.113688657063,71.2893819701896
AT4G21630.1,15626,12642,12813,968,875,831,287,3.93588602623768,11.7664695575046,26.4572997310875,1.30953131579498e-07,1.13658069566167e-06,8.57698911018246,15.304521415458
AT4G21760.1,3766,2795,1467,7,19,5,288,7.98036487351917,7.29247930196243,14.7163240117864,4.70791472731477e-06,1.17056482166849e-05,4.9802129934191,252.539434288029
AT4G22430.1,321,288,281,444,340,323,289,-0.301915181582821,8.36608889512944,-1.79266197615388,0.121629040753601,0.13695238447059,-6.13130028661455,-1.23277984617603
AT4G23110.1,144,179,59,846,1038,890,290,-2.98927564593507,8.35418875028524,-7.25237507250767,0.000301185451491236,0.000435045652154007,0.396252901933954,-7.94075203807307
AT4G24640.1,49,45,45,515,426,269,291,-3.04505167006861,7.08618586899722,-12.0518466021544,1.56437839600848e-05,2.99043579001572e-05,3.68116138661311,-8.25376103725836
AT4G24740.1,781,642,682,91,29,14,292,4.33936611521711,7.28213077336657,6.92417649231567,0.000390310073505874,0.000554447091172251,0.105711025601774,20.2432091801104
AT4G25280.1,802,797,674,104,70,40,293,3.48890005462966,7.81829824124446,10.1818362517745,4.25472981742511e-05,7.18613815620225e-05,2.57954568763078,11.226996010434
AT4G25530.1,7741,6953,6281,36,12,72,294,7.73313617634062,8.89980730238699,12.9539533281883,1.01531139756132e-05,2.18878688217994e-05,4.15221710582691,212.76782282743
AT4G26140.1,1515,1486,1510,491,386,325,295,1.92603283322454,9.59216055518385,10.7130367869023,3.15119190466865e-05,5.51780133511367e-05,2.91156298761521,3.80008801389515
AT4G26410.1,3758,3494,3242,288,337,276,296,3.54025865464319,9.99997842226561,24.7283621745933,1.98379439459423e-07,1.41558978746764e-06,8.19057866198381,11.6338657377869
AT4G26640.1,3615,3258,3086,118,135,138,297,4.6603868964957,9.36393400734178,33.6381517160272,2.98415583647345e-08,8.31630945198789e-07,9.86104070949771,25.2881027380492
AT4G27890.1,1395,1560,1119,1141,1238,1041,298,0.242391365116861,10.2736780058191,1.4166754674804,0.204831204818734,0.227060947977357,-6.62347748645066,1.18295186036384
AT4G29530.1,627,644,648,44,56,27,299,3.94591757821645,7.3503247999589,14.7098475700945,4.72045953726452e-06,1.17056482166849e-05,4.97736975606592,15.4113098244624
AT4G29550.1,247,190,133,100,116,127,300,0.6897127088484,7.18771508853593,2.76348682974416,0.0316288086421951,0.037795985814768,-4.75080264802625,1.61296228913242
AT4G31060.1,1199,1125,1074,65,20,32,301,4.98494169518576,7.65283940142477,12.3288954954928,1.36561118703629e-05,2.73760373475966e-05,3.82959733416619,31.667733165433
AT4G31080.1,3546,3290,2842,109,163,25,302,5.37018029115108,8.96487395767015,8.10346676472328,0.000160439004516363,0.000242353284991267,1.10140152802125,41.3604590038235
AT4G31180.1,6948,6467,5515,435,470,438,303,3.80841855553505,10.7128241790759,26.7901627038438,1.21261730342855e-07,1.13658069566167e-06,8.64738354505414,14.0103253693896
AT4G31720.1,651,531,449,70,37,65,304,3.25857434288086,7.443310088876,11.4575510566331,2.11493838641486e-05,3.84452782954227e-05,3.35068148400288,9.57036761897281
AT4G31770.1,139,148,136,15,18,14,305,3.09722183710518,5.60021695490329,21.5424584541774,4.62309128403564e-07,2.25375700096737e-06,7.37414466874772,8.55769248204106
AT4G32120.1,3979,3646,3302,449,549,518,306,2.84798290868857,10.4028780303399,19.2860092715444,9.09622342866334e-07,3.61322208416349e-06,6.69649007079747,7.19993014175126
AT4G32500.1,3531,3894,2667,151,150,198,307,4.32408777282326,9.5363628441824,21.2222317873411,5.06716559388242e-07,2.36284134758213e-06,7.28349649318234,20.0299619139616
AT4G32850.1,5207,5528,5534,500,279,481,308,3.73428168160543,10.5374205562594,15.1104371208676,4.0123306113538e-06,1.05600603206796e-05,5.15069713285644,13.3085517726328
AT4G33830.1,1707,1446,1362,1551,1203,1280,309,0.164308011222987,10.4676830987076,0.998098446035471,0.355596355738468,0.381377091529507,-7.09525966100081,1.12062843959043
AT4G33840.1,12467,10697,9243,11816,9506,9113,310,0.089359389925777,13.3437527958502,0.500656560875003,0.633895736066453,0.650577202805044,-7.48800575521627,1.0638976675544
AT4G34330.1,222,176,154,234,111,106,311,0.373097000084598,7.32832811838355,1.09708210390151,0.313396494640546,0.338798181790677,-6.99325613727139,1.29513007443174
AT4G35050.1,1633,1579,1460,230,239,254,312,2.68654950004341,9.26093910798285,21.4252457637558,4.78018733512854e-07,2.30415771547207e-06,7.34116361286321,6.43771852722124
AT4G35740.1,1775,1581,1517,84,188,124,313,3.6841627270725,8.8212205785432,12.4463309918964,1.29027903614815e-05,2.61804708504675e-05,3.89148507615112,12.8541537353409
AT4G36220.1,1422,1309,862,74,57,121,314,3.85525025631464,8.2668041358861,11.6675088203564,1.89814705192463e-05,3.47993626186182e-05,3.46937615483665,14.4725803015616
AT4G36590.1,677,575,588,488,491,431,315,0.382032541984724,9.06804715847734,2.76830141703843,0.0314243838592031,0.0376565940659166,-4.74391705239755,1.30317654398357
AT4G36830.1,220,137,126,27,15,36,316,2.62276780508507,5.98365333177139,7.1453241124177,0.000327410083667566,0.000471338677494583,0.302688702983406,6.15930600306256
AT4G38700.1,24455,23831,19053,14282,12108,10752,317,0.859354800510246,14.0157624393109,4.90673507583105,0.00245915104445867,0.00318723806064281,-1.95462083692414,1.81422677393552
AT4G38960.1,398,302,284,82,38,52,318,2.54995830799168,7.07109985558663,8.40085524187701,0.00013044685139949,0.000203166962433796,1.33272323072265,5.85617354554628
AT4G39390.1,5151,4705,3910,249,196,280,319,4.24742062657749,10.0311311214019,22.1890819362756,3.85685742782819e-07,2.02793170046912e-06,7.5520721431058,18.993325575749
AT4G39650.1,63079,60672,45477,65827,56807,49776,320,-0.0322895479498388,15.7849925260776,-0.169726483230615,0.870631046916544,0.880897922469805,-7.61370524689276,-1.0226337519396
AT4G39690.1,4342,4263,3891,436,449,420,321,3.25527229040338,10.3952851731297,26.423440694308,1.31988383033186e-07,1.13658069566167e-06,8.56975913569505,9.54848793027099
AT4G39753.1,135,150,131,169,113,58,322,0.415112566756528,6.91586428326636,1.09676084241454,0.313526522542887,0.338798181790677,-6.9935979126606,1.33340271221898
AT4G39955.1,2462,2354,2428,668,456,577,323,2.10567353114492,10.1851162449725,12.1726173368322,1.47388199766153e-05,2.90043750915962e-05,3.74629280364387,4.3039864356784
AT5G02630.1,1469,1240,1095,60,34,25,324,5.04548661672189,7.77622999924393,15.441243711206,3.51915200919216e-06,9.43572632464648e-06,5.29005132808007,33.0249990926489
AT5G02880.1,15846,16405,15593,724,896,605,325,4.44286203926126,11.7394228007288,25.3582024201359,1.69976465762182e-07,1.3380180313702e-06,8.33552179866585,21.748771999132
AT5G03020.1,542,468,484,372,341,402,326,0.421524357908373,8.74926896684389,3.07498982158544,0.0209203950757437,0.0254245027974335,-4.30876671018736,1.33934196201197
AT5G03240.1,53377,59193,72389,5313,4836,6132,327,3.50092239479945,14.1497467209254,20.1178968218679,7.02713193223819e-07,2.89923782464145e-06,6.9572244985674,11.320944291969
AT5G03280.1,23961,22272,20453,1471,1332,1138,328,4.08466310350856,12.3948565693723,26.6825208513779,1.24301753383003e-07,1.13658069566167e-06,8.62475393818076,16.9670412752196
AT5G03370.1,3355,3253,2659,625,422,369,329,2.73727396864401,10.217275037845,11.8107515966793,1.76494872366969e-05,3.32089036164166e-05,3.54912497906748,6.66809181163847
AT5G04560.1,13383,13381,13144,1230,1283,1223,330,3.41634066804681,11.9913144594565,29.4164169158755,6.81971689293489e-08,9.75219515689689e-07,9.16224659488509,10.6763060890086
AT5G06020.1,195,285,293,115,167,129,331,0.900529098265056,7.54115329277746,3.94020704324325,0.00714643490320137,0.00893825240079705,-3.1376448649592,1.86675047516436
AT5G06500.1,2740,2505,2305,488,617,665,332,2.09943401995718,10.2445610266212,12.5217735430752,1.24441839714862e-05,2.56661294411902e-05,3.93092575334447,4.28541232105896
AT5G06670.1,7116,6714,6658,450,373,443,333,4.01767369342288,10.7282681632091,29.4964500967743,6.70655735336591e-08,9.75219515689689e-07,9.17688295507052,16.1972130421889
AT5G07430.1,165,268,219,3293,2799,2317,334,-3.69587976504565,9.59056038499889,-16.0063705342335,2.82995545805494e-06,7.83258639681011e-06,5.52058633903,-12.9589755253533
AT5G07460.1,884,822,981,269,186,131,335,2.24858576780326,8.68032760933393,8.2653127267867,0.000143236636108247,0.000221037830541144,1.2282042749287,4.75216776348114
AT5G08360.1,613,596,489,38,47,23,336,3.988330895111,7.14594118765702,14.4128408585949,5.33962000133582e-06,1.2862535153873e-05,4.84549176672297,15.8711074559357
AT5G09490.1,737,749,710,705,690,679,337,0.082157443755305,9.47623112514337,0.703758076321955,0.50715313643189,0.52936422269898,-7.35433588298258,1.05859991537473
AT5G09900.1,5219,5064,4801,692,662,595,338,2.9522850702214,10.8190575760147,22.8975249152051,3.18086934558201e-07,1.77219863539569e-06,7.73951269844891,7.7397398245171
AT5G10220.1,1261,1261,923,1152,1062,1030,339,0.0732700449433938,10.1149454546554,0.429242994370692,0.68226999073962,0.693587265467528,-7.52517155527267,1.05209869354502
AT5G10440.1,543,494,457,476,454,567,340,0.000212011239336007,8.95921110915175,0.00141109065796352,0.998918446367236,0.998918446367236,-7.63035453623954,1.00014696579121
AT5G10950.1,4203,4219,3572,1837,1624,1198,341,1.38191114621185,11.2702092389414,7.01304674796793,0.000363502954085489,0.00051808228339759,0.185474661184218,2.60613378525443
AT5G11310.1,718,799,636,80,80,101,342,3.03224278824319,7.96682984336851,18.4926861810715,1.17546935124947e-06,4.16757315442995e-06,6.43483300010312,8.18080486021799
AT5G11460.1,1007,868,941,16,49,20,343,5.16547969537443,7.29061866562182,12.8347968659669,1.07320873205883e-05,2.27924032699622e-05,4.09198147072734,35.889245669356
AT5G12840.1,1790,1841,1735,360,362,290,344,2.41020069757686,9.59995238471883,16.7740632231258,2.12912066617329e-06,6.43234342104466e-06,5.81944863871384,5.3154826574786
AT5G13620.1,197,189,123,181,101,106,345,0.410573856742033,7.17918258456146,1.37274732113628,0.217438737770513,0.239797476872879,-6.67746564612828,1.32921442683502
AT5G14620.1,1459,1497,1570,47,56,108,346,4.49733506261917,8.31067981119719,14.4006904783568,5.36688529730365e-06,1.2862535153873e-05,4.84003389861543,22.5856583528888
AT5G15140.1,12,30,11,209,186,261,347,-3.68498814994736,5.92236025139006,-9.50328785673995,6.37754473438419e-05,0.000103244026077389,2.1303791151266,-12.8615102091908
AT5G15380.1,13,0,5,65,30,31,348,-3.20209100232219,3.73181797542068,-3.36044781458318,0.0144959290155038,0.0178187780734989,-3.91189009796199,-9.20291563003698
AT5G15470.1,10194,8404,6774,262,265,235,349,5.03392233866692,10.5092426607186,27.3793500109958,1.0607361886481e-07,1.12340073611399e-06,8.76901713480743,32.7613371994119
AT5G17320.1,6024,6082,5312,497,306,280,350,4.04870023823019,10.4765244850015,16.7851904405218,2.12055402711751e-06,6.43234342104466e-06,5.82366507655226,16.5493223449722
AT5G19600.1,1404,1594,1591,195,145,186,351,3.12696362714043,9.01395810119784,19.1327873421638,9.55029089039627e-07,3.75878421282569e-06,6.64697399094615,8.73594411479292
AT5G20810.1,447,416,398,406,412,310,352,0.170616568636104,8.63185952625682,1.05634526088968,0.33024192852109,0.355964289787808,-7.03604860910271,1.12553940685599
AT5G21150.1,46742,43303,43387,1760,1720,1653,353,4.69890991758182,13.0904396571385,39.1109039493776,1.17709629535585e-08,7.41859723789976e-07,10.583511793738,25.9724448114688
AT5G22440.1,5966,5906,5161,1785,1895,1704,354,1.65929958211352,11.6385883370338,12.602894653203,1.19719388141114e-05,2.51095168966439e-05,3.9730617998086,3.15863138271826
AT5G22920.1,15155,15425,17551,333,375,415,355,5.42043092272465,11.2564597487932,37.0388621039613,1.647252997884e-08,7.41859723789976e-07,10.330811325652,42.8264718047569
AT5G23210.1,87380,85183,80719,6865,6276,6162,356,3.71447823147339,14.5074160195063,29.9671092164896,6.08353044255361e-08,9.66605392539074e-07,9.26178326142884,13.1271172978276
AT5G23340.1,1966,1860,1833,150,193,118,357,3.63709538703753,9.06292614179215,18.074514589916,1.35139785649403e-06,4.52929437840578e-06,6.29145792128311,12.4415591486803
AT5G24240.1,9057,6686,7933,1951,1764,1641,358,2.13617489689236,11.8672301876126,13.0295128242785,9.80469082523199e-06,2.13513317970788e-05,4.19011416779279,4.39594975586442
AT5G24380.1,2993,3008,2388,431,358,582,359,2.63167947555369,10.1258662741725,12.0466548367708,1.56841037937887e-05,2.99043579001572e-05,3.67834654386685,6.19747039889137
AT5G24460.1,9185,8577,7355,795,682,513,360,3.67278716508027,11.1890572285493,18.1408560823662,1.32155044175783e-06,4.49956459931834e-06,6.31446448874189,12.7531980585278
AT5G24810.1,28780,24524,20451,1561,1292,1255,361,4.15814762632768,12.4925091621118,23.0668296687662,3.04033563527291e-07,1.7390719833761e-06,7.78319453335363,17.8536559707302
AT5G25410.1,17254,17562,12559,744,597,688,362,4.53268963743891,11.6641643061368,24.3557936335162,2.17764922871137e-07,1.41558978746764e-06,8.10246713840842,23.1459783149434
AT5G25950.1,1820,2335,1415,2144,1747,1646,363,-0.0119769752246697,10.8353035929256,-0.0536748978430853,0.958882903335334,0.963374158151893,-7.62868699212323,-1.00833636216342
AT5G26250.1,520,552,433,909,779,1057,364,-0.862116831997335,9.39700057098456,-4.92217219926018,0.0024202237859323,0.00314629092171199,-1.93683189372644,-1.81770342777701
AT5G26630.1,681,518,403,851,687,413,365,-0.254343730764472,9.15764857876018,-0.783455955095797,0.462243824124888,0.484847434106545,-7.29131909539997,-1.19279302858638
AT5G26650.1,3037,2847,3148,123,114,107,366,4.70358125470305,9.20331524851644,36.6871672678575,1.74716778540987e-08,7.41859723789976e-07,10.2855466061121,26.0566779144957
AT5G26700.1,371,392,239,2590,2394,1764,367,-2.76204026666234,9.73583176965622,-10.8955531097572,2.85118251438751e-05,5.07534148826656e-05,3.02194360543794,-6.78354904818464
AT5G27910.1,220,221,279,75,130,94,368,1.28679843979151,7.26046792766642,5.49271739888392,0.00137187002349517,0.00181645753110934,-1.30274583419597,2.43986012170172
AT5G27960.1,1989,1702,1740,79,26,84,369,4.99063646319071,8.3240537426582,11.0818219324893,2.57846871076233e-05,4.62829739295833e-05,3.13273045835883,31.7929826375794
AT5G28530.1,2290,2129,1969,102,144,158,370,3.9943622667597,9.05694532420735,20.1951386707009,6.86437328376507e-07,2.88707464581884e-06,6.98076192517136,15.9375975445062
AT5G34940.1,11892,11574,9627,7495,6585,5339,371,0.776617999307277,13.0348810199301,4.32996127084347,0.00457202296827262,0.00576881721584987,-2.64405739754495,1.71311024751676
AT5G35490.1,642,549,639,1,0,0,372,8.91796361020911,4.79231513843789,29.9957884207461,6.04779096975896e-08,9.66605392539074e-07,9.26689258690546,483.698284282236
AT5G37290.1,1392,1374,1282,46,71,146,373,4.09010490101134,8.35311451649111,10.1412794651267,4.35590857832122e-05,7.30737647986839e-05,2.55351228570859,17.0311612413083
AT5G37420.1,186,167,116,71,121,95,374,0.70798392084115,6.91586690699603,2.64966061989707,0.0368985191202863,0.0434892246444603,-4.91393317180327,1.63351977617539
AT5G37560.1,852,713,645,1,0,4,375,8.40988148505132,5.31225010748811,15.0111964586211,4.17557424898389e-06,1.08564930473581e-05,5.10823255193171,340.115627339617
AT5G38140.1,287,377,409,2,3,3,376,6.60889500814922,5.16610167098166,32.7144094953809,3.54317454373403e-08,8.31630945198789e-07,9.7200603454505,97.6058023066638
AT5G38195.1,3241,3087,2685,3262,2981,3184,377,-0.0682521564352996,11.582915745622,-0.503476341562611,0.632023338359012,0.650211060326177,-7.4864296467204,-1.04844570844045
AT5G39260.1,99883,94981,73947,69361,62022,54871,378,0.523799964065848,16.1772853510891,2.97986725927728,0.023702187200353,0.0286429248139477,-4.44290432430514,1.43773717052216
AT5G39440.1,797,904,709,603,560,514,379,0.518334603526833,9.38539740909824,3.44944920201678,0.0129611970264071,0.0160703859084643,-3.7901090243034,1.43230089549945
AT5G39560.1,221,178,189,176,228,227,380,-0.0972040334664586,7.664631100715,-0.576747018731018,0.584438249321653,0.604154238455396,-7.44265018217013,-1.06969835951617
AT5G40600.1,950,962,774,62,75,61,381,3.74111409051175,7.930358294366,23.4130150161659,2.77479178438598e-07,1.70074062247709e-06,7.87121971339995,13.3717287575271
AT5G40680.1,8264,8099,5804,9259,7959,7293,382,-0.15608600977426,12.9112382210844,-0.808251243529344,0.448853991211709,0.473116369115045,-7.27057982249472,-1.11426007816423
AT5G41260.1,2211,2310,2309,160,186,170,383,3.7211501660392,9.29246303398232,29.4569098541811,6.76218903450445e-08,9.75219515689689e-07,9.16965921786883,13.187965985828
AT5G41610.1,6567,6694,5611,699,482,536,384,3.46951242565195,10.8800458023771,18.9019391543187,1.02849599113715e-06,3.92578799746046e-06,6.57146147076998,11.0771314761695
AT5G41750.1,366,200,194,222,97,226,385,0.511953342148442,7.6700294148497,1.22998210338538,0.263344500367845,0.288200996576035,-6.84634864909142,1.4259795993569
AT5G41830.1,266,135,138,12,28,36,386,2.83307525558793,6.0058289874265,6.13748191505766,0.000757783854337516,0.00102876352376834,-0.638067152691206,7.12591490567319
AT5G41850.1,1451,1410,1077,38,140,110,387,3.94036667857813,8.37663981849278,8.13812340742409,0.000156564241817962,0.000238177516808177,1.12874027268676,15.352127344192
AT5G42670.1,558,416,460,50,78,35,388,3.17769996504209,7.30422701305135,10.4470752515685,3.65604183163199e-05,6.29896363763102e-05,2.74737707082034,9.04863367733948
AT5G42690.1,4186,4031,3753,24,5,29,389,7.91582825832223,8.00315055786258,13.1504066083794,9.2755662611757e-06,2.06177094613698e-05,4.25027182290109,241.49144283099
AT5G43780.1,2231,2073,2190,697,603,465,390,1.89667371648121,10.1315615616369,10.5121000184757,3.52448872673329e-05,6.09679703132492e-05,2.78789180578262,3.72353705963086
AT5G45980.1,564,479,450,357,427,405,391,0.325120865105291,8.79276665950284,2.14526462422265,0.0741489871271661,0.0846008390360486,-5.63790834551479,1.25276938787344
AT5G46230.1,1358,1057,697,32,21,23,392,5.27124954679139,7.33188751963466,18.1590901206535,1.31348114435357e-06,4.49956459931834e-06,6.32077046442259,38.6192849336063
AT5G46540.1,34731,30676,26503,6031,4607,3966,393,2.66686391444803,13.5608247561761,13.0863187743247,9.55183393922523e-06,2.11223544326166e-05,4.21845392265813,6.35047239617955
AT5G46810.1,23191,20866,18148,21899,19223,17519,394,0.0839661004554841,14.2906428292258,0.525458869228083,0.617528861748631,0.636826638678275,-7.47386392263615,1.05992787758323
AT5G47620.1,5644,4893,4699,566,549,395,395,3.34605064658608,10.632975107771,17.8796406711359,1.44369435583792e-06,4.72782350117916e-06,6.22329768425336,10.1686104827248
AT5G47770.1,11276,9316,9335,947,689,726,396,3.67010898998588,11.4433902798207,20.6749246281238,5.94596122807608e-07,2.62970862561303e-06,7.12451130198854,12.7295453712802
AT5G47790.1,7167,7043,6702,416,283,259,397,4.47470227613926,10.5293573067289,21.8533435998176,4.23458991422382e-07,2.1372224390612e-06,7.46052798116903,22.2341026710609
AT5G48650.1,15599,15802,14394,673,602,630,398,4.58544475013686,11.6040940977566,36.6173474906414,1.76783058781491e-08,7.41859723789976e-07,10.2764746216604,24.0080238167329
AT5G48670.1,327,330,222,21,65,67,399,2.64595024403317,6.85340464843195,5.62724200717024,0.00120721741670175,0.00161338402419019,-1.15967451341204,6.25907838577163
AT5G48970.1,1330,1358,1151,306,276,327,400,2.07438686069471,9.28165643569317,14.6648586042054,4.80867844469241e-06,1.18558796136382e-05,4.95758119659342,4.21165382830102
AT5G49160.1,1433,1560,1320,274,187,125,401,2.94211409944569,9.0161092442527,10.1230359147343,4.40232432540371e-05,7.34862698676339e-05,2.54176912796914,7.68536670563919
AT5G49810.1,25362,22346,19445,2739,2165,2144,402,3.25262583218838,12.8154927953752,18.8909767367068,1.03214451348777e-06,3.92578799746046e-06,6.56784800862599,9.53098838212154
AT5G49830.1,15545,14905,13031,1422,1280,1458,403,3.38303111965407,12.1276951847557,24.4977365290755,2.10130988134476e-07,1.41558978746764e-06,8.13624887247838,10.4326309167116
AT5G49890.1,5751,5561,5097,1157,1036,1132,404,2.30179992839507,11.2647505850719,17.973253409368,1.39847515130662e-06,4.61496799931185e-06,6.25614881093716,4.930725466023
AT5G49900.1,14224,12016,10400,500,281,356,405,5.03512213380048,11.0468938701079,20.3028496967066,6.64465180500428e-07,2.85782222033014e-06,7.01339917086318,32.7885939937064
AT5G50470.1,73,91,54,1438,1186,986,406,-4.04549544520933,8.19420606767487,-16.6669908381883,2.21363541151302e-06,6.59478883013254e-06,5.77871113768976,-16.5126005939033
AT5G53150.1,4735,4894,4432,1418,1294,1406,407,1.77093742913809,11.3080693378594,14.2622659466135,5.68915955273802e-06,1.33368822301891e-05,4.77749970977723,3.41275637520791
AT5G53250.1,4575,3616,4213,1147,864,972,408,2.05788819142353,10.9781971770387,12.1759125877923,1.47149892087477e-05,2.90043750915962e-05,3.74806064550118,4.16376368738076
AT5G53870.1,14433,11683,9424,4306,2960,3185,409,1.76328005011785,12.6289290033738,7.79747701163722,0.000199875196235572,0.000296700550813358,0.855502523318542,3.39469050644132
AT5G54095.1,87,104,85,1033,935,847,410,-3.33745458448534,8.20204125591118,-22.0648545024927,3.99187979522988e-07,2.06327280982364e-06,7.51840776651946,-10.1082026265635
AT5G54350.1,53,91,28,2189,1891,1363,411,-5.08653633450135,8.25541165170003,-11.7010128825257,1.86598104477134e-05,3.43564750303392e-05,3.48811753022725,-33.9781720213863
AT5G54650.1,10326,9280,8316,834,795,712,412,3.5720101258656,11.3926768210491,24.464800534477,2.11874308875729e-07,1.41558978746764e-06,8.12843373520556,11.8927473469617
AT5G57900.1,4804,4951,5092,176,112,182,413,5.00497732199689,9.77031677792586,23.342239619577,2.82681904015465e-07,1.70803572989626e-06,7.85336310170842,32.1105911957272
AT5G58030.1,2867,2430,1931,150,161,127,414,4.0235960411189,9.20454960129602,20.8302959285219,5.67967909058665e-07,2.59210886155497e-06,7.17017551907,16.2638402116638
AT5G58550.1,1969,1776,1710,177,112,229,415,3.44614316017862,9.1035390615313,12.7087591491255,1.13864671664805e-05,2.40630266720205e-05,4.02762906887545,10.899145757406
AT5G58760.1,678,512,551,270,192,105,416,1.7053602344816,8.32018896163585,4.84743419392663,0.00261539189647319,0.00337952748068374,-2.02327348152066,3.26110351087904
AT5G58840.1,30398,28606,24834,23844,20301,19851,417,0.389391274411473,14.5706056835323,2.60013622989608,0.0394755145454937,0.0462704801639803,-4.98507307070784,1.30984061777813
AT5G60440.1,1513,1231,1187,1307,1219,956,418,0.179022593015677,10.2589070873193,0.987871815398829,0.360203909280811,0.385355304442563,-7.10540705373169,1.13211663124108
AT5G60760.1,1863,1739,1839,1462,1553,1434,419,0.290409307408497,10.6796446084073,2.41117992853212,0.0511902002142447,0.0595060731924091,-5.25687869012237,1.22298720251367
AT5G62140.1,2101,1891,1756,11,9,7,420,7.59841706923381,7.10150539981974,40.4785043120581,9.51984298798665e-09,7.41859723789976e-07,10.7380981154164,193.798966816448
AT5G63740.1,171,136,86,271,290,228,421,-1.04810054624807,7.51313038429449,-3.85561771042034,0.00789789530439731,0.00982086111764188,-3.24770025251151,-2.06780557976884
AT5G64400.1,5880,5269,5136,722,696,736,422,2.91458529603962,10.9467551453247,23.1826726937638,2.94832384439518e-07,1.73264510855552e-06,7.81284203438275,7.54010856495488
AT5G65160.1,2062,2501,1868,79,91,121,423,4.46373921509674,8.82394540371745,21.3566355338505,4.87501293741926e-07,2.32375616683651e-06,7.32175203863005,22.0657857260813
AT5G65870.1,2212,1814,1566,1,13,15,424,7.9146587036997,6.89311432586905,9.94578343449078,4.88426959239456e-05,8.05904482745102e-05,2.42660687326376,241.295751452061
AT5G66100.1,1490,1502,1324,226,216,326,425,2.50874131176808,9.23478617096187,12.8677769586964,1.05681039221675e-05,2.25558038935814e-05,4.1087117523644,5.69123326399026
AT5G66250.1,2062,1896,2281,68,95,58,426,4.82666171290849,8.60537419207463,22.8485233546272,3.22293972073139e-07,1.77261684640226e-06,7.72679125425991,28.3772270146383
AT5G66750.1,1552,1515,1583,283,326,292,427,2.36620065773766,9.41565059534384,18.8209554426465,1.05580615123523e-06,3.97316525333257e-06,6.54470786461474,5.15581557046142
AT5G66910.1,3393,3035,2134,102,105,168,428,4.51381562047913,9.19534128291576,16.5983828456367,2.26983197294717e-06,6.66957476982422e-06,5.75245031509245,22.8451438299984
AT5G66985.1,77,72,45,0,3,13,429,4.06381127058056,3.96769060930948,4.45900575655478,0.00396324441396096,0.00506021384996802,-2.48557113053271,16.7235737280041
