AT1G02790.1,234,79,53,651,653,1203,1,-2.99405403762434,8.14813786668411,-5.25591938572141,0.00151866741290491,0.00219363070752931,-1.26639808152346,-7.96709643494584
AT1G02940.1,1008,1306,1095,343,402,307,2,1.69369954797912,9.29607888196455,8.78748425296607,7.95815657074949e-05,0.000147157291760842,1.98393331032422,3.23485164127001
AT1G04540.1,1346,1710,1453,251,357,373,3,2.2113265244065,9.44165998242052,10.0577606195619,3.5069673164649e-05,7.13027952020588e-05,2.87524612344387,4.63100888315184
AT1G05160.1,2828,3491,3637,717,1083,863,4,1.91332251844559,10.7316201183363,8.74088576724533,8.21683133436927e-05,0.00015064190779677,1.94896551269325,3.76675583267811
AT1G06470.1,1371,2002,1772,58,60,77,5,4.69440189569908,8.38012848311186,21.4687384047013,3.00221980279881e-07,3.01860766965298e-06,7.70903983932398,25.8914147887893
AT1G07690.1,108,166,175,82,129,135,6,0.375483383420853,7.01603172025233,1.29943073720432,0.238250839449734,0.269682348611968,-6.55060351516686,1.29727414113848
AT1G07705.1,2293,3116,2739,376,449,425,7,2.69421358959252,10.0494106363668,14.2979229412655,3.94770807003769e-06,1.20111117875615e-05,5.18801388160785,6.47200889056762
AT1G08030.1,4583,5381,4847,499,443,559,8,3.30333627330437,10.6148291926379,18.934268020891,6.68252500785675e-07,3.92712771009664e-06,6.95872579503771,9.87195811437049
AT1G08065.1,214,268,254,166,305,354,9,-0.0995862335179387,7.98779599976061,-0.320989923862133,0.758352822073682,0.783935808842433,-7.35445324038644,-1.07146612083503
AT1G09380.1,1151,1646,1541,1005,1581,1693,10,0.0393234191577303,10.4623839207824,0.146746958593786,0.887806245140868,0.902532889017612,-7.40089582796603,1.02763178504902
AT1G09550.1,119,119,130,85,93,98,11,0.412331322098382,6.74290240320231,2.60376042299435,0.0378384292316148,0.0466456498286286,-4.75070779175282,1.33083463878848
AT1G10010.1,390,467,500,269,243,290,12,0.752542677521324,8.44041409793466,4.19351395437474,0.00486477240753689,0.00662535670740738,-2.54719815776116,1.68475951942162
AT1G11420.1,426,590,581,96,217,267,13,1.56526518842816,8.26069471335469,3.91040002247937,0.00682150129729926,0.00917374312395418,-2.91651594827934,2.95931893456594
AT1G11580.1,17586,18863,17099,106,44,53,14,8.12635697012998,10.0592476800298,24.2287404421019,1.38638565649015e-07,2.17567266482792e-06,8.39853441133722,279.432684795462
AT1G14580.1,503,804,824,364,615,561,15,0.468469896983956,9.20522345338638,1.57480107779518,0.162867804796717,0.188838616912951,-6.20647164856318,1.38364121832188
AT1G17770.1,152,112,118,579,853,540,16,-2.34170052168215,8.16164511697967,-9.6340001635581,4.56046821435414e-05,8.8526735925698e-05,2.59055803078532,-5.06899774343137
AT1G17860.1,2225,3178,2825,28,8,46,17,6.87888202685545,7.9669392961769,11.6883368351308,1.38974082324782e-05,3.27581765479844e-05,3.86882161571414,117.692781451217
AT1G17950.1,185,377,323,18,2,7,18,5.20278707468299,5.54569020872975,7.77279819125372,0.000165445394167551,0.000281651087689997,1.18131314281889,36.8294277182969
AT1G18250.1,431,585,564,254,408,444,19,0.541259806077967,8.75995390159044,2.01147989447548,0.0875943649104022,0.103806581620339,-5.60763363451434,1.45524272575264
AT1G18350.1,346,347,342,268,314,325,20,0.194800526474941,8.33719977496246,1.20033983264645,0.27217547634081,0.305663034948187,-6.66523880865747,1.14456589681321
AT1G19140.1,2020,2412,2170,77,138,112,21,4.35902918773656,8.9210220118686,17.5017597286977,1.10125327189738e-06,5.22936494020223e-06,6.47397970936092,20.5210008085168
AT1G19640.1,3553,3421,2662,28,21,11,22,7.33743786974756,7.96951063970246,21.1897805080861,3.26343610327825e-07,3.05477020265442e-06,7.63243867593862,161.729368254355
AT1G20140.1,2668,3202,2978,907,1302,1163,23,1.40295296079962,10.8211582133223,7.00667377523122,0.00030367057998242,0.000482498810416512,0.512138403471283,2.64442298723233
AT1G20690.1,1873,2284,2281,186,350,282,24,3.01302894695641,9.55547444781956,11.2758265988484,1.73604128452262e-05,3.87896724510522e-05,3.63153337744489,8.07257504132427
AT1G20730.1,6825,8758,8681,57,23,20,25,8.02730864719906,8.95874129647536,19.9843785684106,4.73999910464973e-07,3.24121530665427e-06,7.28497132484088,260.891955050202
AT1G20910.1,651,748,704,164,171,201,26,1.96941035275876,8.46830466027928,11.6085628501684,1.45001697994179e-05,3.38074611084254e-05,3.82362214193944,3.91608031293988
AT1G20940.1,160,142,89,841,917,775,27,-2.72576609914822,8.35709681998167,-10.6572579628235,2.45859365407533e-05,5.22146870098177e-05,3.25838434522726,-6.61511436721791
AT1G21790.1,658,818,747,82,73,84,28,3.19828834114104,7.93043874827505,18.6913036102797,7.25427481263177e-07,4.00360668312179e-06,6.87986992070576,9.17869048973033
AT1G22015.1,394,391,368,308,325,299,29,0.306295273536247,8.43615092764523,2.01271792010759,0.0874395721760532,0.103806581620339,-5.60587558341734,1.23652831282465
AT1G22040.1,1881,2619,2458,66,92,57,30,5.01134301068535,8.66008117090713,20.4245564064061,4.12578181750989e-07,3.11038731304195e-06,7.41505361095731,32.2525876965434
AT1G22180.1,605,863,768,68,88,111,31,3.06442948793203,7.99608568056674,12.400478863955,9.62250413332398e-06,2.40003155418371e-05,4.25842367289905,8.3653707880643
AT1G22420.1,81,76,93,379,528,522,32,-2.4895730865671,7.63776234228042,-12.2326127965814,1.04746696861605e-05,2.56779045449306e-05,4.16877385407943,-5.61611737016992
AT1G23320.1,24,10,1,10,4,0,33,1.10730936496245,2.48077458698945,0.943692730766762,0.379276370470726,0.415075415642708,-6.9333743969225,2.15443469003188
AT1G23360.1,677,708,661,61,19,34,34,4.28002108832129,7.27514635156705,10.7057582932975,2.3908536707487e-05,5.10286678980692e-05,3.28842965155263,19.4274021246133
AT1G27000.1,4112,5498,5286,224,292,208,35,4.3610884538074,10.0858432861438,20.3290368891746,4.25086524523331e-07,3.11038731304195e-06,7.38714610336336,20.5503128758623
AT1G27130.1,8584,11190,10068,78,97,104,36,6.72751681178254,9.90800377587741,34.1034168477215,1.54764090519833e-08,1.42764125012948e-06,10.1253983135694,105.970347059732
AT1G27600.1,5234,6292,5702,519,535,537,37,3.43036400023903,10.7684884554671,21.4426007462848,3.02564405116732e-07,3.01860766965298e-06,7.70192073497166,10.7805882761142
AT1G28460.1,5,19,16,19,6,18,38,-0.127619031176565,3.72859399454124,-0.213983578006469,0.837156905679076,0.858773944820192,-7.38701355807975,-1.09248921014989
AT1G29080.1,1267,1324,1382,551,732,657,39,1.04185449899354,9.85030645571251,5.87845617001081,0.000823403736578169,0.001248198597145,-0.590031629601044,2.05887251166651
AT1G32120.1,7819,8667,8158,418,428,734,40,4.0104574148425,10.9976422777288,15.5674925437298,2.31030266147147e-06,8.25933201476051e-06,5.73511172604575,16.1163977884773
AT1G34170.1,101,157,119,164,263,162,41,-0.625449267359412,7.27375686226541,-2.27917622779021,0.0597960409788549,0.0726699761471069,-5.22301534306677,-1.54269115760479
AT1G34180.1,1337,1558,1410,243,288,192,42,2.58554994286829,9.19214832387803,12.6089471282851,8.67285964408077e-06,2.2279381959944e-05,4.36795607321365,6.00244360067177
AT1G34650.1,30,23,35,95,108,104,43,-1.78610284353795,5.79607935928576,-8.74724156011307,8.18098935195427e-05,0.000150628516394351,1.95374509153595,-3.44882002288612
AT1G35660.1,4937,7187,6740,906,1226,1270,44,2.46740204511913,11.3662432189584,10.6271349828259,2.50177408470157e-05,5.28700040560085e-05,3.2396539144875,5.53046982303074
AT1G43020.1,205,226,189,1,0,0,45,7.3609682076017,4.01381743713418,24.0060412891341,1.47073443543146e-07,2.17567266482792e-06,8.34715915908259,164.388800905754
AT1G43800.1,6526,5637,4822,41,51,117,46,6.46449566367155,9.22404789526301,16.1912122818427,1.80264015681775e-06,6.90475560066799e-06,5.98499181680152,88.3094340702886
AT1G44130.1,319,331,274,290,301,297,47,0.0526022439835927,8.24045065622364,0.324775931107565,0.755614772087999,0.782992118902782,-7.35306899231855,1.03713395572302
AT1G44750.1,3025,4032,3962,118,156,214,48,4.51852661760052,9.57180709606327,17.0085920894653,1.31995353860312e-06,5.77816395980344e-06,6.29541437638051,22.9198646217771
AT1G47490.1,584,616,535,635,736,656,49,-0.223548213541267,9.28761033479662,-1.37209793366017,0.215783982311529,0.245547290216568,-6.46318190310437,-1.16760169761868
AT1G48910.1,4,11,17,143,188,89,50,-3.71573497498074,5.21680601984065,-7.19776464862324,0.000259719996024729,0.000418871722912064,0.68460814050845,-13.1385574196637
AT1G49290.1,30,10,14,252,337,250,51,-4.01163268009819,6.11265584825999,-10.1680235561289,3.28059469052269e-05,6.73385225949395e-05,2.94739259976794,-16.1295320676658
AT1G49600.1,2253,2684,2361,495,798,761,52,1.85495874387799,10.3174444355417,7.91195128641669,0.000148957952719079,0.000256638400467811,1.2967356858026,3.61741406315012
AT1G52460.1,283,286,331,1,0,0,53,7.8965644925091,4.28161557958788,25.7714813440561,9.33901644345474e-08,2.00321902712104e-06,8.73616794043342,238.288330731808
AT1G53520.1,1009,1597,1601,462,910,774,54,0.994540525250654,9.92534630503329,3.05769790671023,0.0203146871614453,0.0257079669388201,-4.09432365436134,1.99244586321109
AT1G54570.1,207,257,258,7,7,31,55,4.24282508708363,5.78807921020848,7.69743820485668,0.000175238325986701,0.000295973393103523,1.11804994093144,18.932920774096
AT1G55050.1,572,644,710,36,67,122,56,3.24327390548947,7.70144719015091,7.60577362765201,0.000188053385954601,0.000312579993829008,1.04037196353381,9.46940583462401
AT1G55560.1,305,165,144,2959,3595,3110,57,-4.04479502717021,9.62650963493661,-13.1763143469391,6.5884397706348e-06,1.74471645777921e-05,4.65636413385426,-16.5045857911088
AT1G55920.1,8613,10086,9520,66,74,68,58,7.06204740219192,9.66550114700657,43.7884330823913,3.09883449627663e-09,1.32939999890267e-06,11.1387122070023,133.625117117661
AT1G57590.1,195,313,191,5,0,7,59,5.96977686433561,4.84654259907486,7.70336742735444,0.000174444311814396,0.000295796876554845,1.1230468546112,62.6732048909817
AT1G57820.1,4853,6282,5680,3032,5077,4475,60,0.443185554096953,12.2231157047978,1.80819813533884,0.117071169206069,0.136848859916631,-5.89241631097387,1.35960309778058
AT1G59800.1,61,54,57,100,93,72,61,-0.603029291423447,6.16602698539143,-3.18523380733131,0.0171389154763663,0.021803235332364,-3.91269923926451,-1.51890252818592
AT1G59890.1,2711,3813,3472,244,401,277,62,3.45252219464206,9.96180466495603,13.6922628029195,5.18001048320205e-06,1.48148299819579e-05,4.90699058617887,10.9474442263885
AT1G59930.1,184,278,269,259,431,464,63,-0.635341283930329,8.22844343176394,-2.15087977222916,0.0717836414792752,0.0865033207713738,-5.40832214939848,-1.55330515640214
AT1G60220.1,3512,4632,4069,164,114,160,64,4.80143425470148,9.58162684178568,22.0259173223555,2.54934207107773e-07,2.95585877970904e-06,7.85800269807409,27.8853264362343
AT1G60400.1,34,24,25,234,279,193,65,-3.04404462694544,6.34654862175965,-13.5036202100102,5.65047631142065e-06,1.54509573140558e-05,4.81659366040818,-8.24800168218986
AT1G60440.1,3701,4898,4569,107,139,218,66,4.87046054246308,9.65488279746808,16.6186093624277,1.52875817730487e-06,6.24299840253321e-06,6.14962902959414,29.2519428307674
AT1G60970.1,22,30,43,61,144,74,67,-1.47524473527217,5.71668566266315,-3.77762746179677,0.00802707357960637,0.0105309313934285,-3.0936951891464,-2.78030804436611
AT1G61330.1,76,76,62,117,240,151,68,-1.17753563138189,6.75905215065418,-4.06554371742523,0.00565941986579238,0.00765896253130893,-2.71268477136949,-2.26190075739606
AT1G62340.1,2977,3418,3990,4550,5975,6284,69,-0.690869341179509,12.0927751070987,-3.29450416187394,0.0148430279615818,0.0190079373000555,-3.75841995494147,-1.61425594601922
AT1G62660.1,3452,4659,3688,14,14,3,70,8.6583272469576,7.60042402055115,16.2849814842532,1.7380130358065e-06,6.71718551676565e-06,6.02155959640439,404.032418920334
AT1G63010.1,9155,10670,9475,190,164,198,71,5.72386544258457,10.3887246089007,33.7636345952371,1.65051254956731e-08,1.42764125012948e-06,10.0801570524332,52.8512409915374
AT1G63090.1,5108,6455,5373,288,377,372,72,4.02894358757122,10.4412051027779,20.6276946085059,3.8736132222853e-07,3.11038731304195e-06,7.47382412533302,16.3242362233177
AT1G64630.1,2515,3876,3783,280,226,321,73,3.60381530478113,9.89920488093272,14.6516810377729,3.38531392564074e-06,1.05239106818832e-05,5.34595601588656,12.1578422928121
AT1G64750.1,2813,3672,3217,326,381,264,74,3.32422473390242,9.98892043461267,15.8666639295346,2.04868827952257e-06,7.70227185828279e-06,5.85643213059324,10.0159317661758
AT1G65300.1,267,313,322,354,375,476,75,-0.409336409343956,8.43670163601975,-2.13709644242982,0.0732093106646957,0.0879742136558948,-5.4281379617604,-1.32807480434023
AT1G65360.1,26,28,30,221,181,230,76,-2.86229824676232,6.28683739260713,-16.2938054393693,1.73206999396732e-06,6.71718551676565e-06,6.02498764355904,-7.27172805257247
AT1G65860.1,100,40,47,4,9,12,77,2.7521433600584,4.49083698266781,5.78744209148785,0.00089783837779609,0.00134675756669413,-0.685699176190564,6.7371730659353
AT1G66630.1,4,4,5,40,35,73,78,-3.16937056039782,3.9942915103642,-10.5691890390275,2.58730788154683e-05,5.44095628031172e-05,3.20347210438409,-8.99654188131509
AT1G67500.1,1445,2499,2417,104,125,157,79,4.00995218546885,9.00341148918214,14.1525567933117,4.20946125531765e-06,1.24541991622846e-05,5.12181160035149,16.1107548412467
AT1G67820.1,827,1001,914,6637,8868,9549,80,-3.17753065974042,11.4220258911589,-15.5813980914852,2.29732159724649e-06,8.25933201476051e-06,5.74081188217394,-9.04757185088074
AT1G67830.1,7037,9686,8597,515,343,485,81,4.24342163544566,10.9091456556332,18.3326225562217,8.20458437571283e-07,4.17182162272743e-06,6.76101632739386,18.9407510763927
AT1G69530.1,12141,11031,9225,105,31,39,82,7.70625540899328,9.53641055431349,17.0428361159828,1.3032432052611e-06,5.76382819646402e-06,6.30801934487696,208.840167255046
AT1G69860.1,457,559,556,378,833,719,83,-0.223930128521165,9.1419718383879,-0.697666429058207,0.509711248635229,0.546665314161283,-7.14330364808723,-1.16791082989872
AT1G70560.1,39,24,24,27,41,40,84,-0.315861291672545,5.02781080398188,-1.14826149102768,0.291604856495513,0.325777300616081,-6.72318180187943,-1.24475455234623
AT1G70890.1,183,340,349,54,18,25,85,3.21955801726806,6.51968799033714,7.07871634121639,0.000286175682206188,0.000458094655471846,0.577612046234045,9.31501451524953
AT1G71100.1,2027,2179,1871,75,162,169,86,3.98009082414622,8.99206094667723,11.8649295266411,1.26626426623825e-05,3.03478977774419e-05,3.96773510059632,15.7807167077667
AT1G71210.1,1670,2051,1887,132,168,267,87,3.35656767359631,9.18570085754521,11.8030514637934,1.30803793019883e-05,3.11749040030722e-05,3.93325340392763,10.2430089509267
AT1G71270.1,7306,9090,7991,578,828,730,88,3.52108407234596,11.2226671779855,17.3408785418698,1.16765427752658e-06,5.32897537296704e-06,6.41642150939498,11.4802652641889
AT1G71850.1,1071,1275,1186,88,265,211,89,2.77922323427792,8.80925705748256,6.76914089729034,0.000370584679981869,0.000582347354257223,0.292298494441632,6.8648263847424
AT1G71940.1,5094,5461,4415,384,320,434,90,3.71952959105199,10.4197700333395,19.3645567773321,5.79259003119923e-07,3.71903127753828e-06,7.09520896761785,13.1731603005683
AT1G72540.1,77,66,108,6,27,23,91,2.30666779642019,5.21989134648889,4.23627877505178,0.00462746026416221,0.00633482657673072,-2.49243386556014,4.94739056786591
AT1G73500.1,4627,8024,5514,76,65,43,92,6.60166390593087,9.22436937919565,21.8035784508428,2.71990251026155e-07,3.01860766965298e-06,7.7991937378786,97.1178047329893
AT1G73560.1,1697,1864,1589,2210,2697,2326,93,-0.487673909767498,10.9869675245062,-2.85623075027954,0.0266908099022213,0.03357876084473,-4.38411851443958,-1.40218228162846
AT1G74000.1,1490,1678,1555,1445,1578,1544,94,0.0476796622011957,10.5958526363016,0.306146964375043,0.769123435712375,0.793158543078387,-7.35972834156221,1.03360120867044
AT1G76250.1,6520,7186,6915,171,166,142,95,5.42264441493535,10.0346023354525,32.966620146008,1.92435412761501e-08,1.42764125012948e-06,9.97082946398942,42.8922298602882
AT1G76290.1,432,456,520,366,672,527,96,-0.113026644916227,8.92965103314588,-0.440920715665534,0.673649122369157,0.706590399746622,-7.30306593221243,-1.08149473726169
AT1G77000.1,2824,3536,2964,60,116,91,97,5.15383267737363,9.01847100975458,18.8923241085836,6.77741097865127e-07,3.92906663492081e-06,6.94520625482032,35.6006746812621
AT1G78830.1,31122,100353,99911,2045,2689,2209,98,4.88233030312304,13.6084356653842,10.2715898145237,3.08310958046081e-05,6.38963289863617e-05,3.01445518135842,29.4936057074768
AT1G79530.1,7718,9707,9421,578,717,751,99,3.71370860959469,11.2634704459607,19.3495937710041,5.82114766213839e-07,3.71903127753828e-06,7.09052945277786,13.120116357149
AT1G80190.1,891,1147,1089,243,296,283,100,1.92037188946398,9.05845380402144,10.4164944911702,2.82924234890444e-05,5.89196586252429e-05,3.10716483286078,3.7852061893998
AT2G02960.1,2621,3161,3087,150,196,278,101,3.86365092974585,9.59335142174314,14.9271161065003,3.01079103880117e-06,9.71149891462934e-06,5.46591615288882,14.557098566343
AT2G03040.1,101,87,94,60,153,135,102,-0.194424716856129,6.66444988140798,-0.533721240098401,0.611398198439576,0.646034056971868,-7.25289412335525,-1.1442677860952
AT2G03090.1,7830,4916,3676,244,270,257,103,4.33761423263268,10.1788118615762,14.8448973362633,3.11735267234164e-06,9.90625404766344e-06,5.43037776081271,20.218642517509
AT2G03190.1,2434,3042,2900,1465,2127,2063,104,0.579713392208015,11.1512497224568,2.69975252013104,0.0331086941075779,0.0410509530987021,-4.61102412469213,1.49455230931208
AT2G03770.1,952,956,940,679,769,564,105,0.512181934033995,9.63616184335784,2.85169490064208,0.0268569479926073,0.0336889786223057,-4.39067698747811,1.42620556061822
AT2G04620.1,2505,3687,3573,150,282,238,106,3.88639592288499,9.7045078914884,13.1769923942128,6.58631974116106e-06,1.74471645777921e-05,4.65670060301927,14.7884190300243
AT2G04750.1,33,72,49,79,60,46,107,-0.295370231407602,5.78806631233883,-0.871342883123265,0.414778555916158,0.450481013893752,-7.00034321150634,-1.22719986683735
AT2G07040.1,193,39,37,400,372,761,108,-2.86478966122847,7.48898431412026,-4.23635203399308,0.00462706491976761,0.00633482657673072,-2.49234028259611,-7.28429657200273
AT2G13560.1,20477,27708,24141,760,1120,1140,109,4.59356850687635,12.2495863476374,19.7379687503634,5.12960837105585e-07,3.43844061122337e-06,7.21047408071052,24.1435933514602
AT2G15280.1,4048,4657,4316,421,284,336,110,3.65737871680254,10.252863384715,18.1557712000177,8.72549931099862e-07,4.35260372606792e-06,6.7013155802012,12.6177145820873
AT2G17750.1,1235,1239,1303,535,526,561,111,1.21804697503126,9.68974837495427,8.09107911568575,0.00013042271812203,0.0002283728411198,1.44271271614459,2.32631582812606
AT2G17990.1,6673,8242,7362,412,629,568,112,3.80595896825594,10.9501430948324,17.4702598029066,1.11390449650489e-06,5.22936494020223e-06,6.46276206138812,13.9864601314691
AT2G18280.1,3216,4430,4261,209,200,283,113,4.10239579385722,9.88954600637852,18.3219580918758,8.23496201646402e-07,4.17182162272743e-06,6.7574370719183,17.1768762985317
AT2G18880.1,248,240,225,215,232,217,114,0.101937419706186,7.84672136705132,0.663879027446799,0.52974226399293,0.566731748760516,-7.16799245923209,1.07321373221155
AT2G19400.1,148,156,130,35,67,54,115,1.50282157155798,6.43099330451809,5.65667795702527,0.00101847032373051,0.00151709641972358,-0.82504110222713,2.83396427465564
AT2G19480.1,4564,4890,4517,821,817,844,116,2.49067410060316,10.9392567662326,16.5206815517656,1.58701201541254e-06,6.36287994964468e-06,6.11236351590529,5.62040502900526
AT2G19500.1,1798,1823,1872,2078,2512,2367,117,-0.336439231569569,11.0072211723379,-2.08575929511798,0.0787761666519496,0.0941364219879843,-5.50174896683134,-1.26263638593009
AT2G19970.1,1022,1237,1154,1199,1272,1126,118,-0.0783480097688205,10.1878617266387,-0.473333753939629,0.651552411563982,0.685088197453304,-7.28655284013564,-1.05580837111913
AT2G20160.1,17,23,39,155,262,214,119,-2.99856615356439,6.19155494246581,-8.58886406844812,9.13005412392717e-05,0.000164571143662385,1.83367848151349,-7.9920530168612
AT2G20780.1,573,716,686,158,197,190,120,1.85174470693199,8.43242848793257,10.0823231607197,3.45502891118996e-05,7.05813049000235e-05,2.89138510766616,3.60936415588224
AT2G21420.1,184,158,180,378,317,444,121,-1.11082940547511,8.00345147036551,-5.78945424129354,0.000896112701617191,0.00134675756669413,-0.683572539766257,-2.15969772654316
AT2G21930.1,18,34,26,2,50,45,122,0.450382744600785,4.48550797188361,0.416105396278003,0.690808478238838,0.722821554059662,-7.31496251066037,1.36640271304553
AT2G23990.1,3347,3653,3604,1906,2085,1972,123,0.830113487916647,11.3716526811437,5.39991271137445,0.00131251094064444,0.00190870235097107,-1.10529052006689,1.7778252073716
AT2G24740.1,866,1050,941,946,1186,1159,124,-0.201071846109475,9.99287538532034,-1.11635021025157,0.304074866467736,0.338826279778335,-6.75784864295223,-1.14955209422101
AT2G25700.1,733,679,639,917,937,925,125,-0.43990251844038,9.63693635384295,-2.84698942002249,0.0270304641564055,0.033807781699994,-4.39748209617442,-1.35651266605411
AT2G26280.1,6728,7500,6802,299,394,368,126,4.31299815558173,10.6171672576644,24.0520684812265,1.45282676603438e-07,2.17567266482792e-06,8.35783437902806,19.8765870972459
AT2G26410.1,65,41,15,274,472,430,127,-3.43460556623444,6.86287329716296,-6.45546415977654,0.000486196503172194,0.000750281654175795,-0.00767243139190121,-10.8123301619671
AT2G27040.1,32672,41144,39123,1638,1963,1929,128,4.34914752704756,13.0187619253803,24.1658317527367,1.40963375478192e-07,2.17567266482792e-06,8.38409208750591,20.3809236102808
AT2G28380.1,4489,5777,5246,524,1022,1021,129,2.65139592319983,11.0030124693454,8.7223470758655,8.32240599015115e-05,0.000151928177437227,1.93500596738934,6.28274890676519
AT2G29570.1,2563,3320,3267,758,1130,975,130,1.68456606509966,10.7229752415392,7.66494798197908,0.000179663123451097,0.000301076093595784,1.09060913005808,3.21443697678103
AT2G29940.1,2527,3832,2424,731,788,905,131,1.82961983153191,10.5691261052139,7.8468239383059,0.000156429104602726,0.000267808810030633,1.24293805453253,3.5544339627505
AT2G30160.1,1557,1718,1741,109,162,166,132,3.5351900319696,8.93885906939473,16.3071328067098,1.72313815602902e-06,6.71718551676565e-06,6.03016098595106,11.5930641757226
AT2G30590.1,6496,9475,7678,3013,5085,4353,133,0.941472688357106,12.4567047243373,3.60535545629519,0.00995405174825748,0.0129402672727347,-3.32723804494798,1.92048765257883
AT2G30900.1,364,412,356,362,413,513,134,-0.173802118491009,8.64741135565081,-0.895120499655797,0.402847446448531,0.438633387122893,-6.97879089798466,-1.12802740546687
AT2G31360.1,34898,36591,35793,1142,1220,1185,135,4.91774113813299,12.6669857249825,32.7777935465481,1.99670104913214e-08,1.42764125012948e-06,9.94424954984091,30.2264813067151
AT2G32370.1,1058,1286,1387,1183,2078,2107,136,-0.485237165111077,10.514976937486,-1.75195137876091,0.126817861367384,0.147839300344043,-5.96957060409385,-1.39981596288717
AT2G32750.1,5682,6746,6474,169,170,134,137,5.31635762531238,9.959531828681,29.2401798623236,4.15686029728866e-08,1.62117551594258e-06,9.39304083791112,39.8458515757997
AT2G32990.1,3820,2121,1474,278,433,338,138,2.72887623833294,9.79470945496981,7.24180689551875,0.000250646907047527,0.000405764238201468,0.723818644384002,6.62939050891001
AT2G34200.1,2048,2492,2642,49,79,53,139,5.31055345310626,8.56216732216165,22.2933973855944,2.36024939612421e-07,2.81263053038135e-06,7.92766225217505,39.6858679478495
AT2G34260.1,1196,1423,1314,89,180,195,140,3.15179304152049,8.77803279660294,9.78091022556162,4.15876006158173e-05,8.2216961586109e-05,2.690614082135,8.88759478843942
AT2G34880.1,185,315,259,103,153,203,141,0.741885257168698,7.58415982885351,2.32434810186413,0.0560809391659499,0.0685433700917165,-5.15748027375463,1.67235978562732
AT2G34890.1,106,127,86,59,219,95,142,-0.0296007758681531,6.7429372153507,-0.0625706569945585,0.952000303969756,0.956459321786944,-7.41101336767438,-1.02072962921581
AT2G35670.1,1450,1752,1677,1230,2151,1674,143,-0.0186845680024952,10.6729986457566,-0.0765085066972884,0.94133005819296,0.947959143109812,-7.40989890569083,-1.0130353850771
AT2G36010.1,2292,2421,2235,463,418,511,144,2.32097361109713,10.0167492818242,14.169153135106,4.17858895595571e-06,1.24487129312847e-05,5.12940892168996,4.99669310529721
AT2G36310.1,6356,9280,7792,326,465,448,145,4.23808447122343,10.7950104372429,18.3238656466662,8.22951885754694e-07,4.17182162272743e-06,6.7580774890929,18.8708103484682
AT2G36560.1,25,0,19,680,762,1218,146,-6.73872161081279,6.37681674308254,-5.55700788683733,0.00112275544352415,0.00166665081408948,-0.93277098607641,-106.796578031932
AT2G36760.1,276,330,288,6,10,3,147,5.46418957155406,5.487690299342,14.8245719150503,3.1443609805564e-06,9.91860926954924e-06,5.42155703603307,44.1453498599675
AT2G37390.1,738,1204,1101,51,94,41,148,4.06918124819461,7.92212820718091,11.3778619957954,1.64195448595518e-05,3.68795012814016e-05,3.69105840779406,16.7859379542387
AT2G38220.1,158,207,202,310,363,317,149,-0.807596591667677,7.96335115937071,-4.3543681219728,0.00403629467587057,0.00560378775387856,-2.34261497804525,-1.75029317161977
AT2G38810.1,277,449,454,87,116,226,150,1.53536672450499,7.8197983040897,3.87028636789463,0.00716324958008951,0.00954358406788324,-2.9697823363849,2.89862102770885
AT2G39220.1,4916,6283,5308,243,360,245,151,4.29538255381642,10.2707269001713,19.1918228214652,6.1323494770558e-07,3.71903127753828e-06,7.04089866386812,19.6353655791087
AT2G39300.1,989,1227,1092,197,285,214,152,2.2566788131872,8.97414634207609,10.9086409575478,2.1297597788629e-05,4.63790327478267e-05,3.41263365090962,4.77890077558045
AT2G39650.1,1200,1479,884,99,163,131,153,3.16837774248035,8.59945630915726,11.4214674423452,1.60354128569749e-05,3.64241093125962e-05,3.71632804850863,8.99035287040898
AT2G40030.1,9100,12560,12061,404,646,567,154,4.39250248774402,11.2459669502951,17.9091053842974,9.51701357717127e-07,4.63954411887099e-06,6.61680364414281,21.0026939952222
AT2G41040.1,99,137,152,15,36,31,155,2.2667717078722,5.86987030914575,6.30664795340544,0.00055501581637034,0.000850363518653128,-0.153983916297043,4.8124505213574
AT2G42340.1,35,79,50,32,78,49,156,0.0574157936636297,5.69271824926857,0.138208135315329,0.894285258101752,0.905884942444233,-7.4022913682674,1.04060013072381
AT2G43660.1,374,304,313,336,566,397,157,-0.360800453314207,8.54641121556548,-1.50451808945472,0.179686594123228,0.207219217416304,-6.29743261772023,-1.28413818084698
AT2G43670.1,200,235,270,211,295,171,158,0.0840684023334628,7.82991372613148,0.33329828654301,0.749465428513538,0.778500408794934,-7.3498955938523,1.06000304000766
AT2G45110.1,327,277,261,1490,1729,1430,159,-2.42383758088505,9.38189081673554,-13.5697026937283,5.48028764756854e-06,1.54509573140558e-05,4.84841987675854,-5.36596476332306
AT2G46650.1,1506,1186,1293,14,1,0,160,8.7337664092079,6.00251340314013,9.31870767353157,5.5822630615801e-05,0.000106435149040794,2.37075629665444,425.721579014915
AT2G46990.1,64,57,54,1,0,1,161,5.2205695072269,3.27695142028011,17.0510312380114,1.29928038171095e-06,5.76382819646402e-06,6.311031278555,37.2861906728243
AT2G47030.1,154,62,35,639,705,1029,162,-3.45685058667089,7.86953507007426,-6.50937019294408,0.000463698379051236,0.00071814658705047,0.0446824718920675,-10.9803382077268
AT3G01240.1,161,41,22,244,297,843,163,-2.87372542215051,7.18877250498205,-3.58910823649914,0.010160466081934,0.0131687007527181,-3.34947070139728,-7.3295540429417
AT3G01270.1,452,146,61,2996,3664,3436,164,-4.38619969754586,9.51884514719609,-6.51212468153446,0.000462580896263342,0.00071814658705047,0.0473486091400321,-20.9111383773721
AT3G03260.1,120,88,98,86,95,110,165,0.0672104751335354,6.6410458585401,0.341632838101224,0.743470741346256,0.77414793212996,-7.34671535941293,1.04768896355084
AT3G03305.1,1840,2273,2065,82,158,104,166,4.20258236160327,8.90201381556744,15.5378443964545,2.33826268541104e-06,8.283069124925e-06,5.72293821671295,18.4121010648735
AT3G04100.1,61,37,25,69,37,27,167,-0.0940006368248678,5.34785483240295,-0.211845706766873,0.838755904148392,0.858773944820192,-7.38753368028206,-1.06732580917173
AT3G05610.1,246,100,90,2951,4026,3628,168,-4.73798324998344,9.40711607650344,-11.7721916241726,1.32946154552824e-05,3.15104421564428e-05,3.91598536843909,-26.685483576085
AT3G05860.1,153,186,178,71,139,149,169,0.58982335632121,7.13758724778833,1.89535409460155,0.103394751206771,0.121192208381707,-5.77134770994834,1.50506245617963
AT3G06860.1,5294,7621,6875,203,381,230,170,4.63737315991554,10.3525543170989,15.9667477818264,1.96890681260134e-06,7.47487630624756e-06,5.89641092760881,24.8879096916787
AT3G07190.1,2314,3392,2808,95,178,188,171,4.24332079992616,9.33200063403191,13.5292516232798,5.58375359745939e-06,1.54509573140558e-05,4.82895867899581,18.9394272805269
AT3G08040.1,89,100,102,63,70,50,172,0.671464214929504,6.27645626129014,3.52019788601927,0.0110895145575026,0.0142864917272331,-3.44415251835097,1.59268859336185
AT3G08620.1,2209,2171,2077,71,44,60,173,5.20770118188416,8.46802240272037,24.1120799040611,1.42985466518917e-07,2.17567266482792e-06,8.37170822220697,36.9550899923658
AT3G08840.1,633,786,636,44,48,21,174,4.225904619607,7.3016171628309,12.6576478824429,8.4668231998224e-06,2.19559084710717e-05,4.39326203838819,18.7121654730802
AT3G09340.1,28,29,19,8,8,0,175,2.58231656091294,3.40444161475135,3.01205470790595,0.0216006368638496,0.0272549212193867,-4.15969317375908,5.98900593047685
AT3G10900.1,410,540,561,395,591,360,176,0.187413558377898,8.87192845005419,0.740615146896506,0.484972546134,0.522746789677101,-7.11040879198065,1.1387204042679
AT3G11200.1,3768,4908,4534,347,414,510,177,3.38365862114189,10.4041928115778,15.8471042485658,2.06471157040215e-06,7.70227185828279e-06,5.84858375465401,10.4371695857609
AT3G11490.1,1095,1211,1278,35,102,42,178,4.4597721106625,7.99078281644046,11.1327739468853,1.87856505463124e-05,4.13284312018872e-05,3.54713531570369,22.0051928566817
AT3G12110.1,7874,10524,7808,1293,1682,1468,179,2.55348629141655,11.8017631603345,12.5146396101521,9.08844988163587e-06,2.3070680468768e-05,4.31864955258283,5.87051182558072
AT3G12700.1,1568,2050,1889,413,549,613,180,1.81434744042495,9.92679692397298,8.31017243404846,0.00011122789884308,0.000197176729767277,1.61739453301937,3.51700513269548
AT3G13280.1,58,49,59,1,58,56,181,1.5726189237395,5.02482048304528,1.22422758946094,0.263638020880771,0.296852259731892,-6.63811496916343,2.97444174629501
AT3G13400.1,553,156,92,4462,6216,5353,182,-4.72156021746041,10.0099540174132,-7.51064730315685,0.000202495067448603,0.000332836720059199,0.958903525818023,-26.3834297624235
AT3G14205.1,8058,8441,7238,796,1477,1421,183,2.73325223834238,11.5804835250899,9.9213456948288,3.81223745459647e-05,7.571527166768e-05,2.78490172580799,6.6495293835079
AT3G16320.1,1163,1210,1115,76,78,139,184,3.61704316620494,8.37513835170813,13.5171226533267,5.61521367344968e-06,1.54509573140558e-05,4.82311072134958,12.269828391701
AT3G16720.1,1699,2224,1675,54,77,75,185,4.74900854654501,8.47940075521601,21.4475813331875,3.02116430619097e-07,3.01860766965298e-06,7.70327821723076,26.8901993688994
AT3G17250.1,912,1463,1469,230,189,147,186,2.74690443753868,8.91713822389466,10.0030289520891,3.62595126722296e-05,7.28488212778606e-05,2.83914418204391,6.71275243711959
AT3G18210.1,2316,3649,3617,121,164,198,187,4.29967186592948,9.46106399041552,15.4946854639614,2.37966342732617e-06,8.283069124925e-06,5.70516798575706,19.693830836678
AT3G19350.1,74,57,93,132,107,65,188,-0.404391839907341,6.41599209905403,-1.26303943605385,0.250257328713761,0.282527352679483,-6.59334329412242,-1.32353086568779
AT3G21580.1,1990,2802,2556,204,344,392,189,3.00131727552168,9.7434313555707,10.2216725974277,3.17654020169251e-05,6.55161416599079e-05,2.98221633255326,8.00730786228291
AT3G21700.1,111,156,104,50,54,59,190,1.15184851250356,6.36281613995334,5.44824578841336,0.00125052961348776,0.0018309802190657,-1.05185395715917,2.22198412976958
AT3G22680.1,202,303,309,23,31,49,191,2.98685638180237,6.56970108773315,9.21287938914821,5.98228902132743e-05,0.000113557610183605,2.295383027551,7.92744730095697
AT3G22810.1,1167,1282,1246,281,448,428,192,1.70147297971996,9.41572209807314,7.5312310962659,0.000199265945150082,0.000328788809497635,0.976606675006998,3.25232849137403
AT3G22968.1,34147,51577,49318,343,269,352,193,7.11241095922545,11.8784070546208,30.8383042288972,2.95419708441608e-08,1.58418818651812e-06,9.65518115236375,138.372261909911
AT3G23060.1,156,148,194,256,201,236,194,-0.477153232580179,7.61228314399122,-2.48080593829379,0.0449557789573358,0.0552608285750633,-4.9298355194986,-1.39199423148849
AT3G23780.1,4397,5794,5549,140,233,260,195,4.66789160744052,10.013219826571,16.7524239435982,1.45309300815675e-06,6.11153824018867e-06,6.20012023924034,25.4199908766497
AT3G24790.1,198,163,102,55,38,52,196,1.6199998522873,6.41689245797133,5.48098198717824,0.00121042355429777,0.00178443884808846,-1.01584244128716,3.07375004786506
AT3G25170.1,101,30,9,184,281,399,197,-3.1220797518147,6.54388979165593,-3.82752698275332,0.00754845066949265,0.00993871672724203,-3.02681402302887,-8.70642080879047
AT3G25250.1,332,296,290,21,7,24,198,4.2250950074561,6.14697677319872,9.65504281694876,4.50028905853809e-05,8.83745345941389e-05,2.60497998487715,18.7016675188525
AT3G25260.1,21353,23262,21546,773,1262,898,199,4.5240538889932,12.1656956063121,20.2722422700614,4.32730898956289e-07,3.11038731304195e-06,7.37046916200399,23.0078439215799
AT3G25280.1,721,724,914,361,481,504,200,0.814148448002848,9.2046991576522,3.89636187506089,0.00693901014540384,0.00927363038124064,-2.93513087254361,1.75826003099333
AT3G25420.1,926,826,848,1089,1049,1090,201,-0.313310542397181,9.91591853498187,-2.04211815795333,0.0838429856075714,0.0999128911823559,-5.56405622926324,-1.24255571509036
AT3G25540.1,600,869,787,22,35,39,202,4.53424317950565,7.27225994054839,16.5950254448237,1.54255904584737e-06,6.24299840253321e-06,6.14067887653835,23.1709160997426
AT3G25710.1,966,1049,1025,18,30,4,203,6.14410292963985,6.91340210439253,9.64540213705756,4.52774646717611e-05,8.83745345941389e-05,2.59837635461853,70.7227725909717
AT3G26110.1,81,20,19,165,210,418,204,-2.91171584382309,6.47979042933961,-4.62328167945496,0.00297947328000693,0.00417710469648031,-2.0091601359368,-7.52512654976233
AT3G26410.1,1815,2346,2256,481,457,550,205,2.10177989470262,10.0035571583173,11.4119428793782,1.61184286518996e-05,3.64241093125962e-05,3.71081707131133,4.29238622613916
AT3G26590.1,2091,1830,1449,435,490,436,206,1.96388912945146,9.80836223425647,9.99942344180839,3.63395052528256e-05,7.28488212778606e-05,2.83675910551542,3.90112203489088
AT3G26990.1,3715,5318,4916,247,358,347,207,3.87168563592148,10.2308360979803,16.4858132597565,1.60836813813378e-06,6.38879565980918e-06,6.09902979423411,14.6383966274635
AT3G27150.1,222,245,158,0,7,2,208,6.15711161994092,4.60687664354418,8.62750362109331,8.88739532708418e-05,0.000160873105287726,1.86315810902778,71.3633591000972
AT3G27440.1,14,32,14,34,26,13,209,-0.277783376863518,4.42495012529025,-0.611026935934266,0.56205778515615,0.59831957774687,-7.20445445483639,-1.21233077184862
AT3G27640.1,321,347,385,68,155,129,210,1.65000764085418,7.63043531665005,5.11347139267619,0.00175913454402352,0.00251556239795363,-1.42862896870051,3.13835301300287
AT3G27980.1,196,274,330,106,150,121,211,1.06180599046217,7.50110601632745,4.18098291574835,0.00493684528502708,0.00670223616226778,-2.56329645415517,2.08754310908956
AT3G28750.1,785,357,205,5709,6817,5656,212,-3.96384252110928,10.5781551961233,-8.4293639235658,0.00010215224819121,0.000182597143641788,1.7106906747181,-15.6039840222318
AT3G28980.1,363,130,42,637,706,2480,213,-3.03073421400949,8.50452790581749,-3.48134204820778,0.0116540127341366,0.0149687768351635,-3.49781014677561,-8.17225495821607
AT3G42830.1,124,113,131,107,142,139,214,-0.0669911459005164,6.98118504567868,-0.359857174275212,0.73043063660142,0.762420299518271,-7.33949795962954,-1.04752969818699
AT3G43520.1,5107,6960,6625,220,422,289,215,4.3617395516247,10.4116449433211,15.4834952047709,2.39053517269192e-06,8.283069124925e-06,5.70055096262393,20.5595894611656
AT3G43540.1,6674,8960,8281,518,434,398,216,4.14168412551593,10.8790778145301,20.8378331190791,3.63126007440635e-07,3.11038731304195e-06,7.53380299103043,17.651074758729
AT3G43920.1,11469,14711,13951,1026,1648,1661,217,3.23605568118868,12.081461446103,13.0129174327041,7.12299271980424e-06,1.87470176490553e-05,4.57472040173716,9.4221459599055
AT3G44370.1,250,296,285,18,11,7,218,4.50428133245506,5.86310400428244,13.8592046203878,4.80093186067286e-06,1.40108827770657e-05,4.98583199867874,22.6946657080985
AT3G45090.1,4462,5336,4511,972,1151,1173,219,2.11724168343516,11.1564334048287,12.0818220229164,1.1314777182589e-05,2.74239514764446e-05,4.08711356689931,4.33863639237389
AT3G45870.1,1047,2157,1785,48,55,45,220,4.98859726463895,8.14284087306275,16.9706627249662,1.33875102532135e-06,5.80125444305917e-06,6.28141632508899,31.748076122427
AT3G48950.1,648,618,621,464,597,525,221,0.257544489286067,9.1701081011383,1.51528785283996,0.177008848076063,0.204681390362886,-6.28361980879233,1.19544229305503
AT3G49500.1,3107,4986,4732,126,259,247,222,4.3763392242079,9.84325254883311,12.6507264936366,8.49575945500675e-06,2.19559084710717e-05,4.38967197771058,20.7687030899439
AT3G49660.1,1231,1352,1457,158,159,134,223,3.15562700725861,8.81502238603682,18.5800231916786,7.53483483040387e-07,4.0243319604312e-06,6.84331071438624,8.91124500551686
AT3G49680.1,6178,6995,6671,342,369,394,224,4.16340691190524,10.6080884792038,26.0062521830313,8.81208267702689e-08,2.00321902712104e-06,8.78489161069156,17.9188595172505
AT3G49730.1,472,502,483,27,33,39,225,3.85407611407474,6.9992866764358,20.3369607446523,4.24032421531917e-07,3.11038731304195e-06,7.38946786824631,14.4608065348299
AT3G49770.1,0,6,0,134,123,84,226,-5.87768264050594,3.87462629427217,-7.6508463896606,0.000181623146742466,0.000303176381138201,1.07866778570989,-58.7974890342037
AT3G50060.1,7203,11447,8461,1262,2432,2046,227,2.26457282574663,11.9824380514564,7.34039383417262,0.000231615282734278,0.000376542101542574,0.81087054427446,4.80512121686366
AT3G50720.1,25,2,32,121,202,133,228,-3.44412203566171,5.49865979723776,-3.84308457890779,0.00740571940319861,0.00983607933118329,-3.00603360679244,-10.8838874339255
AT3G51895.1,8840,8412,7136,280,666,614,229,4.05636288676708,10.9549854005942,11.4678535467286,1.56380649909353e-05,3.58755608615575e-05,3.74309919263412,16.6374553212079
AT3G53000.1,1279,2092,1933,144,173,171,230,3.40717981001805,9.05329568519761,14.3673349908371,3.82935944378137e-06,1.17342514384443e-05,5.21935503857532,10.6087282167899
AT3G53370.1,490,572,619,127,105,122,231,2.23588666281446,8.00808831804138,12.4807733066611,9.24324200245185e-06,2.31933089246048e-05,4.30084527348465,4.71052108836616
AT3G54100.1,2774,3580,3110,193,319,199,232,3.76062813737684,9.73554644430483,15.0268799475064,2.88707274335634e-06,9.427598850534e-06,5.50873379738897,13.5538249355418
AT3G54800.1,200,124,121,478,409,594,233,-1.75084483001101,8.05794685280681,-6.57628289317148,0.000437397398094422,0.000682339941027298,0.109200499619097,-3.36555592515134
AT3G55320.1,4702,6285,5836,291,293,256,234,4.31106069120957,10.2872374965749,23.3706547613321,1.74590319167493e-07,2.3406014663392e-06,8.19668381937319,19.8499117907962
AT3G55420.1,7113,11150,9044,44,14,14,235,8.69286707753555,8.78164496795001,18.6867666975979,7.26547520400926e-07,4.00360668312179e-06,6.87838487611414,413.822155637397
AT3G57220.1,1679,2293,2139,183,247,193,236,3.28787305544648,9.33649356393358,15.6411126243112,2.24252316407623e-06,8.15290201176866e-06,5.76522168891491,9.76671267819438
AT3G57270.1,2024,1808,2029,2451,2941,2724,237,-0.467472804048047,11.1643853678084,-2.83153352526084,0.0276088565433222,0.0344308123752478,-4.41984411910804,-1.38268526976321
AT3G58470.1,629,654,692,62,157,121,238,2.6264908825698,8.05051144436487,7.6012442298601,0.000188713795808189,0.000312579993829008,1.03651277829383,6.17522148581924
AT3G59640.1,1144,1460,1499,75,134,205,239,3.40445849783113,8.70597712814145,9.13284605944063,6.30666588112317e-05,0.000118997535552443,2.23783414284584,10.5887361535388
AT3G59790.1,85,72,49,106,101,115,240,-0.670642606714459,6.42196980447618,-2.81256910672344,0.0283365983423819,0.0352359440257445,-4.4473017462742,-1.59178182273134
AT3G61620.1,618,646,704,81,96,68,241,3.00230254830318,7.85648104201272,15.7926820341921,2.11005901128684e-06,7.80358030898322e-06,5.82668573661092,8.01277823326444
AT3G61740.1,858,983,931,120,187,222,242,2.42628766075314,8.63792782666742,9.40390834181022,5.28237097116429e-05,0.000101620499848856,2.430847883655,5.37508534097526
AT3G62130.1,974,1300,1063,88,82,75,243,3.74374857169968,8.23810774443548,20.3364195550255,4.24104319534592e-07,3.11038731304195e-06,7.38930933314654,13.3961689549942
AT3G62230.1,199,94,62,526,778,473,244,-2.44829673233052,7.95447894003379,-5.4945246985024,0.00119425753590996,0.00176667752725991,-1.00098739476237,-5.45771376216587
AT4G00220.1,1512,2210,2193,174,212,235,245,3.23482120367205,9.30693186230936,14.196407200414,4.12845464347544e-06,1.23853639304263e-05,5.1418631071976,9.41408711720005
AT4G00231.1,1343,1900,1857,186,171,218,246,3.13214958387302,9.14872355000015,14.8607305397379,3.09649850504332e-06,9.90625404766344e-06,5.43723927409049,8.76740312072456
AT4G00540.1,229,328,269,391,558,526,247,-0.832941348955055,8.51122048172101,-3.6827821379106,0.00903150313180124,0.011776640861832,-3.22177273189519,-1.78131338257186
AT4G00550.1,1389,1806,1760,53,109,68,248,4.46588582661346,8.44786680412883,15.148167631433,2.74446464931384e-06,9.27067192563495e-06,5.56034487456713,22.0986422375126
AT4G00570.1,16922,19951,16516,781,997,928,249,4.30305064500633,11.9626771855123,23.6550035439641,1.61600944996628e-07,2.23634856140494e-06,8.2647489889671,19.7400076667698
AT4G00690.1,109,116,121,26,39,40,250,1.71603138966735,6.00280489538998,7.95216369538484,0.000144548493084102,0.000251057909040809,1.3297585332857,3.2853142829799
AT4G00730.1,11387,16299,15038,1723,3143,2620,251,2.53946698052515,12.5116772234879,9.10436930481305,6.42690435659552e-05,0.000120399212619191,2.21724258053166,5.81374172192306
AT4G00780.1,62,92,114,22,4,4,252,3.3981702132402,4.75489115523068,5.40429284870183,0.00130675361164452,0.00190679353535884,-1.10043468917455,10.5426833960961
AT4G01840.1,2543,3025,3062,167,222,189,253,3.89791198269001,9.53664696835501,20.8061325998272,3.66667561089766e-07,3.11038731304195e-06,7.52480746400858,14.9069373845319
AT4G02700.1,1710,1888,1701,16,27,6,254,6.88495788906606,7.34320317298822,14.1989594851072,4.12379521440857e-06,1.23853639304263e-05,5.14302802152551,118.18948588123
AT4G03110.1,1673,3038,2744,1244,2290,1902,255,0.454434529810346,11.0064678037499,1.38592759047011,0.211728695208245,0.242217627318232,-6.44624602306166,1.37024562636498
AT4G05470.1,15,2,3,0,6,31,256,-0.0741308071121498,2.56538623712979,-0.0574884659068082,0.955893819611471,0.958127216386264,-7.41136423223277,-1.0527265996094
AT4G08590.1,1413,1430,1502,762,1000,845,257,0.744908098887318,10.1282138357072,4.27819747278009,0.00440725405006644,0.00607945976681191,-2.43901552896395,1.67586751150408
AT4G09580.1,1188,1430,1323,28,75,47,258,4.79271911799575,7.95998322876198,13.5398462806542,5.55643899448524e-06,1.54509573140558e-05,4.83406208817977,27.7173825110364
AT4G09900.1,3323,3920,3293,79,79,42,259,5.75040482951216,8.89857606291502,20.1880080467655,4.44362258704925e-07,3.12510506531825e-06,7.34561945849494,53.8324741957213
AT4G10160.1,57,35,48,83,92,80,260,-0.876236798695443,5.98565701290942,-3.95305594414879,0.00647770582303885,0.00873879181787317,-2.86012666512847,-1.8355810254643
AT4G10640.1,6720,8036,7044,1000,1453,1095,261,2.63273855016682,11.5067259069888,12.8802096822702,7.59404655263009e-06,1.98649144577946e-05,4.5075783334241,6.20202159863501
AT4G11130.1,3966,5605,5148,518,646,628,262,3.02751214291518,10.7317990172008,14.7842843910831,3.19869470353849e-06,1.00163505680147e-05,5.40403175488829,8.15402365948173
AT4G11320.1,314,473,520,0,0,1,263,8.40436360985468,4.53551513826067,24.1268103372378,1.42428013583432e-07,2.17567266482792e-06,8.37510597996046,338.817271716664
AT4G11400.1,171,263,288,206,186,191,264,0.273413546151036,7.74515474577822,1.1552812283824,0.288919772688938,0.323620319800403,-6.71546910810053,1.2086642553512
AT4G11510.1,385,437,277,111,101,128,265,1.66505921671347,7.66286544817419,7.33983609622029,0.000231718216333892,0.000376542101542574,0.810380838211248,3.17126671125966
AT4G11940.1,0,1,1,58,29,60,266,-4.90675699417775,3.12004516375554,-12.2854394402565,1.01974778249597e-05,2.51420573960214e-05,4.19712777818797,-29.9972219649809
AT4G12080.1,768,1109,1059,25,30,39,267,4.92548939174484,7.45493273701086,20.2554657071204,4.35019204621251e-07,3.11038731304195e-06,7.36553098346395,30.3892547806084
AT4G12140.1,56,114,77,61,96,45,268,0.295370391780115,6.17357556543373,0.802399499148707,0.450831407163959,0.488400691094289,-7.060208698453,1.22720000325505
AT4G12590.1,2795,4216,3924,190,226,201,269,4.12247936408082,9.74863594806656,19.2560988995833,6.00330613854066e-07,3.71903127753828e-06,7.06118240185891,17.4176654706421
AT4G12790.1,1098,1394,1255,132,222,171,270,2.85339957881127,8.85418215278017,11.9905580313871,1.18607838304544e-05,2.85858217037355e-05,4.03716075811687,7.22701344774763
AT4G13345.1,465,406,360,9,2,4,271,6.26670248843727,5.54295747438393,14.541930120715,3.5492905672347e-06,1.09542852758539e-05,5.297428299929,76.9955140656025
AT4G13460.1,12944,14828,13102,1539,1732,1707,272,3.03599591465001,12.2132855687793,18.8253645454166,6.93212417241074e-07,3.96517502661894e-06,6.92354290705117,8.20211467674723
AT4G14690.1,5028,5964,4522,3193,4378,3682,273,0.465742175843054,12.0942710925094,2.30285025742179,0.0578184587528311,0.0704662466050129,-5.18868408400266,1.38102762252218
AT4G15040.1,891,1130,1053,935,1209,1149,274,-0.0975439773432569,10.0440860771874,-0.513199514509245,0.62489118126595,0.658669082956001,-7.26475037680051,-1.06995044345805
AT4G15050.1,3849,4134,3956,3251,4364,4145,275,0.0327079375999073,11.9418145960337,0.180121059331997,0.862577375604156,0.878968394618011,-7.39464551889585,1.02293036446844
AT4G15380.1,36,57,78,10,2,4,276,3.33496429822927,4.12292288719657,6.4371147714363,0.000494135379927592,0.000759799562684362,-0.0255713773789559,10.0907695555068
AT4G15900.1,6515,7918,6935,664,786,649,277,3.34634511764561,11.1204146467601,19.0838861971921,6.35630844515984e-07,3.7873004485744e-06,7.00663695414296,10.1706862277928
AT4G16760.1,46200,60750,54410,1937,2204,2311,278,4.63867541291845,13.3866181992461,25.3303932987262,1.04305257888457e-07,2.03395252882492e-06,8.64278196676796,24.9103849801267
AT4G17486.1,634,1080,954,82,125,165,279,2.85358724204117,8.33591321641851,8.70646935397482,8.4140613524762e-05,0.000152950522042894,1.92302830325499,7.22795358607241
AT4G18400.1,409,624,601,45,42,32,280,3.73553044189901,7.19917216432203,15.4530069384681,2.42044694085439e-06,8.30697390101225e-06,5.6879516925572,13.3200763049828
AT4G18800.1,4029,5357,4657,245,458,376,281,3.73541745048229,10.3154705792484,13.7132996416444,5.13039448602752e-06,1.47714042584282e-05,4.91698491140946,13.3190331216948
AT4G18870.1,935,1017,998,800,1097,1046,282,0.0159536450355979,9.93409898863271,0.0852096621975096,0.934675311999542,0.943472256112479,-7.40909012575196,1.01111959223495
AT4G19120.1,40823,29946,21916,597,464,577,283,5.7823340812858,11.977838461541,21.6456416099083,2.84906611601764e-07,3.01860766965298e-06,7.75691053835614,55.0371584612888
AT4G20800.1,825,800,816,2332,2442,3003,284,-1.66174305526396,10.5008210849566,-9.64390507248165,4.53202741508405e-05,8.83745345941389e-05,2.59735032887673,-3.16398564707139
AT4G20830.1,3729,5592,4700,668,713,936,285,2.59185686433072,10.8751110662753,11.229945502097,1.78035536863078e-05,3.93697140795157e-05,3.60458545484462,6.02874147248829
AT4G21430.1,2136,2913,2373,221,362,397,286,2.94946478315891,9.78635446654262,10.7833303953583,2.28691110472614e-05,4.93007469310309e-05,3.33619915483657,7.7246243873696
AT4G21630.1,19567,23517,22617,111,70,50,287,8.20444760178193,10.3120662620689,26.9226501476414,7.05867639428118e-08,2.00321902712104e-06,8.96881133618781,294.974739313295
AT4G21760.1,2613,2148,1647,21,13,23,288,6.75208155966346,7.65995712697042,23.7524201099689,1.57409780053528e-07,2.23634856140494e-06,8.2877960877952,107.790151574188
AT4G22430.1,273,285,235,100,127,116,289,1.20399008892185,7.44485377857266,6.69747740625563,0.000393956823390582,0.000616815610345109,0.224751978841756,2.30375945819498
AT4G23110.1,0,13,13,92,148,141,290,-4.43112153565322,4.75379738253168,-4.32799827611169,0.00416063833837614,0.00575778660375278,-2.37589097260251,-21.5725009439298
AT4G24640.1,55,10,22,229,207,272,291,-3.28277947108447,6.23817256779287,-5.84660001151366,0.000848633290489295,0.00128191437190108,-0.623394766124882,-9.73229108712034
AT4G24740.1,496,796,772,1,34,51,292,5.45337994146385,6.66993088242728,4.59274934645839,0.0030823291285844,0.0043072286519958,-2.04648168721824,43.8158196303354
AT4G25280.1,502,603,597,35,44,30,293,3.94028219838995,7.1754659019146,19.3515015194732,5.81749762068646e-07,3.71903127753828e-06,7.09112634342615,15.3512283928557
AT4G25530.1,1645,2615,2528,2381,3499,3313,294,-0.447736008074102,11.337950259898,-1.70341558332984,0.135854587859559,0.157944764747293,-6.03545301176038,-1.3638982387712
AT4G26140.1,1129,1768,1642,243,290,285,295,2.44581937923117,9.31473769536544,10.8667325075484,2.18089558608041e-05,4.72527376984089e-05,3.38717109062772,5.44834998000519
AT4G26410.1,2744,3397,3179,228,473,299,296,3.27703529791914,9.95743955812326,11.2380652475414,1.77241923427955e-05,3.93697140795157e-05,3.60936280404852,9.69361845094081
AT4G26640.1,2600,2556,2280,75,86,70,297,4.99330657723326,8.77685933154896,29.5335809884045,3.89891331488051e-08,1.62117551594258e-06,9.44291323992285,31.8518790035746
AT4G27890.1,1114,1197,1124,504,663,756,298,0.855206991576344,9.73404632877878,4.23457236317078,0.00463667959229242,0.00633482657673072,-2.49461390700924,1.80901828653741
AT4G29530.1,699,944,798,10,27,9,299,5.79623956276216,6.7610246599085,14.0331797521893,4.4394216280369e-06,1.30446019070399e-05,5.06686442888925,55.5702013575248
AT4G29550.1,119,129,86,33,129,74,300,0.677850853237008,6.4518085415434,1.39380817259064,0.209448595771162,0.240249859855156,-6.43655442641402,1.59975486440554
AT4G31060.1,575,1110,1095,12,34,28,301,5.23263215185943,7.17888398600093,11.6646764064489,1.4073129003302e-05,3.29911056962652e-05,3.85544958574546,37.5992544961294
AT4G31080.1,2603,3474,3090,101,74,75,302,5.18466579620371,8.97539008007218,24.7645587978528,1.20532644973048e-07,2.17567266482792e-06,8.5193464106108,36.3697170346917
AT4G31180.1,5173,6901,6074,356,394,385,303,3.98686188204637,10.5594129891437,22.2996196691091,2.3560471102634e-07,2.81263053038135e-06,7.92926875362595,15.8549550484759
AT4G31720.1,603,717,745,73,76,52,304,3.35503874417211,7.74557282571507,15.7601190758549,2.13774021791201e-06,7.83838079901069e-06,5.8135402374856,10.2321594354039
AT4G31770.1,123,202,190,29,3,17,305,3.70671515285232,5.54562944210977,5.11935714371133,0.00174838987654313,0.00250855938808362,-1.42186902470625,13.0566705618467
AT4G32120.1,2560,3098,2575,269,491,350,306,2.92544604420122,9.95427546299882,11.4104037513303,1.61318899053456e-05,3.64241093125962e-05,3.70992607247442,7.59708542796464
AT4G32500.1,749,833,677,85,54,92,307,3.30433618087649,7.90109585021651,13.3884629751769,5.96179137220535e-06,1.59850531167256e-05,4.76071557225936,9.87880257346147
AT4G32850.1,4832,7472,7288,192,284,314,308,4.6303990355892,10.3306939060304,16.7608664026377,1.44846574989234e-06,6.11153824018867e-06,6.20328922795931,24.767889509674
AT4G33830.1,208,265,255,317,289,233,309,-0.20017173243354,8.02096638874413,-1.00517085446277,0.350976931166119,0.386995635127568,-6.87331288514202,-1.14883509942313
AT4G33840.1,1507,1259,1290,1002,1569,1209,310,0.121485316803332,10.3365580139194,0.556604095654999,0.596544521880676,0.633459405660421,-7.23917312747293,1.08785427910946
AT4G34330.1,89,119,143,131,134,141,311,-0.234096047511152,6.97327092154908,-1.08529039049647,0.316632230548458,0.351904732915256,-6.79095425813394,-1.17616955124476
AT4G35050.1,741,1009,994,108,194,169,312,2.56302069834225,8.54314554072587,9.3895360458062,5.33164007401814e-05,0.000102110428203294,2.42074774579321,5.90943703640086
AT4G35740.1,1419,1771,1756,45,79,82,313,4.60706903222138,8.37704434354112,16.7628690840029,1.44737058468767e-06,6.11153824018867e-06,6.20404067432098,24.3705859274518
AT4G36220.1,1093,1199,1056,52,40,40,314,4.64231697029058,7.80216663974508,25.5212329745667,9.94114620976585e-08,2.03083415428074e-06,8.68348508897931,24.9733415823945
AT4G36590.1,104,145,81,100,69,104,315,0.253294021267116,6.62722701642118,0.899486261309463,0.400684846966142,0.437388802413422,-6.97478453129969,1.19192546424705
AT4G36830.1,48,99,95,18,0,6,316,3.92941536636997,4.31646849501871,3.82709055928435,0.0075524980258296,0.00993871672724203,-3.02739745072525,15.2360325110977
AT4G38700.1,2371,3231,3079,1423,1589,1516,317,0.927088187164967,11.0227273773775,4.95411905439326,0.00208021505050206,0.00295500747240193,-1.61352964103332,1.90143442729021
AT4G38960.1,648,369,343,36,20,24,318,4.01803130167837,6.7575579769,12.1255117872456,1.10636512344909e-05,2.69676498840716e-05,4.11088500457583,16.2012284265031
AT4G39390.1,3091,3496,3067,229,286,237,319,3.6813649037325,9.80908736550892,21.1775134604941,3.2755111730094e-07,3.05477020265442e-06,7.62903844788546,12.829249787774
AT4G39650.1,13069,15596,16344,12131,15977,15829,320,0.039603862119808,13.8467028082534,0.202421884318831,0.845814149513892,0.863938738432046,-7.38976497908196,1.0278315640085
AT4G39690.1,2805,3290,3232,284,305,289,321,3.40171745170355,9.89823040643834,21.232517760389,3.22176671127508e-07,3.05477020265442e-06,7.64426373335895,10.5686372008101
AT4G39753.1,23,31,24,60,91,49,322,-1.28977893096625,5.38782902898175,-4.74906641685979,0.00259434565966101,0.00367318246862896,-1.85685436507459,-2.44490588549251
AT4G39955.1,3705,5099,4681,68,99,75,323,5.78817658562967,9.227524346147,26.0268258943102,8.76756327902164e-08,2.00321902712104e-06,8.78912950228326,55.2604952101238
AT5G02630.1,1036,1215,1300,24,24,34,324,5.39817918082673,7.50475472257817,25.7818143858124,9.31507309509054e-08,2.00321902712104e-06,8.73832660880788,42.1709957124623
AT5G02880.1,13026,16836,16848,567,828,657,325,4.51400696959684,11.6593098797103,20.8525530135726,3.61494931175751e-07,3.11038731304195e-06,7.53797368314571,22.8481740532271
AT5G03020.1,283,422,395,99,122,141,326,1.5891665926952,7.70662256788715,6.79213029362016,0.000363423834243765,0.000573194209156527,0.313845822071082,3.00875491344797
AT5G03240.1,33071,63898,65428,2891,2960,3510,327,4.0556947047373,13.6303096500385,13.4407247098347,5.81812545620313e-06,1.56979611365481e-05,4.78614068952484,16.6297514930436
AT5G03280.1,23533,31072,29044,4871,7665,7180,328,2.10243643606714,13.7060601339946,8.83544123475765,7.70161751179659e-05,0.000143030039504794,2.01974142344038,4.29434004892509
AT5G03370.1,2173,2401,2166,251,314,249,329,3.05178929075912,9.60665205422932,17.4272227913159,1.13146092877367e-06,5.22936494020223e-06,6.44739503342606,8.29239759417523
AT5G04560.1,9809,14100,12760,641,836,731,330,4.04392930286308,11.5390356974171,19.1806818871727,6.15504010967873e-07,3.71903127753828e-06,7.03737388652612,16.4946847832773
AT5G06020.1,102,108,87,171,211,136,331,-0.779366940542793,7.02772229380388,-3.57332588944956,0.0103654683617648,0.0133939335156539,-3.3711006190605,-1.71637755533944
AT5G06500.1,427,424,394,575,664,681,332,-0.620756200121454,9.00987638689095,-3.83403030532501,0.00748842149223307,0.0099152247536049,-3.01812331719317,-1.53768095784047
AT5G06670.1,3452,4798,4649,214,349,212,333,4.07701804526824,10.0165468831833,15.3389602919959,2.53622214261797e-06,8.63523253319928e-06,5.64056066398945,16.8773681743422
AT5G07430.1,417,113,52,758,884,1553,334,-2.89703030266157,8.53790501826706,-3.9017691023714,0.00689348564861827,0.00924157919767887,-2.9279574186496,-7.44891501553249
AT5G07460.1,1119,1611,1582,149,403,509,335,2.1769936585012,9.38229136595277,4.62742808692577,0.00296580303291521,0.00417157213482173,-2.00410234140426,4.52210239113751
AT5G08360.1,874,1183,1156,710,1002,914,336,0.292442049351044,9.90670088247652,1.3402075332026,0.225401063476538,0.255812318072579,-6.50187773600336,1.22471159299127
AT5G09490.1,212,205,233,198,227,170,337,0.134735905799391,7.69649033609779,0.746539583875808,0.481624383247229,0.520445492224336,-7.10574075378269,1.09789181954078
AT5G09900.1,4028,5050,4332,396,497,438,338,3.32954522636843,10.455130699433,18.3111618743535,8.26584703803804e-07,4.17182162272743e-06,6.7538108901899,10.0529375588075
AT5G10220.1,897,1125,1161,947,1050,1246,339,-0.026859617488066,10.0567488421527,-0.136836510013981,0.895326842881946,0.905884942444233,-7.40250779013998,-1.01879205747595
AT5G10440.1,196,235,242,97,206,130,340,0.695962523090671,7.46185452926266,2.34059405917616,0.0548036358494359,0.0671735993697372,-5.13388342891586,1.61996486486747
AT5G10950.1,3298,4203,4044,640,659,765,341,2.47852688701831,10.6631645577723,13.6413973208271,5.30227564524218e-06,1.50640811378072e-05,4.88275378757271,5.57328097038667
AT5G11310.1,332,445,447,79,98,117,342,2.05123514157345,7.636926825563,9.12862034169859,6.32434454684315e-05,0.000118997535552443,2.23478235534747,4.14460651915368
AT5G11460.1,600,738,633,34,57,41,343,3.89646977671515,7.40809536664134,16.6364351979776,1.51842115200227e-06,6.24299840253321e-06,6.1563837100457,14.8920429464555
AT5G12840.1,1386,1972,1892,230,207,292,344,2.84114679825715,9.33622193712171,12.5826287771393,8.78659940467754e-06,2.24372091940873e-05,4.35423636775274,7.16589447344478
AT5G13620.1,0,6,10,1,21,20,345,-1.19498750024039,2.68642259701849,-0.966962983197342,0.368363840876841,0.404163907253618,-6.91097209617429,-2.28942848510666
AT5G14620.1,838,1177,1040,40,68,103,346,3.92396299934412,8.01748689285117,10.9686901185403,2.05886848289266e-05,4.50640091408649e-05,3.44894459287446,15.1785597542465
AT5G15140.1,22,9,3,123,84,133,347,-3.52806212867933,5.04586108132112,-5.75209516797942,0.000928773606512639,0.00138830619231332,-0.723143380013105,-11.5359277478565
AT5G15380.1,81,129,127,44,66,58,348,0.979778160499082,6.30341752563264,3.73045410795071,0.0085103936120449,0.011130972132827,-3.15724213702806,1.97216213137838
AT5G15470.1,6821,6082,5351,124,217,188,349,5.13206589848893,9.99810329379783,20.2888765636869,4.30475686979755e-07,3.11038731304195e-06,7.37536006417745,35.0675782838539
AT5G17320.1,668,848,812,853,1059,1107,350,-0.373029429616905,9.78071294356496,-1.93772382191848,0.0973265109571779,0.115022240222119,-5.71190385597299,-1.29506941677851
AT5G19600.1,1003,1018,964,19,53,12,351,5.36720390236004,7.27602038957732,10.7065829165059,2.38972058210617e-05,5.10286678980692e-05,3.28893930318885,41.2752172145932
AT5G20810.1,1015,1470,1214,335,492,494,352,1.48965361413216,9.50784213177396,6.19652114596041,0.000613079228422589,0.000935982167235909,-0.263966187069817,2.80821542814782
AT5G21150.1,24141,31039,28790,678,664,816,353,5.27858607696288,12.1255165594078,28.4334836431953,4.97398416065459e-08,1.77819933743401e-06,9.25163650477346,38.8161755973112
AT5G22440.1,3467,4514,4105,880,1366,1168,354,1.83768713888018,11.0491285531261,8.15547124348901,0.000124414285788111,0.000219644973675306,1.49448734567759,3.57436543276427
AT5G22920.1,11822,22396,18381,348,490,455,355,5.30892669464234,11.3943141655509,18.5815802637082,7.53082383786294e-07,4.0243319604312e-06,6.84382420172864,39.6411440558058
AT5G23210.1,48637,66742,63498,484,319,319,356,7.3282914417075,12.1860447631368,30.1692270094853,3.40088954061314e-08,1.6210906810256e-06,9.54822552935478,160.707276403235
AT5G23340.1,2946,4060,3741,8,145,93,357,6.15596869609638,8.71609715204818,6.16283539678625,0.000632192309087048,0.000961739363823914,-0.297902663573749,71.3068464045428
AT5G24240.1,12385,15187,13984,1470,1953,1985,358,2.94940448564953,12.2781843064086,15.0188390975129,2.89682461190282e-06,9.427598850534e-06,5.50529503019669,7.72430154306443
AT5G24380.1,126,260,258,151,182,189,359,0.233305336990009,7.56114698851453,0.732433622809256,0.489622050967584,0.52643573901026,-7.11680366070808,1.17552509430844
AT5G24460.1,3704,5159,4981,104,185,222,360,4.80553941835006,9.75420445207318,15.0155704379099,2.90079964631815e-06,9.427598850534e-06,5.50389653453028,27.9647866453552
AT5G24810.1,18669,21355,17569,1124,1419,1361,361,3.8842397410551,12.2817517000304,21.4771498760851,2.99472606389096e-07,3.01860766965298e-06,7.71132832907488,14.766333486408
AT5G25410.1,66,77,71,1772,2400,2150,362,-4.85692396926328,8.60226745488575,-26.1840396623887,8.4358047383117e-08,2.00321902712104e-06,8.8213452524967,-28.9787602214414
AT5G25950.1,206,86,104,44,195,146,363,0.181480228577644,6.85948520938257,0.297362415895246,0.775524297721336,0.797841543698929,-7.3627360603165,1.1340468390914
AT5G26250.1,234,209,205,100,201,141,364,0.60369763546869,7.45723884607044,2.19580056627272,0.0673299644866159,0.0813649429993189,-5.34360451985866,1.51960633918341
AT5G26630.1,149,131,173,149,117,129,365,0.194108917605628,7.14166430976487,1.01919325031631,0.344760339359332,0.381191199961736,-6.85922465376613,1.144017338598
AT5G26650.1,64,29,55,124,65,100,366,-0.97725885202592,6.06750053624449,-2.61625192093242,0.0371846200577013,0.0459717637024607,-4.73251758097797,-1.96872124537043
AT5G26700.1,340,198,171,1490,2063,1483,367,-2.87068329001919,9.26084741309957,-9.41308072305492,5.25120004525234e-05,0.000101475892766363,2.43728606023608,-7.31411489674906
AT5G27910.1,54,34,51,48,21,10,368,1.02583645574031,5.02410925500009,1.91142182410335,0.101050725876687,0.119095498354667,-5.74884707772061,2.03613956917066
AT5G27960.1,30,19,6,24,51,50,369,-1.31108064085182,4.68336676286986,-2.22281891823718,0.0647877615295589,0.078513982192601,-5.30458777578049,-2.48127328475427
AT5G28530.1,1311,2117,1996,86,75,59,370,4.59063196371785,8.4945698501592,17.8276263027949,9.79642230603556e-07,4.72209569583063e-06,6.58856387956627,24.0945000953083
AT5G34940.1,2861,4470,4016,338,318,383,371,3.42452531856414,10.1481015184895,15.4797630274125,2.39417382631865e-06,8.283069124925e-06,5.6990102154836,10.7370466938852
AT5G35490.1,20,30,20,18,46,49,372,-0.569180466317185,4.86420061847339,-1.38214101729596,0.212832183110213,0.24283246424011,-6.45089223931099,-1.48368051541238
AT5G37290.1,957,1044,963,83,129,132,373,3.12536357920866,8.38600434670713,13.7551497214424,5.03330622607528e-06,1.45897862904479e-05,4.93681628358639,8.72626072326542
AT5G37420.1,210,203,229,39,58,27,374,2.40902950510542,6.54182344132164,8.35415630553436,0.000107775586027403,0.000191849487160813,1.65196274763147,5.31116925316303
AT5G37560.1,101,90,129,97,167,175,375,-0.421290363444207,6.94484111345499,-1.47512263310908,0.187186643408276,0.21528973196287,-6.33489138546683,-1.33912474826842
AT5G38140.1,403,484,381,70,31,49,376,3.12129264619421,7.15851409285691,10.0194266991782,3.58982458002023e-05,7.26431483409755e-05,2.84998077768184,8.7016720548935
AT5G38195.1,1748,2326,2104,1660,2379,2210,377,-0.00963031289771799,11.0035400188758,-0.0447429702916913,0.965663787633648,0.965663787633648,-7.41211360698429,-1.00669755319821
AT5G39260.1,9750,10833,11979,8828,11149,10443,378,0.0999253227122097,13.3510217145792,0.553605635217873,0.598479195440777,0.633944629244675,-7.24100091292393,1.07171798645741
AT5G39440.1,597,628,682,620,902,704,379,-0.207283811206672,9.41586178872583,-1.04547589525552,0.333344464730034,0.369521383382906,-6.83244130641393,-1.15451251427197
AT5G39560.1,172,144,157,167,212,249,380,-0.391497753945976,7.50185489891591,-1.90277585879674,0.102305441514932,0.120243929890153,-5.76096110437274,-1.31175451342275
AT5G40600.1,666,940,822,22,46,59,381,4.31976702699719,7.48823064794632,11.4871485521879,1.54761201573289e-05,3.56949222983554e-05,3.75420186260951,19.9700636646851
AT5G40680.1,2164,2755,2808,7264,8611,8631,382,-1.67000214824356,12.15645187127,-8.91979176681125,7.27300236606068e-05,0.000135657305001741,2.08228706664708,-3.18215067339432
AT5G41260.1,1217,1901,1741,93,100,118,383,3.93417025320946,8.66962449251719,17.2484529414488,1.20788327241934e-06,5.45454656703048e-06,6.38305338899747,15.2863308237154
AT5G41610.1,5132,6600,6444,186,362,398,384,4.32568497902885,10.393164200883,13.4549892705624,5.77960703004714e-06,1.56927304803179e-05,4.79306124595596,20.0521493439039
AT5G41750.1,1655,3047,1284,9,8,16,385,7.33845695049795,7.19566712110898,18.5554780873248,7.59838901619876e-07,4.0243319604312e-06,6.83520898768333,161.843649863099
AT5G41830.1,1140,1685,1514,601,740,810,386,1.00335548743609,9.97851358147898,4.51773368292874,0.0033522886863383,0.00466925924168548,-2.13876325372791,2.0046571070705
AT5G41850.1,864,970,1044,35,86,71,387,3.97545917872606,7.91532742227415,11.5519318219116,1.4946306101779e-05,3.46592719873685e-05,3.79133745219265,15.7301353429956
AT5G42670.1,780,729,716,30,66,59,388,3.8931948680527,7.5889894661774,12.4804172646708,9.24488537554176e-06,2.31933089246048e-05,4.30065781735634,14.8582764420738
AT5G42690.1,2967,3989,4027,33,69,39,389,6.31154080755154,8.66866172146999,20.3263312015748,4.25447151144246e-07,3.11038731304195e-06,7.38635303327851,79.4260750713378
AT5G43780.1,8023,10631,10028,187,257,220,390,5.42813425124486,10.4986400144532,26.473883491609,7.86138467770338e-08,2.00321902712104e-06,8.87996922492814,43.0557570772994
AT5G45980.1,280,512,460,589,1057,918,391,-1.03658394379831,9.1802467306516,-3.1835000470801,0.0171783066254989,0.021803235332364,-3.91515744762747,-2.05136461604779
AT5G46230.1,413,435,312,105,215,128,392,1.41921830568632,7.87428755689313,4.64046989707322,0.00292326022269108,0.00412525866952129,-1.98821045677537,2.67440564582959
AT5G46540.1,13442,15915,14584,1179,1476,1291,393,3.478846617215,12.0955618451768,19.9712827041931,4.75982667410767e-07,3.24121530665427e-06,7.2810427637125,11.1490325165256
AT5G46810.1,1660,1590,1688,1433,1626,1369,394,0.160573356290827,10.6048826855529,1.00329728180118,0.351814213752334,0.386995635127568,-6.87518450809315,1.11773125890332
AT5G47620.1,3445,3510,3139,229,192,268,395,3.87850422003854,9.7757219269423,20.6754737410113,3.81691192450658e-07,3.11038731304195e-06,7.48753392744706,14.7077455754292
AT5G47770.1,7080,9867,8506,667,850,746,396,3.48367669772628,11.2957330311796,17.4219383342206,1.13363855347041e-06,5.22936494020223e-06,6.44550487745313,11.1864215480123
AT5G47790.1,4050,5182,4870,155,211,293,397,4.45354709921659,9.96443855569557,16.5960916417161,1.54193203906159e-06,6.24299840253321e-06,6.14108383520245,21.9104483205549
AT5G48650.1,14160,18075,17284,6821,8608,8572,398,1.04515431053616,13.4803082952108,5.4579160362674,0.00123852856283803,0.00181961901869012,-1.04120098412342,2.06358706789238
AT5G48670.1,333,321,304,21,13,59,399,3.59786982224516,6.52349395655706,7.04139965345696,0.00029509021619477,0.000470608560399837,0.543766743947391,12.1078417755239
AT5G48970.1,1416,1962,1617,181,281,221,400,2.87523417795552,9.25153770862696,12.3732071073499,9.75536536487737e-06,2.4191050529089e-05,4.24394799908762,7.33722322551343
AT5G49160.1,938,1247,1176,34,144,97,401,3.81246007349312,8.2141973537716,7.43285298627748,0.000215249534810165,0.000352450574173896,0.89162000627023,14.0496284549018
AT5G49810.1,23401,27828,22875,565,709,737,402,5.20546079533359,11.9840005520949,27.6026442462427,6.01574052308891e-08,1.98519437261934e-06,9.09912472763712,36.8977463184598
AT5G49830.1,11919,16356,14681,815,830,830,403,4.10354779244254,11.7417187880587,22.6020940812951,2.16179572880218e-07,2.72767755192981e-06,8.00661005317938,17.1905975903068
AT5G49890.1,4643,6331,5533,496,510,580,404,3.36900961656942,10.7300634335862,17.9658547466554,9.32782936541706e-07,4.599584825016e-06,6.63637680431885,10.3317276703654
AT5G49900.1,7415,9260,8098,236,382,339,405,4.71252370038866,10.6493734391813,20.2763827663178,4.32168276328907e-07,3.11038731304195e-06,7.37168707466645,26.2186900267451
AT5G50470.1,41,3,10,171,229,293,406,-4.20655936968893,5.72052936531648,-5.21550891834664,0.00158290207109282,0.00227874157214368,-1.31213036421191,-18.4629268413253
AT5G53150.1,2939,4264,3915,1050,1233,1257,407,1.63716855851406,11.0197808925873,7.95989570753291,0.000143717825099757,0.000250629865722746,1.33609126329064,3.11054754579441
AT5G53250.1,509,1121,753,577,797,616,408,0.200111270954622,9.46148806810146,0.629440037918445,0.550665406059377,0.587650396018589,-7.19205434522502,1.14878695424227
AT5G53870.1,4380,5707,5258,1249,1500,1496,409,1.84970258435029,11.3872776745847,9.97166315159417,3.69622201164039e-05,7.37525229299408e-05,2.81836707084691,3.60425874574836
AT5G54095.1,99,14,18,1314,1350,1090,410,-5.35114004366737,7.60846145477596,-7.66898690350753,0.000179106192647926,0.000301076093595784,1.0940258229285,-40.8181825980368
AT5G54350.1,21,3,4,170,226,145,411,-4.55095528251073,5.20259754576358,-7.08864945384787,0.000283854686330029,0.0004560811252269,0.586596325940019,-23.4408874134251
AT5G54650.1,4939,6241,5447,377,518,678,412,3.43349934652654,10.7131166455378,13.502068065123,5.6545461498992e-06,1.54509573140558e-05,4.81584403996296,10.8040427360511
AT5G57900.1,4658,6438,6170,52,58,55,413,6.67059856767002,9.14127209249589,35.0027829192001,1.30919289100801e-08,1.42764125012948e-06,10.2413732791502,101.87092694234
AT5G58030.1,2005,2774,2403,161,190,141,414,3.85752439234105,9.28443751297888,18.6811839313148,7.27928487840326e-07,4.00360668312179e-06,6.87655686066343,14.4954115785951
AT5G58550.1,1658,2385,1887,53,47,34,415,5.44332884272778,8.21137542797375,22.6058104430922,2.15952662431875e-07,2.72767755192981e-06,8.00755121173056,43.5116204933298
AT5G58760.1,489,357,300,170,140,100,416,1.47948601433001,7.8116147905105,5.28040704332552,0.00148117194953687,0.00214669853497066,-1.23879672699026,2.78849370542357
AT5G58840.1,2946,2602,2643,3250,3547,3497,417,-0.330758435292422,11.5785450186581,-2.1042426845719,0.0767242357396806,0.091940494783025,-5.47528315630457,-1.2576743693393
AT5G60440.1,258,325,329,66,156,180,418,1.29043427657695,7.59873574709934,3.28928965386637,0.0149446669540882,0.0190811372717376,-3.76575244371447,2.4460167386278
AT5G60760.1,1821,3616,3700,894,979,1078,419,1.56257452870528,10.7205742512334,5.06355177434913,0.0018533067192666,0.00264142386234342,-1.48616119200803,2.95380487961304
AT5G62140.1,750,535,523,11,58,20,420,4.59741943888258,6.91868404372854,8.13034108154004,0.000126720770834297,0.000222800043802924,1.47432492422781,24.2081250314219
AT5G63740.1,106,123,100,251,229,241,421,-1.12925281072636,7.34925133187645,-6.80864690287784,0.000358376201196969,0.000567318783444648,0.32929022119743,-2.18745420001483
AT5G64400.1,4859,6835,6233,373,515,578,422,3.61869282216484,10.7211934955158,15.1267130989055,2.76908952974245e-06,9.28077662702742e-06,5.55125064032482,12.283866405071
AT5G65160.1,703,1074,1000,19,85,61,423,4.26479655399126,7.69986133032107,7.84461414516205,0.000156690003071536,0.000267808810030633,1.24110582208694,19.2234657460625
AT5G65870.1,2068,2087,2233,12,20,13,424,7.08930844464525,7.51135824331511,31.3337256700788,2.66684213683674e-08,1.58418818651812e-06,9.73190736973005,136.174092703849
AT5G66100.1,1361,1365,1308,185,168,176,425,2.92461944692473,8.9315243226201,19.272291422558,5.97129265961409e-07,3.71903127753828e-06,7.06627837978149,7.59273389746599
AT5G66250.1,1897,2702,2572,10,48,49,426,6.30061605425413,8.05630724463614,10.4779059632965,2.72894729394164e-05,5.7108214102486e-05,3.14606742977308,78.8268956352315
AT5G66750.1,1046,1307,1399,417,460,478,427,1.45884658200494,9.54937793041794,7.93012438375977,0.000146946458499878,0.000254193672163096,1.31167788885096,2.74888505572576
AT5G66910.1,3594,5677,4389,82,142,54,428,5.68889264394127,9.28320314918729,15.0407372636072,2.8703552476737e-06,9.427598850534e-06,5.51465501439828,51.5854624153652
AT5G66985.1,221,145,240,31,11,16,429,3.4082348064962,5.92825918390526,8.54519741366715,9.41344927408898e-05,0.000168969445129045,1.80021671705424,10.6164888757122
