AT1G02790.1,217,384,234,793,729,529,1,-1.32039349781224,8.73800205121418,-4.84398296384138,0.00247031213129532,0.00319205995278822,-2.0227973278116,-2.49734215973533
AT1G02940.1,1775,1759,1935,1761,1959,2078,2,-0.082223791210664,10.8726581679885,-0.633657993792865,0.548488938680884,0.573906718766096,-7.44767124434325,-1.05864859997104
AT1G04540.1,2139,2151,1656,386,226,233,3,2.84537078934928,9.52038638234755,11.4601809944604,1.80653664708757e-05,3.38429791091952e-05,3.46015624423684,7.18690586384431
AT1G05160.1,6017,5814,4811,4331,4617,3995,4,0.358280647231714,12.2518772746741,2.46050885777795,0.0469822380354335,0.0540663452995557,-5.22014139730645,1.28189726717402
AT1G06470.1,1933,1356,1336,88,58,56,5,4.50569811349869,8.31660455491367,18.6122412828824,9.07633252722958e-07,2.94980807134961e-06,6.6657105954015,22.716963674292
AT1G07690.1,179,180,222,140,124,146,6,0.495863633811981,7.34960114420507,3.32931470612587,0.0145969659106104,0.0175408918085487,-3.97661755793762,1.41016466282785
AT1G07705.1,2512,2390,2361,701,710,554,7,1.89300322960933,10.2949605918585,12.8980558715839,8.77979872564939e-06,1.81734166871556e-05,4.25035440665447,3.71407572352748
AT1G08030.1,5132,4859,4355,907,881,853,8,2.43727992998389,11.0017318291483,19.2578381176282,7.3373848029349e-07,2.51819046436726e-06,6.88462979744661,5.41619593326753
AT1G08065.1,255,283,252,291,307,353,9,-0.263825318486308,8.17615955730948,-1.93202804976368,0.0990046834682132,0.111774184548062,-5.97820695344334,-1.20065804300951
AT1G09380.1,861,607,688,740,815,641,10,-0.0347842720542193,9.4933360511061,-0.192564773541325,0.853326384353954,0.863389195490203,-7.65120365356876,-1.02440363125753
AT1G09550.1,2999,3193,3030,2458,2859,2835,11,0.180725417025819,11.4954617980134,1.42005013914873,0.202887713642481,0.22091073388991,-6.66150250293971,1.13345366607579
AT1G10010.1,2795,2739,2116,2513,2515,2198,12,0.0738657823587126,11.2687052345643,0.460605226637266,0.660473676941477,0.686061034885941,-7.55201064613135,1.05253323027286
AT1G11420.1,546,486,531,114,54,133,13,2.4618394884831,7.79523272921715,7.30751900247524,0.000260546071399347,0.000364085552541758,0.491176174485261,5.50918720970273
AT1G11580.1,16396,18151,15105,72,101,69,14,7.68009543668134,10.1705586909395,41.108517916854,6.24430565987309e-09,2.5095191657334e-07,11.1816951240423,205.087455091169
AT1G14580.1,691,800,503,39,2,9,15,5.94291596434982,6.38106421234021,6.75847772883541,0.000406611070618614,0.000560887939856545,-0.0071735741680552,61.5171159974751
AT1G17770.1,941,729,1017,5918,6434,6035,16,-2.78646050520787,11.1875161690892,-17.0708984359917,1.55459248412989e-06,4.4857910972566e-06,6.10518605178796,-6.89935026672325
AT1G17860.1,2605,2377,2216,35,1,76,17,7.08027862701463,7.68570982755305,5.52740333450841,0.00123369534824889,0.00163350402592214,-1.24890644974547,135.324441814078
AT1G17950.1,233,257,252,4,2,0,18,6.65256498469749,4.62857935755158,11.9475738715073,1.40195768694107e-05,2.75889838393449e-05,3.73870964131643,100.605473288791
AT1G18250.1,597,675,601,767,669,696,19,-0.186497948231578,9.37941590319578,-1.43933559139744,0.197582537766128,0.215681701530964,-6.6374339300624,-1.13799794169306
AT1G18350.1,280,238,419,198,152,336,20,0.486307133816546,8.00669264838099,1.40208589686816,0.207945574864666,0.225844687637828,-6.6837711561352,1.40085451557641
AT1G19140.1,3638,3617,2580,110,85,118,21,4.95617302339891,9.1832526398195,24.0963928667447,1.80427395073061e-07,1.19082080748221e-06,8.28380360371842,31.0425038563279
AT1G19640.1,14022,13227,10700,22,13,15,22,9.5071186190215,8.86386493554896,42.3787502337928,5.15270433777082e-09,2.5095191657334e-07,11.3217976062847,727.658952088804
AT1G20140.1,2757,3477,2880,952,1097,1061,23,1.54541337008705,10.7892276162833,10.5141757526465,3.04376781170747e-05,5.26522649821753e-05,2.88442546082797,2.91887690370544
AT1G20690.1,1962,1846,1573,327,385,285,24,2.43338401843052,9.58665213543678,14.5119228562208,4.25142248806721e-06,9.85870403989639e-06,5.03551687296678,5.4015895512377
AT1G20730.1,7483,7887,7771,18,15,18,25,8.74775094610562,8.5391604820152,66.7403221747216,2.91878996923578e-10,6.26080448401074e-08,13.0232882968816,429.868309383543
AT1G20910.1,763,567,563,797,751,571,26,-0.162659274913047,9.37023873743627,-0.818313762522181,0.442867334648943,0.469111324850362,-7.30486245206996,-1.11934849795213
AT1G20940.1,157,201,200,1135,1159,1095,27,-2.60488145679077,8.84012203576466,-17.7463674963099,1.22120841678786e-06,3.71559156597156e-06,6.35772700074762,-6.08341513103428
AT1G21790.1,875,887,704,95,54,109,28,3.29433348182232,8.02972738350132,11.7220444039831,1.5745672257411e-05,3.03595565746161e-05,3.61125554643368,9.81054634561145
AT1G22015.1,1690,1485,1727,2051,1651,1785,29,-0.159854168345227,10.7518493665433,-1.10984734916284,0.307412402396597,0.32969980157035,-7.02244869710302,-1.1171742052674
AT1G22040.1,2351,2801,2416,95,76,68,30,4.97688061494618,8.80853147353783,29.313271987217,5.26528296408993e-08,6.45852776708385e-07,9.43227975775089,31.4912826491049
AT1G22180.1,1067,1138,993,149,59,61,31,3.69381480282223,8.2102092669082,10.1301254118145,3.80812908896281e-05,6.43184007545293e-05,2.63624305520638,12.9404403170533
AT1G22420.1,293,269,315,970,620,1405,32,-1.69296304421597,9.03990441879608,-5.68704628667725,0.00105801603877861,0.00141398405182562,-1.07728159235085,-3.23320065314827
AT1G23320.1,58,63,28,166,155,107,33,-1.56112332300345,6.36076967633153,-4.51218268706289,0.00354080878623369,0.00449410345945045,-2.42244933939341,-2.95083514370084
AT1G23360.1,687,711,536,70,33,67,34,3.54870122054952,7.54924154427655,11.3514683395266,1.91423189152286e-05,3.53075985050655e-05,3.39641690355477,11.7021460220653
AT1G27000.1,4821,4607,4607,333,328,213,35,4.02938362862557,10.1770634985163,19.9388250988718,5.90622805947582e-07,2.25182329297095e-06,7.10629841989489,16.3292160905336
AT1G27130.1,8545,8732,8049,43,82,59,36,7.12890221627388,9.47823832333452,29.7429455299251,4.8044674524231e-08,6.45852776708385e-07,9.51410002071873,139.963051748864
AT1G27600.1,5042,5823,5476,239,155,261,37,4.66710516639211,10.0754578551988,21.1760832095872,4.05368379703219e-07,1.91102236145803e-06,7.48655542813509,25.406137722747
AT1G28460.1,198,164,243,137,134,193,38,0.382810425445406,7.45315617806141,1.75784558592171,0.126666111333384,0.140776584875704,-6.21934789948765,1.30387939024897
AT1G29080.1,1957,2359,1850,957,1468,1174,39,0.790293268659548,10.6027951569114,3.96833115807861,0.00661448401265885,0.00824887686462397,-3.11240419947797,1.72942598173693
AT1G32120.1,7694,6738,6592,1145,1283,1304,40,2.49202962679341,11.5255664491755,18.6758448397153,8.88532883492968e-07,2.93013617481014e-06,6.68767260394132,5.62568832607334
AT1G34170.1,822,539,721,707,454,847,41,0.077390168209126,9.38044466401531,0.277318086670819,0.790365609184686,0.809228750215346,-7.62840251707689,1.05510762600686
AT1G34180.1,1840,1361,1041,468,385,293,42,1.87245032234022,9.49141632604338,6.96965692349741,0.000341502331826808,0.000474124596613918,0.18823033752628,3.66153940582317
AT1G34650.1,167,95,136,1988,1898,1749,43,-3.8488929837475,8.94955049402723,-17.2948519680415,1.43358897569921e-06,4.27090049010389e-06,6.19016314932342,-14.4089468108702
AT1G35660.1,5968,5821,5679,597,801,715,44,3.05565733301578,10.9795872924803,20.4104989837735,5.10339814903963e-07,2.16768099597822e-06,7.25456576074373,8.31466035991038
AT1G43020.1,290,354,405,0,0,0,45,8.4406288248285,4.22031441241425,53.5497031045882,1.17491632161665e-09,1.26009775493385e-07,12.2910806322237,347.442113781468
AT1G43800.1,8732,14304,13408,25,43,21,46,8.66270152529876,9.20445174778794,27.2053036393706,8.41966846712032e-08,7.65215993763816e-07,9.00474425305727,405.259311810744
AT1G44130.1,3587,2917,3380,4329,3698,3912,47,-0.274722548636115,11.8183488222282,-1.92830382428819,0.0995285279658732,0.111774184548062,-5.9834301067993,-1.2097614120273
AT1G44750.1,4480,4230,3397,299,268,147,48,4.13237456667054,9.90276542289575,14.1509694619209,4.9658944019324e-06,1.13317483958989e-05,4.86821062076524,17.5375409409334
AT1G47490.1,553,589,417,954,825,896,49,-0.790882208960845,9.40399858527352,-4.59520139084456,0.0032310450003136,0.00411311069772859,-2.32094792835256,-1.73013211612517
AT1G48910.1,149,120,120,1425,1323,1156,50,-3.31935788577118,8.68186066456728,-21.3349066377549,3.86851797616177e-07,1.88590251337886e-06,7.53339315650937,-9.98220052785971
AT1G49290.1,34,44,33,2444,2472,2254,51,-5.98599267928243,8.22919599114954,-38.5877803585879,9.3100752278526e-09,2.5095191657334e-07,10.8805561652554,-63.3816221833302
AT1G49600.1,2275,2580,1762,564,666,583,52,1.85211382011786,10.163881765848,10.2812924340061,3.48355501308303e-05,5.93033770084374e-05,2.73498730639788,3.61028772899298
AT1G52460.1,125,173,167,0,0,0,53,7.2708469473758,3.6354234736879,44.8464901434512,3.60406062715379e-09,2.33282400342889e-07,11.5739829056097,154.434037257812
AT1G53520.1,1261,1323,1019,557,454,463,54,1.2849039988686,9.57972701344857,7.88647663925914,0.000167676997938537,0.000243018351742002,0.984360669124332,2.43665837960762
AT1G54570.1,219,157,114,23,17,10,55,3.23877046394846,5.69082493890782,9.09401138639527,7.25561265343671e-05,0.000113600650668772,1.91962906574268,9.4398927188733
AT1G55050.1,832,800,708,152,121,164,56,2.42100851350414,8.39532005491919,14.8842954393643,3.63567415968669e-06,8.76238322755948e-06,5.2034982987729,5.35545263094305
AT1G55560.1,395,433,308,3577,2249,1876,57,-2.71749633751958,9.91287179556927,-9.9508431759095,4.2391041955604e-05,7.07617003850354e-05,2.51730288797557,-6.5773039316028
AT1G55920.1,10363,10790,9258,67,59,81,58,7.1871898248979,9.7108967262746,44.4602197913498,3.80647273286765e-09,2.33282400342889e-07,11.5361540701935,145.733609591944
AT1G57590.1,297,272,169,6,0,0,59,6.97132055848737,4.42144525326289,8.95911107537836,7.92816330928521e-05,0.000123085952201138,1.82083869565392,125.480603130183
AT1G57820.1,6638,6524,6211,3365,3373,3668,60,0.897039876129341,12.2079315743534,7.54859704476147,0.00021612752303784,0.00030600233459813,0.700385763500476,1.86224111134301
AT1G59800.1,76,83,45,89,61,42,61,0.103450586037343,6.00916334682489,0.300255082314015,0.773594419163791,0.794901791795198,-7.62084900000499,1.07433995970626
AT1G59890.1,2759,3180,2667,1139,1309,1140,62,1.26033595920801,10.8522520735259,9.10453402604668,7.20596464238269e-05,0.000113236587237442,1.92727884279707,2.39551518594263
AT1G59930.1,517,486,602,18,10,23,63,4.96275960295565,6.57882034574517,16.7216865548355,1.76761676985391e-06,4.89230705978921e-06,5.97012493891863,31.184551457128
AT1G60220.1,3505,3711,3510,821,776,759,64,2.18554552544918,10.710979756198,18.6549693433492,8.94750207226407e-07,2.93013617481014e-06,6.68047407797757,4.54898767387632
AT1G60400.1,13,16,14,1241,830,960,65,-6.02794612894937,6.94787585078017,-32.254339198903,2.88363974650573e-08,5.37861500543895e-07,9.96000278448621,-65.2518151266274
AT1G60440.1,3871,4227,3960,107,24,91,66,5.99798874552223,8.97309625542618,11.0313133913217,2.27697269763496e-05,4.12160880711139e-05,3.20514616906641,63.9108400594486
AT1G60970.1,41,36,51,126,207,201,67,-2.01504179370542,6.44159106570231,-8.29106120507213,0.000125190383867005,0.000186169404223634,1.31099554866916,-4.04192287547905
AT1G61330.1,699,574,650,1372,1303,1382,68,-1.08009550489966,9.8617620827264,-8.20452190026215,0.000133127238632172,0.000194920086597958,1.24231154721892,-2.11417603272794
AT1G62340.1,3100,2227,2885,6445,6166,7178,69,-1.27973395795112,12.0448359497902,-7.58463748827659,0.00021026092018536,0.000299674201858868,0.731181926394552,-2.42794199971436
AT1G62660.1,2391,2430,1511,333,369,253,70,2.70993594556179,9.65622478603507,10.9753310687907,2.34823152179054e-05,4.21502645543156e-05,3.17114141728942,6.54292596164072
AT1G63010.1,8552,8465,7267,244,193,273,71,5.10081314602048,10.4286008610603,29.5561253080219,4.99884552429919e-08,6.45852776708385e-07,9.47873514263975,34.3160869231036
AT1G63090.1,8497,8262,5540,493,442,424,72,4.0101463604259,10.8286895639345,19.9852166751223,5.82110063422036e-07,2.25182329297095e-06,7.12106823930863,16.1129233630564
AT1G64630.1,3979,4239,3646,472,501,380,73,3.1366695448114,10.3786304773335,20.1295575966,5.56516836761307e-07,2.25182329297095e-06,7.16675939797844,8.79491445272409
AT1G64750.1,2950,4267,3260,337,611,411,74,2.97088786194895,10.2670331996938,11.3481449291087,1.91763879992547e-05,3.53075985050655e-05,3.39445884654181,7.84018589571757
AT1G65300.1,2449,2242,2858,2713,2264,2828,75,-0.0488339860471374,11.314775274226,-0.307151639802456,0.768577042936889,0.792595075528667,-7.61846378988385,-1.03442854080194
AT1G65360.1,19,6,14,965,721,1116,76,-6.16699142121759,6.76222024812662,-15.2696446729771,3.10419774139057e-06,7.60971903460888e-06,5.37260935149347,-71.8537437432965
AT1G65860.1,607,660,327,24,11,8,77,5.19174742921039,6.39545494525126,11.6582298583306,1.62776670849139e-05,3.10360852419026e-05,3.57474591327124,36.5486808078713
AT1G66630.1,10,0,12,1739,1873,1777,78,-8.42431503348222,6.59878129566724,-8.8046620429237,8.78770559687242e-05,0.000134640203609224,1.70606419512792,-343.535417343723
AT1G67500.1,2077,1882,1729,159,73,125,79,4.04923072067544,8.86083582167646,13.9298065534623,5.47195849277847e-06,1.23191562805649e-05,4.76343666481471,16.5554086896164
AT1G67820.1,747,833,768,6217,5340,6216,80,-2.91649803749218,11.0707949591775,-22.161856027393,3.04894268664463e-07,1.6208146442463e-06,7.77045388110533,-7.5501119562722
AT1G67830.1,6118,6592,5674,11408,10888,9690,81,-0.798231391208352,12.9778504379116,-5.93270569384414,0.000840248559180649,0.00114071718952056,-0.819623044133499,-1.73896800769976
AT1G69530.1,14624,12187,14599,86,41,26,82,8.21761837226525,9.63885865972961,19.9130933566152,5.95406513983729e-07,2.25182329297095e-06,7.09808828100777,297.679976666324
AT1G69860.1,309,369,300,355,354,402,83,-0.186973043778719,8.44052836940611,-1.31221726247676,0.234992307090432,0.254574999347968,-6.79285975056831,-1.13837275880375
AT1G70560.1,62,20,21,118,61,88,84,-1.49857284658175,5.69229607826287,-3.1356455624833,0.0187801157954633,0.0222559935808115,-4.24863448133408,-2.82563055067761
AT1G70890.1,462,532,564,28,21,10,85,4.7593743103066,6.63863523262069,13.3862914438056,6.98973834238782e-06,1.52989681065529e-05,4.49830091900812,27.0841012075463
AT1G71100.1,2059,2545,1865,200,179,116,86,3.72496969657723,9.20024135065262,15.2828467820864,3.08764433769493e-06,7.60971903460888e-06,5.3783205034289,13.2229273435046
AT1G71210.1,1931,1980,1565,337,279,220,87,2.72089867613257,9.46647100893915,13.6549012985782,6.18613214518599e-06,1.37505217113202e-05,4.63072078147535,6.5928336331465
AT1G71270.1,8695,7645,6556,808,815,801,88,3.22852207617653,11.2742209250404,22.1053781293363,3.09806062536589e-07,1.6208146442463e-06,7.75461758344102,9.37307272269862
AT1G71850.1,1133,1285,1067,160,191,190,89,2.68108919236207,8.83831399847154,18.5542899026596,9.25450304575078e-07,2.98509910272713e-06,6.64562352555146,6.41339912129814
AT1G71940.1,6249,5362,4075,505,427,277,90,3.71600057160242,10.4724674970742,13.5751722859944,6.41297920733763e-06,1.41812787626178e-05,4.59170299497901,13.1409764185474
AT1G72540.1,91,59,49,13,14,8,91,2.39671274077727,4.82641321009145,8.02842386244579,0.000151125069989822,0.000220519234781066,1.10057698632095,5.26601905141007
AT1G73500.1,2456,2900,2761,209,205,179,92,3.76797172854639,9.5148522446662,27.4611107351487,7.93852285275639e-08,7.53330898018979e-07,9.05906198780878,13.622992361417
AT1G73560.1,4033,3926,3805,4989,5025,5074,93,-0.359314688503934,12.1167463767698,-3.15774718258379,0.0182427702332253,0.0217393011945935,-4.21738841497653,-1.28281638714785
AT1G74000.1,2153,1946,1591,1949,1902,1715,94,0.0227707437992013,10.8674360693698,0.144183570688521,0.889834249594573,0.896100687972,-7.6605729296544,1.0159086938537
AT1G76250.1,10079,9922,9641,251,211,255,95,5.36856166431294,10.5860142915108,40.5087274851259,6.85144837726527e-09,2.5095191657334e-07,11.1129201664406,41.3140807980615
AT1G76290.1,1085,1227,1172,1222,1218,1271,96,-0.0925611744096386,10.2272440976058,-0.769204154867431,0.469474996782706,0.493639151028875,-7.34581540123189,-1.06626140600127
AT1G77000.1,1719,1445,1760,165,116,131,97,3.579475203361,8.88633702511009,20.1829632884098,5.47378782737777e-07,2.25182329297095e-06,7.18356480585921,11.9544446336154
AT1G78830.1,10064,13676,33545,2371,2165,1759,98,2.99877044702202,12.524073735404,6.80369476320377,0.000391557895244072,0.000541865603418409,0.0350687497823436,7.99318481513096
AT1G79530.1,10817,10814,9735,479,656,444,99,4.32890133264399,11.1858845602502,23.8806112025617,1.90902137770922e-07,1.2345037316103e-06,8.22921525093004,20.0969036039684
AT1G80190.1,871,915,854,227,217,176,100,2.09282961120749,8.73597476861197,14.409497968197,4.44134708232983e-06,1.02437521415027e-05,4.98849801572291,4.26583927871193
AT2G02960.1,2790,2558,2516,444,541,541,101,2.36782024456833,10.1712299918047,16.9246109698796,1.640003889717e-06,4.59844227901041e-06,6.04899190769261,5.1616068011689
AT2G03040.1,911,806,765,934,764,687,102,0.0653707374367869,9.65748645107077,0.400125452614528,0.702210919069983,0.727653343673967,-7.58122406035704,1.04635379264987
AT2G03090.1,17239,13925,6996,664,626,525,103,4.30101169529132,11.3866562318066,12.6086426225785,1.0089114416208e-05,2.05129387893519e-05,4.09875430684111,19.7121289720052
AT2G03190.1,4449,4610,4101,2048,1895,2199,104,1.09994334043712,11.5475501123257,8.55163028083534,0.000104376466969515,0.000157114050280428,1.51406330896268,2.14346274231501
AT2G03770.1,1525,1346,1203,1311,1600,1240,105,-0.0249679794027209,10.4140483427202,-0.153203801417091,0.883002447548457,0.891313058819501,-7.65902863729417,-1.01745710940504
AT2G04620.1,3094,3189,2725,189,58,132,106,4.71328438545503,9.19256922379217,11.3321046499578,1.93418053674094e-05,3.54599765069173e-05,3.38500039922084,26.232517914323
AT2G04750.1,154,135,117,102,99,146,107,0.238733744697369,6.96270989294679,1.1813621561917,0.279906045005465,0.302467741328324,-6.94407964397682,1.17995655740514
AT2G07040.1,142,238,133,493,440,333,108,-1.32995967813312,8.04058895080553,-4.87818581634697,0.00238241399792208,0.0030971381972987,-1.9825072540981,-2.51395648552125
AT2G13560.1,24264,23752,21505,685,583,687,109,5.15223629076993,11.9221695053033,38.1730115750895,9.96713391219203e-09,2.5095191657334e-07,10.8278328060533,35.5613032224965
AT2G15280.1,4238,3420,3265,402,227,265,110,3.64007041239693,10.0009713655964,14.9794731374406,3.49523684052504e-06,8.51963979877978e-06,5.24570588429597,12.4672417378448
AT2G17750.1,5031,4357,5155,1496,1199,1421,111,1.82267343006105,11.3281310304218,12.2799853258022,1.1857543719787e-05,2.37704965223767e-05,3.92221495266548,3.53736093002111
AT2G17990.1,8869,9696,7711,537,646,590,112,3.88494396976589,11.1478381797918,26.125262908086,1.08609218535038e-07,9.13595191206498e-07,8.76743211772411,14.7735431974944
AT2G18280.1,3373,3938,3250,166,126,95,113,4.79105810687487,9.38131288009322,21.2859410338662,3.92454218325759e-07,1.89171752428933e-06,7.5189990443333,27.685489154093
AT2G18880.1,428,300,265,17,23,11,114,4.23129531562527,6.22893099210751,13.901870944873,5.5400180749224e-06,1.23784778861547e-05,4.75007706480265,18.7822151257474
AT2G19400.1,159,121,139,74,65,37,115,1.28693604203243,6.48384812878219,4.61385574205595,0.00316568989371442,0.00404190763215323,-2.29827935467681,2.4400928432555
AT2G19480.1,3549,4369,4076,414,665,568,116,2.88389412651459,10.5181573084613,13.9286521514188,5.47475179209664e-06,1.23191562805649e-05,4.76288515906802,7.3813982307429
AT2G19500.1,7252,5733,7584,10963,9176,10964,117,-0.602096636240567,13.0339222474351,-3.6599261073125,0.00961690281370233,0.0116873974704768,-3.52264052849205,-1.51792092467517
AT2G19970.1,1962,2200,1647,1800,2207,1798,118,-0.00226599313165643,10.9108958014128,-0.0135554309368637,0.989601599069534,0.989601599069534,-7.67245695406191,-1.00157190089345
AT2G20160.1,171,176,163,1535,1526,1831,119,-3.24974277540392,9.04201215750302,-24.2985396188603,1.71213243904689e-07,1.14766377554862e-06,8.33436735994951,-9.51196083848985
AT2G20780.1,677,565,354,82,124,100,120,2.34081324053315,7.83675168652018,8.28852860314097,0.000125414820094709,0.000186169404223634,1.30899441636901,5.06588118501732
AT2G21420.1,208,138,236,317,252,390,121,-0.730619291194457,7.93699079683145,-2.81404634272444,0.0288684283244336,0.033837584019623,-4.70822993841579,-1.65935123179046
AT2G21930.1,24,16,18,85,122,87,122,-2.28298811140333,5.46790957052455,-10.4878788898504,3.09008716662274e-05,5.30258957792462e-05,2.86771117282414,-4.86684932886911
AT2G23990.1,4569,5066,4467,4200,4545,4375,123,0.102670657284788,12.145434016008,0.832809082262223,0.435222969863946,0.462155084335725,-7.2923819958261,1.07375932266746
AT2G24740.1,2953,3037,3323,661,638,735,124,2.19404781607533,10.5016644026414,17.03948194048,1.572493463807e-06,4.4857910972566e-06,6.09316403686725,4.57587555118929
AT2G25700.1,983,858,729,2518,2463,2258,125,-1.50203634085905,10.4846119971779,-9.73851350215792,4.82391920159098e-05,7.89870739497149e-05,2.37379452400267,-2.83242222301133
AT2G26280.1,6722,7235,6321,435,612,604,126,3.63110417537587,10.9051250612312,20.6657275021722,4.72191472630075e-07,2.06704226283982e-06,7.33307222196803,12.3899990811599
AT2G26410.1,34,93,43,242,201,131,127,-1.82803820615204,6.62845359882932,-4.39985712729875,0.00401411981562872,0.00507981534190183,-2.5613927350023,-3.55053937494427
AT2G27040.1,44853,40956,33235,2011,1784,1701,128,4.42869744119303,13.0507281440658,27.3853238920548,8.07767396477226e-08,7.53330898018979e-07,9.04304275094577,21.5362840930201
AT2G28380.1,4914,4847,3838,123,308,117,129,4.76812071396492,9.75349448620016,12.3229538076065,1.16071572367729e-05,2.33777955613876e-05,3.94556736971268,27.2487985288889
AT2G29570.1,3346,3052,3245,677,620,781,130,2.21816542525903,10.5406212855176,15.9109378431754,2.40607188870104e-06,6.2181014473057e-06,5.64394684248606,4.65301366900482
AT2G29940.1,1545,1251,1266,1213,919,974,131,0.390414364720415,10.2019742376392,2.33038681560886,0.0563729755539871,0.0644906840337612,-5.40871726429626,1.31076982352074
AT2G30160.1,1808,1872,1456,84,115,162,132,3.86159898447748,8.80283285407086,14.9050315042843,3.60453097803554e-06,8.7364055908319e-06,5.21271880168533,14.536408720997
AT2G30590.1,5632,5837,4551,194,269,294,133,4.41150467966625,10.1686580248497,21.7093616415037,3.46935984681991e-07,1.75100632268911e-06,7.64213212891857,21.2811569455518
AT2G30900.1,360,461,402,442,725,642,134,-0.540474485682507,8.93765060845165,-2.46010476460919,0.0470087337919214,0.0540663452995557,-5.22072759645767,-1.45445079067912
AT2G31360.1,54600,58275,43923,1747,1683,1633,135,4.94220588299649,13.1922223284025,32.8396375811984,2.57470710382472e-08,5.0206788524582e-07,10.0565575019416,30.7434226418096
AT2G32370.1,1540,1780,1181,5369,5577,5317,136,-1.87258979532161,11.4680073202588,-10.5071635643333,3.05604055490947e-05,5.26522649821753e-05,2.87997245177126,-3.66189340336878
AT2G32750.1,10136,11555,10183,481,721,603,137,4.15685507530291,11.2941439051322,22.9065154763455,2.47867987009132e-07,1.41485670518327e-06,7.97460556713502,17.8376675419949
AT2G32990.1,4744,4138,1551,14,10,13,138,7.88449820367415,7.66680814727155,18.2337746567325,1.03160559768479e-06,3.25410883387334e-06,6.53318638009098,236.303666415252
AT2G34200.1,2059,2152,2058,31,41,51,139,5.66517739998341,8.19684108029832,28.7698023170223,5.92332056362877e-08,6.70685808550363e-07,9.32629665726393,50.7444241119456
AT2G34260.1,1260,1295,1277,249,229,319,140,2.27555741788867,9.18217951910894,14.2367245850956,4.78435289183703e-06,1.09758683989202e-05,4.90836868366123,4.84184675262126
AT2G34880.1,428,395,383,5,23,23,141,4.73475515204561,6.2856734100773,8.72273925801873,9.28675335783408e-05,0.000141779971192556,1.64444761536171,26.6258403049829
AT2G34890.1,130,106,79,14,7,1,142,4.06330916240582,4.66728477973908,5.71729814451691,0.00102801764789517,0.00137818615920946,-1.04513467613512,16.7177543539996
AT2G35670.1,1116,1101,961,33,65,30,143,4.68505393060962,7.70454472230336,15.6184938370383,2.69913458684944e-06,6.77151308630648e-06,5.52173192129183,25.724193303743
AT2G36010.1,2715,2673,2404,657,488,719,144,2.07879505599278,10.3018933696688,11.5454198789228,1.72695864905873e-05,3.26372361430043e-05,3.50971452202087,4.22454233566961
AT2G36310.1,6294,6693,6379,202,220,143,145,5.11494024297541,10.0985246141607,27.1329314771875,8.56185727288186e-08,7.65215993763816e-07,8.9892485967307,34.6537660537964
AT2G36560.1,118,136,93,3891,4148,4185,146,-5.14292061165412,9.42060653847576,-30.1446609968409,4.4153681571289e-08,6.45852776708385e-07,9.58906845344539,-35.3324187901623
AT2G36760.1,382,344,346,10,3,2,147,6.13535028893677,5.41580651758787,13.1377704111835,7.84213927114508e-06,1.66548403332735e-05,4.37328733301812,70.2950057636485
AT2G37390.1,861,869,695,4,5,0,148,8.01748951668847,5.64437495688041,12.0117162672355,1.3569193615568e-05,2.68257330003625e-05,3.77451725886652,259.122326596701
AT2G38220.1,1974,1675,1656,2642,1941,2080,149,-0.320516061974491,10.9445251172781,-1.90761075619036,0.102489673524467,0.114799138229755,-6.01240377365065,-1.24877716522981
AT2G38810.1,470,350,268,223,139,109,150,1.22945839331558,7.8540617475002,3.8078684505665,0.00802188615888133,0.00983254046331454,-3.32418341012901,2.34478946841989
AT2G39220.1,6978,6711,4918,128,198,137,151,5.32970154129129,9.916976214894,23.2648201453542,2.24887160828474e-07,1.35960024755942e-06,8.06985137219504,40.2161073841738
AT2G39300.1,967,917,881,126,216,134,152,2.57293230332615,8.5621499904189,11.3735161949642,1.89180572949184e-05,3.52862894761738e-05,3.40939251712874,5.95017583857249
AT2G39650.1,1166,1088,677,125,122,157,153,2.81964779018145,8.48434895409614,11.5901330426903,1.68683281532765e-05,3.20199680431664e-05,3.53556566769783,7.0599002035896
AT2G40030.1,10577,9716,9340,365,343,354,154,4.79693199888177,10.8696792685669,39.5171871270766,8.01159616930974e-09,2.5095191657334e-07,10.9953487742127,27.79843962051
AT2G41040.1,141,143,87,1,2,8,155,5.00807207914028,4.42233187362463,8.96142464388851,7.91604176381383e-05,0.000123085952201138,1.82254432172194,32.1795462694732
AT2G42340.1,157,138,177,80,85,126,156,0.714551935836041,6.94220911603765,3.35447527347544,0.0141325328422488,0.017030496037429,-3.94158891930494,1.64097349409358
AT2G43660.1,2127,1473,1395,2672,2322,1936,157,-0.485913109616408,10.9189187117435,-2.24118350896262,0.0639167619359353,0.0727328670305471,-5.53758295690879,-1.40047197096717
AT2G43670.1,1245,853,853,1297,1006,965,158,-0.158176380858906,9.99884581451778,-0.749077070579548,0.48069435259574,0.50420018890849,-7.36199373752797,-1.11587573860476
AT2G45110.1,3431,3471,3085,23267,23667,22103,159,-2.7902740662919,13.0944395053175,-22.8218688297251,2.53686597489264e-07,1.41485670518327e-06,7.95182631680652,-6.91761185245778
AT2G46650.1,3293,3539,2162,3,2,0,160,10.3230046446458,6.35648982256331,19.5763602209897,6.62322904451124e-07,2.38770189923977e-06,6.98945935847798,1280.95550196717
AT2G46990.1,216,127,75,0,0,0,161,7.00315958196269,3.50157979098134,19.1949988417692,7.48857323592117e-07,2.52960466000802e-06,6.86370498525093,128.280634272259
AT2G47030.1,119,221,147,639,643,500,162,-1.90358397953654,8.25537859896413,-7.50232956737722,0.000223935133384772,0.000314977613842844,0.660669750999894,-3.74141494857718
AT3G01240.1,114,179,152,456,277,164,163,-0.908860884020231,7.65267410533235,-2.35629288450355,0.0543590236077246,0.0623529976676841,-5.37121564954206,-1.87756243659412
AT3G01270.1,313,584,413,2703,2466,2011,164,-2.48781183517537,9.97070609120826,-9.74638743236853,4.80064155541242e-05,7.89070968303421e-05,2.37916854949359,-5.60926536127594
AT3G03260.1,3224,2833,2660,2242,2014,1940,165,0.490365950640983,11.2553037857256,3.5369945042628,0.0112094223679004,0.0135842999882183,-3.6898057244261,1.40480116911815
AT3G03305.1,2404,2458,2098,117,126,138,166,4.18029828022938,9.08690540973386,30.5600130434433,4.05086482635069e-08,6.45852776708385e-07,9.66507038227308,18.1298901701311
AT3G04100.1,297,195,347,53,27,18,167,3.15555064092048,6.51449863301513,7.57941347167398,0.000211099889560733,0.000299873684177332,0.72672567721416,8.91077331807133
AT3G05610.1,295,552,356,3085,2818,1841,168,-2.69972605177991,9.94998612585421,-8.95542728458653,7.94750786939749e-05,0.000123085952201138,1.81812208038629,-6.49678540228771
AT3G05860.1,334,302,322,199,171,298,169,0.557486334945693,8.04345070703116,2.50644945906104,0.0440694335815741,0.0510967216391765,-5.15348977177335,1.4717027757471
AT3G06860.1,6390,6630,6134,1110,1271,1144,170,2.44267546686253,11.4185570466505,19.6715034567357,6.42572727739353e-07,2.33613305254392e-06,7.02037790634941,5.43648989585575
AT3G07190.1,2788,2770,2244,122,129,111,171,4.41399523457098,9.13107669742726,29.9588414294856,4.5906338085918e-08,6.45852776708385e-07,9.55457164838789,21.3179267851807
AT3G08040.1,116,65,90,38,23,23,172,1.65574208627867,5.64631344990752,5.74548376342995,0.00100093234406502,0.00135031438869149,-1.01528993966036,3.15085220916166
AT3G08620.1,2313,2425,2141,282,276,280,173,3.03081767329209,9.64635107968004,25.3204653790832,1.32197847278815e-07,1.00621467923715e-06,8.58177225153198,8.17272773329691
AT3G08840.1,838,694,620,78,44,25,174,3.97859068787444,7.48798653148651,10.0105927304549,4.08952856586614e-05,6.8800304108101e-05,2.55716601760752,15.7643162064603
AT3G09340.1,40,41,77,33,51,4,175,1.3084803306601,5.02418371675631,1.50817626639313,0.179665150881618,0.197126214138655,-6.55021482462215,2.47680507150563
AT3G10900.1,892,731,779,100,118,133,176,2.76880936021246,8.2574441589454,17.207348708348,1.47952505342911e-06,4.34737156110334e-06,6.15711075564151,6.81545209749809
AT3G11200.1,4323,4003,3893,537,275,315,177,3.49621555592634,10.2426969671338,13.3703269915371,7.04116979185169e-06,1.53333088360628e-05,4.49034333224395,11.2840695331297
AT3G11490.1,1158,1097,966,26,46,29,178,4.99344410667963,7.56884436982302,21.4296514381826,3.76271926080137e-07,1.85540984239516e-06,7.56112894648609,31.8549155289409
AT3G12110.1,9841,10613,7321,632,692,528,179,3.89551384972224,11.2110559727543,20.0652352494438,5.67757807198698e-07,2.25182329297095e-06,7.14644713761721,14.8821787754461
AT3G12700.1,2277,2433,2519,1411,1189,1672,180,0.771127180434757,10.8483942440523,4.74516773835895,0.00274541241429895,0.00352629319082111,-2.14014639425454,1.7066026347384
AT3G13280.1,109,83,80,49,30,51,181,1.07167830696179,5.96866989291512,4.33464950411515,0.00432106761368635,0.00543618183657315,-2.64290391705972,2.10187708805709
AT3G13400.1,493,1010,637,4344,3987,2965,182,-2.44451530376735,10.6380400276345,-8.24838609272548,0.000129034472210143,0.000190226077588149,1.2772041532565,-5.44342735318247
AT3G14205.1,10067,9448,6910,1028,1028,1132,183,3.03270917505027,11.569683480728,17.040451018977,1.57193774100153e-06,4.4857910972566e-06,6.09353524586298,8.18344993497785
AT3G16320.1,1234,1216,1187,852,959,975,184,0.386566011832286,10.051292960746,3.14816682112939,0.0184736214661923,0.0219534171994363,-4.23092650601094,1.30727803704272
AT3G16720.1,1649,1578,995,174,192,152,185,2.99066390175614,8.92901728147576,13.0209541815948,8.28383848788713e-06,1.73274939156499e-05,4.31367317235377,7.94839682823256
AT3G17250.1,1222,1106,1219,89,166,90,186,3.41265386625225,8.50077760946027,13.0116007670047,8.32042831380857e-06,1.73274939156499e-05,4.30887595144989,10.6490576600877
AT3G18210.1,3095,3212,3216,150,137,201,187,4.29741818780451,9.48375598685393,24.7584792634422,1.52203780898812e-07,1.10193762641813e-06,8.44738620872142,19.6630905165932
AT3G19350.1,2073,1646,1642,474,301,335,188,2.2878119727225,9.65140794146863,10.7910742884044,2.6015554377954e-05,4.61184827609185e-05,3.05801196180813,4.88314958549763
AT3G21580.1,2760,2545,2091,453,382,438,189,2.52994427132838,9.99358086858127,15.9952369769568,2.32853571858722e-06,6.05419286832677e-06,5.67871537008807,5.77549368101998
AT3G21700.1,162,75,69,30,33,25,190,1.66127993828044,5.74467292573299,4.88070369193546,0.00237608344446994,0.0030971381972987,-1.9795479004962,3.1629701446357
AT3G22680.1,325,192,216,50,64,38,191,2.24084701669381,6.78048863296764,8.22010212028155,0.00013165672752248,0.000193427178449123,1.25472374001393,4.72674493737732
AT3G22810.1,881,968,935,251,472,478,192,1.26949809266017,9.22370176052192,4.71088612244957,0.00284875528601235,0.00364810751552029,-2.18118814076007,2.41077681069111
AT3G22968.1,25952,24887,34291,362,220,297,193,6.60715466126432,11.4738762699153,28.647633296254,6.08405616206425e-08,6.70685808550363e-07,9.30207951340785,97.4881298026997
AT3G23060.1,741,693,703,41,77,34,194,3.87549872975013,7.54008358440372,12.8905089095187,8.81135354528757e-06,1.81734166871556e-05,4.24644582255594,14.6771375998814
AT3G23780.1,5220,5718,4788,293,372,228,195,4.15841946686622,10.2731790511626,20.2743613509008,5.32139263774137e-07,2.21638586562238e-06,7.21220098202991,17.8570203717937
AT3G24790.1,1577,1659,1928,1346,1264,1386,196,0.365426188976423,10.5621157202774,2.7017318505021,0.0336495922742468,0.039227377950141,-4.87042751460586,1.28826214099616
AT3G25170.1,55,127,59,248,187,111,197,-1.20256672937907,6.83936520391157,-2.86099542192951,0.0270892844978009,0.0318391864371413,-4.64063849377267,-2.30148769536035
AT3G25250.1,526,383,284,0,0,28,198,6.97448625542764,5.10657012608967,5.33377737186956,0.00149266688238971,0.00197032028475442,-1.46161801130485,125.756246764259
AT3G25260.1,28475,27684,24061,53,52,47,199,9.01365809057972,10.1960858644391,67.4350729200356,2.73369121517934e-10,6.26080448401074e-08,13.0534601065489,516.870154959845
AT3G25280.1,1518,1485,1232,770,653,734,200,0.969582441435554,9.97323599243006,6.62152691182314,0.000456384733444276,0.000625524123474742,-0.136481817499677,1.95827373087579
AT3G25420.1,3901,3671,3235,5279,4676,4636,201,-0.434773880195491,12.0281683729153,-3.16678303514113,0.0180278994985065,0.021543088815764,-4.20462841578107,-1.35169895882775
AT3G25540.1,762,817,616,23,20,45,202,4.67326035978959,7.1702441397471,14.844868232077,3.69574979074101e-06,8.85741150965304e-06,5.18592817094437,25.5147634233319
AT3G25710.1,1790,1622,1056,58,75,50,203,4.57125355437989,8.21995874544892,17.9522273998062,1.13659772096692e-06,3.55912717003509e-06,6.43250549712798,23.7730244844652
AT3G26110.1,52,41,48,258,177,180,204,-2.08581329475966,6.62122255453222,-10.6513440937815,2.814729732433e-05,4.90861404558437e-05,2.9709614062933,-4.24514341836294
AT3G26410.1,1891,1695,1618,547,439,399,205,1.91708537064842,9.79962534741085,11.7176926874152,1.57813079630289e-05,3.03595565746161e-05,3.60877215606199,3.7765931477142
AT3G26590.1,1560,1234,1198,648,541,761,206,1.03609839833928,9.85067283145175,5.58422745390621,0.0011676326787834,0.00155081863528817,-1.1874330820516,2.05067433628983
AT3G26990.1,4387,4627,5183,467,380,476,207,3.42450453310436,10.4928713875796,22.8181097114966,2.5394863939187e-07,1.41485670518327e-06,7.95081220571506,10.7368920022573
AT3G27150.1,259,347,241,1,4,8,208,5.9641071499407,5.14600460708024,11.261361000178,2.00912332270324e-05,3.66771874655188e-05,3.34312666803956,62.4273858899511
AT3G27440.1,37,47,42,34,50,15,209,0.485815469983458,5.17681052129722,1.17227557089579,0.283281700304784,0.30458107626755,-6.95421341390351,1.4003771921413
AT3G27640.1,516,433,474,192,108,195,210,1.56400139993917,8.10711776868966,6.13953363537742,0.000695785307689174,0.000947593323805256,-0.608558318443063,2.95672773164811
AT3G27980.1,167,189,210,129,127,143,211,0.496993135115375,7.31259417238128,3.5107754135944,0.0115852598155778,0.0140002153827687,-3.72571617209493,1.41126912804438
AT3G28750.1,527,984,593,5511,4634,3267,212,-2.69273763661997,10.7472665364776,-8.89266826280888,8.28553611166554e-05,0.000127401254190126,1.77168429227821,-6.46539107054224
AT3G28980.1,260,356,249,608,284,165,213,-0.102228471014762,8.20893775059441,-0.220002955885119,0.832788958633523,0.846602993492373,-7.64470787664328,-1.07343026568703
AT3G42830.1,272,260,169,212,250,171,214,0.132512048249573,7.77709533375102,0.549123350917801,0.601728838767147,0.628081926596365,-7.50239131061844,1.09620076624904
AT3G43520.1,6891,7595,6347,575,409,493,215,3.8253484188924,10.845264986957,22.5494365394622,2.73514540303488e-07,1.48528782012907e-06,7.87777638684197,14.1757034036445
AT3G43540.1,7258,6638,6252,440,364,353,216,4.12288169663207,10.649438531452,28.3022128813287,6.56654232876996e-08,6.87084550985929e-07,9.23281029469917,17.4225235111951
AT3G43920.1,13684,12445,11235,1783,1697,1477,217,2.91319735221553,12.1432490753143,20.1150176518111,5.59035166016598e-07,2.25182329297095e-06,7.16217471364283,7.53285809663615
AT3G44370.1,411,340,309,76,15,43,218,3.21667823404981,6.85041183680231,5.87689250170163,0.000884867665520709,0.0011975022981337,-0.877489182744314,9.29643923327486
AT3G45090.1,5465,5784,4520,1933,1540,1541,219,1.65306230497679,11.5257345777906,9.99325587881752,4.13229542258689e-05,6.92482318863193e-05,2.54562259485909,3.14500498744618
AT3G45870.1,1474,1614,1511,36,7,8,220,6.78889391528922,7.1875730800017,11.7873837822359,1.52216013256535e-05,2.96821225850244e-05,3.64843221980471,110.575956781849
AT3G48950.1,1500,1510,1620,1641,1546,1640,221,-0.0603969448124992,10.6220866665073,-0.513129152953135,0.625262673614194,0.651062347040022,-7.5235351312667,-1.04275262556053
AT3G49500.1,3745,4311,4246,36,86,38,222,6.35323532000101,8.82255068678048,18.6742468654347,8.8900703819156e-07,2.93013617481014e-06,6.68712190608615,81.7550146755153
AT3G49660.1,1458,1686,1612,260,206,308,223,2.63122772246251,9.31323252188911,14.5528156417628,4.17822535755775e-06,9.74162325213192e-06,5.0541896174314,6.19553008022698
AT3G49680.1,8343,8011,6294,941,799,810,224,3.14248775577802,11.3002430590906,19.3733349576756,7.0686071696677e-07,2.46539225673776e-06,6.92287830363598,8.83045487367647
AT3G49730.1,473,497,512,29,41,30,225,3.86605195593308,7.01749408755792,22.9718790106121,2.43480341088371e-07,1.41485670518327e-06,7.99212222456647,14.5813456003204
AT3G49770.1,4,1,4,343,345,351,226,-6.5588228037338,5.16069679845847,-17.8363058471384,1.18337793825297e-06,3.65229593892462e-06,6.39051953248554,-94.2762718778781
AT3G50060.1,6407,11548,6215,281,285,373,227,4.63219746295774,10.5982044478338,16.6867354621737,1.79073598577684e-06,4.9245239608863e-06,5.95643213305083,24.7987837900867
AT3G50720.1,32,3,21,2116,1853,2108,228,-7.14758290814369,7.40840003340376,-9.51396040243138,5.54568161700943e-05,8.94397523946257e-05,2.21880181481921,-141.787143080632
AT3G51895.1,14040,13925,8814,43,37,36,229,8.2439279107177,9.42756812126212,37.8424269478739,1.05294510450352e-08,2.5095191657334e-07,10.7851295351821,303.158383891569
AT3G53000.1,1971,1971,1477,165,160,112,230,3.63139431834175,8.99107558312978,17.1742508922327,1.49734169527228e-06,4.36979311069256e-06,6.14455886017526,12.3924911064933
AT3G53370.1,592,808,716,185,256,248,231,1.61764273443596,8.64374979800798,8.38636745089467,0.000117069577043231,0.000174992503663924,1.38591440747796,3.06873216437518
AT3G54100.1,2715,2846,2601,246,227,219,232,3.55509427647691,9.63175279132981,29.0544677147964,5.56748265408635e-08,6.63458349611957e-07,9.38216241371005,11.7541171429965
AT3G54800.1,113,226,102,311,161,188,233,-0.613851872443027,7.4222389457678,-1.61216154646293,0.155442894122119,0.171426739276065,-6.4149395347936,-1.53033963536052
AT3G55320.1,5621,6049,5238,85,115,112,234,5.75674606661796,9.5798479373906,35.1344474690467,1.68192567306225e-08,3.79761112496687e-07,10.4110618310418,54.069610799154
AT3G55420.1,8416,9776,7999,32,51,21,235,8.01859512266119,9.07738604670954,25.5566287313562,1.24710564949044e-07,9.90756154872959e-07,8.63706576095268,259.320980495322
AT3G57220.1,2402,1889,1732,265,329,287,236,2.76077258006972,9.5775628404313,15.8563859938573,2.45783577873953e-06,6.31384161125305e-06,5.62133841442468,6.7775910065214
AT3G57270.1,13803,13429,14208,20180,18395,22287,237,-0.550435407323457,14.0287136525162,-4.23050269835818,0.00486709220392511,0.00610521215053764,-2.77438731763633,-1.46452762568198
AT3G58470.1,768,651,612,176,110,113,238,2.36679992509528,8.21503710608025,10.7305601422481,2.69151154726971e-05,4.75168087974775e-05,3.02044723398007,5.15795764046068
AT3G59640.1,1227,1170,1072,162,71,154,239,3.24275900189343,8.55297202126259,9.93845262374034,4.27090396369844e-05,7.10161938149857e-05,2.50900798280294,9.46602676906946
AT3G59790.1,554,534,575,857,816,840,240,-0.595108017310693,9.41410868997811,-5.13949667492168,0.00181589098773801,0.0023823156995095,-1.68018972383859,-1.51058568174049
AT3G61620.1,632,569,487,108,106,113,241,2.34969193690017,7.95569307689769,16.40452962043,1.99076014072765e-06,5.32530708503376e-06,5.84467702087878,5.09715398212954
AT3G61740.1,1124,944,723,163,203,179,242,2.33263174979226,8.67359268920255,11.7537138771256,1.54891075571711e-05,3.00670911403909e-05,3.62930061243217,5.03723399367684
AT3G62130.1,1005,1192,946,85,89,103,243,3.48781865459876,8.28342851702367,22.9271003960308,2.46476398913744e-07,1.41485670518327e-06,7.98012895611046,11.2185837511473
AT3G62230.1,204,270,231,4182,3569,1851,244,-3.68909629627795,9.71775152680127,-11.5019280732169,1.76704628912015e-05,3.32483709663396e-05,3.48447377918205,-12.898186196756
AT4G00220.1,1606,1935,2200,5,0,6,245,9.09354781935416,6.34421305060333,12.4190448612818,1.10689403390776e-05,2.23989405918127e-05,3.99749237263372,546.299320878888
AT4G00231.1,1837,1783,1557,292,331,245,246,2.57932989272086,9.46043521006324,16.0334604469189,2.29433185204052e-06,6.00163636905722e-06,5.69441342836167,5.97662031136865
AT4G00540.1,403,368,396,91,135,127,247,1.73588629621593,7.73828474721042,9.56372581894959,5.37559066499188e-05,8.70237130294913e-05,2.25344298051765,3.33084055811681
AT4G00550.1,1733,1661,1544,53,45,105,248,4.68187135333341,8.34305898092793,14.8040898737252,3.75909257611909e-06,8.93285892690102e-06,5.16770274275207,25.6675084219302
AT4G00570.1,22140,23356,16995,638,650,612,249,5.02432621244585,11.8208061454907,31.3678074536447,3.43709167704261e-08,5.89804931780511e-07,9.80863139509407,32.5441473759719
AT4G00690.1,96,119,73,30,14,35,250,1.89508163199563,5.62454478514372,5.17036140475281,0.00175963662638463,0.00231559543778836,-1.64511672008161,3.71943022097277
AT4G00730.1,13384,14140,13589,688,1109,743,251,4.04744031152482,11.7183411374457,19.8392148345679,6.09391842546119e-07,2.25369914183004e-06,7.0744450190885,16.5348758884968
AT4G00780.1,132,147,210,1,2,1,252,6.13362416303872,4.26179958175975,24.6085788835701,1.58117650907201e-07,1.11200774162605e-06,8.4108573355988,70.210950944405
AT4G01840.1,1728,2134,1914,221,305,226,253,2.94683966287626,9.43287056354935,16.6069213128047,1.84485234310436e-06,5.00912439994791e-06,5.92504186856548,7.71058148167381
AT4G02700.1,1054,1049,640,46,25,20,254,4.91867848338976,7.34178790589404,13.924524641378,5.48475256314195e-06,1.23191562805649e-05,4.76091288033157,30.2461263835964
AT4G03110.1,975,1086,1083,250,227,269,255,2.07259114625924,8.9967119615184,15.736017865688,2.57666730287218e-06,6.50229572313039e-06,5.57114740683947,4.2064148675034
AT4G05470.1,4,2,4,97,184,156,256,-5.07063112100909,4.6115884573365,-16.171441851719,2.17559641461745e-06,5.72595620779685e-06,5.75073713404326,-33.6056317720426
AT4G08590.1,2029,2054,1739,1380,1251,1433,257,0.516570840495032,10.6607340068784,3.80166446708641,0.00808258049188338,0.00987870949007969,-3.33244469901774,1.43055090974099
AT4G09580.1,1515,1020,897,83,33,27,258,4.69508587923444,7.77658800164612,10.6105910461473,2.88064073443892e-05,5.0032181177097e-05,2.94536425995814,25.9036928514327
AT4G09900.1,3140,2753,2223,32,1,11,259,8.17796850814361,7.29876979409834,8.57830634967249,0.000102479050017736,0.000154801100202848,1.5345425102952,289.610180666195
AT4G10160.1,86,70,103,754,813,672,260,-3.11018339319817,7.98613514109725,-17.2398408567217,1.46227218818104e-06,4.32630874985975e-06,6.16940624730674,-8.63492348060464
AT4G10640.1,7025,6790,5277,175,153,168,261,5.24885807263943,10.0001282348578,33.0012532718946,2.49627097878755e-08,5.0206788524582e-07,10.0827603374198,38.0245184568816
AT4G11130.1,4336,4347,4577,330,327,230,262,3.91637708253491,10.1515180255479,22.1077585250784,3.09597205577838e-07,1.6208146442463e-06,7.7552860676588,15.0989579690677
AT4G11320.1,93,152,116,3,0,0,263,6.22744713798457,3.78039023565895,11.0209773344149,2.28993987071242e-05,4.12766472493961e-05,3.19888057926241,74.9287323003169
AT4G11400.1,282,210,244,2066,1807,2036,264,-3.00777884342163,9.43802121189136,-19.275290683216,7.2960225847356e-07,2.51819046436726e-06,6.89042693714685,-8.04325156600028
AT4G11510.1,1041,1074,941,551,466,532,265,0.980349612373702,9.50143977926919,7.29896239007363,0.000262304478083109,0.000365352665901473,0.483646282269875,1.97294346003496
AT4G11940.1,49,50,36,482,429,567,266,-3.42936148351825,7.22325904088418,-18.2589558717156,1.02277383422586e-06,3.25014796209553e-06,6.54210310197807,-10.7730995376956
AT4G12080.1,794,691,720,53,31,56,267,3.99183907024035,7.52517870722958,16.3907050436822,2.00120331287969e-06,5.32530708503376e-06,5.83914711196818,15.9097478990811
AT4G12140.1,168,119,160,160,193,265,268,-0.449141748599204,7.43746651096804,-1.90125635989262,0.103416375588383,0.115535482102647,-6.02128427239863,-1.36522784853861
AT4G12590.1,3267,3659,3400,149,249,238,269,4.04936456962874,9.72317221252727,18.286036214832,1.0133733144618e-06,3.24430710376204e-06,6.55167635270229,16.5569447224288
AT4G12790.1,1353,1277,892,105,75,79,270,3.74247481558302,8.30382942875623,16.9276197532125,1.63819344765908e-06,4.59844227901041e-06,6.05015322270974,13.3843466909575
AT4G13345.1,522,371,385,1,0,3,271,7.72076099487435,4.86038049743718,15.814344403143,2.49860695692169e-06,6.38037133642502e-06,5.60385593237189,210.950543577506
AT4G13460.1,15457,15944,14568,3425,3637,3921,272,2.06629455982471,12.8693516412216,16.6093623181443,1.84316952114437e-06,5.00912439994791e-06,5.92600441030052,4.1880961380697
AT4G14690.1,15864,16401,12416,9666,11609,8888,273,0.565144922363594,13.5691518910988,3.21820969537164,0.0168560487990365,0.0201990081977281,-4.13216930451616,1.47953612492791
AT4G15040.1,1701,1769,1702,1973,1988,1875,274,-0.173922087156884,10.8390982723567,-1.51328254595319,0.178397775824116,0.196237553406527,-6.54366758372216,-1.12812121154915
AT4G15050.1,26576,22388,26915,11716,10875,13092,275,1.0876284642811,14.0777089411563,7.50564086684022,0.000223365765148332,0.000314977613842844,0.66351896150125,2.12524396641927
AT4G15380.1,102,110,85,0,1,1,276,5.96906038274514,3.65119685803924,19.8693828573685,6.03635614665873e-07,2.25182329297095e-06,7.08411242434867,62.6420874006108
AT4G15900.1,6740,6717,6449,532,422,463,277,3.81571995477561,10.7880221677234,27.8744558868217,7.22666469513955e-08,7.38152179574968e-07,9.1453629187562,14.0814105730792
AT4G16760.1,62606,59611,53553,15464,15238,14315,278,1.96283918904061,14.8539331463999,15.4807619857079,2.85130445118575e-06,7.11168377650399e-06,5.46329624298827,3.89828397453981
AT4G17486.1,780,937,908,374,310,313,279,1.39487367681533,9.07281627320949,9.48782842430154,5.63746725519287e-05,9.02415467342441e-05,2.20054421322572,2.62965525624428
AT4G18400.1,608,487,415,19,12,18,280,4.87039338237942,6.52529513334706,21.1849398726868,4.04309231061103e-07,1.91102236145803e-06,7.48917870276418,29.2505811312081
AT4G18800.1,5435,4600,3393,525,373,431,281,3.32137712668996,10.4409222137928,14.7978627990519,3.76887521158295e-06,8.93285892690102e-06,5.16491484628673,9.996181708627
AT4G18870.1,1083,1099,1003,1257,956,1089,282,-0.0441411124376465,10.0743973574577,-0.298985048579899,0.77451969456968,0.794901791795198,-7.62128250935841,-1.03106916447849
AT4G19120.1,49015,40322,20002,754,657,563,283,5.7021271003276,12.2050062036126,16.5159607630124,1.90884374553941e-06,5.15027652098369e-06,5.88906036419042,52.06085499986
AT4G20800.1,7939,8027,8560,15439,16038,16557,284,-0.969870235489179,13.4813723857372,-8.25422918349356,0.000128500233497277,0.000190091724725281,1.28183990878836,-1.95866441340767
AT4G20830.1,3561,4398,4322,1330,1313,1652,285,1.51677779412704,11.2346940389057,9.43509604935167,5.82804738338572e-05,9.29454396829916e-05,2.16355939666267,2.86151227205
AT4G21430.1,2009,2080,1976,33,20,49,286,5.94050057924234,8.01146244088911,19.2119860243887,7.44735071891069e-07,2.52960466000802e-06,6.86936954533714,61.4142091411366
AT4G21630.1,19610,18873,18532,67,42,39,287,8.60188039776587,9.91282542916287,38.7846464865032,9.01583823311124e-09,2.5095191657334e-07,10.9052537296193,388.529517571018
AT4G21760.1,3197,2950,1904,26,12,6,288,7.60094518964362,7.5546999756092,15.3047164710111,3.06044676701018e-06,7.58920036443566e-06,5.38776934866827,194.138870012986
AT4G22430.1,488,450,505,271,355,259,289,0.716034589218911,8.55320532302452,4.38016091474404,0.00410419078163122,0.00517852307446998,-2.58594755183424,1.64266078451353
AT4G23110.1,20,36,21,815,865,1021,290,-5.12220854353028,7.24817174078014,-20.6004912147947,4.81619015392775e-07,2.08701573336869e-06,7.31311886136778,-34.8287923189059
AT4G24640.1,35,45,49,291,150,134,291,-2.05590058266063,6.47373134042166,-6.45462760481538,0.000526690185883112,0.000719586273069602,-0.296902310017662,-4.15803119737042
AT4G24740.1,691,635,619,71,16,26,292,4.33712008111306,7.17265182217524,8.63960471763215,9.82669160789525e-05,0.000149491159566917,1.58138727263392,20.2117184193683
AT4G25280.1,635,609,511,16,31,67,293,4.13020756841131,7.12341234503921,8.6237507636529,9.93369817098847e-05,0.000150585035878235,1.56930000748748,17.5112184735349
AT4G25530.1,4710,4832,4521,45,23,43,294,7.00510336581057,8.69187037471044,26.3051868299097,1.04025006434052e-07,8.92534555204162e-07,8.80788605339512,128.45358688617
AT4G26140.1,1742,1974,1945,580,766,580,295,1.56447277084887,10.0981935435284,9.73011621270859,4.84888704936306e-05,7.90940130865685e-05,2.36805881609758,2.95769393941193
AT4G26410.1,3572,3148,2431,370,353,304,296,3.13865979833674,9.98784535221972,17.0283128894784,1.57891481511829e-06,4.4857910972566e-06,6.0888839620718,8.80705574963694
AT4G26640.1,2362,2652,2810,69,97,95,297,4.90257508360052,8.89427266239404,27.6005500176485,7.68967926041316e-08,7.49879310020941e-07,9.08837594276505,29.9103955336302
AT4G27890.1,1700,1578,1260,840,763,924,298,0.83687168938576,10.1340026359244,5.07530221602429,0.0019395024831892,0.00253672733319563,-1.7535636430448,1.78617283875012
AT4G29530.1,766,750,653,28,26,20,299,4.82790425681516,7.08234743509751,28.6378506895523,6.09714371409421e-08,6.70685808550363e-07,9.30013401335035,28.4016778777594
AT4G29550.1,105,119,99,85,187,66,300,0.077241481036312,6.72093500613066,0.204053739912531,0.84471070067157,0.856692412737834,-7.64858748809008,1.05499889000825
AT4G31060.1,504,679,735,4,6,19,301,6.15396045266718,6.2273839302777,12.094520293929,1.30122005251349e-05,2.58436760429763e-05,3.82045872342284,71.2076557377119
AT4G31080.1,3107,3196,2719,167,121,97,302,4.57196671628969,9.26523822629713,20.8681482320779,4.4426845439007e-07,2.00622280982463e-06,7.39449847550431,23.7847790175853
AT4G31180.1,6215,5737,4638,409,322,465,303,3.79621485772419,10.52445962848,19.544666021222,6.69057221784056e-07,2.391879567878e-06,6.9791198288262,13.8923124422267
AT4G31720.1,600,500,445,78,38,23,304,3.60888080202206,7.19582222359787,8.51358456986156,0.000107152674153998,0.000160729011230997,1.48475724569963,12.2006051491513
AT4G31770.1,142,149,138,37,19,10,305,2.82611462434318,5.75615305449434,6.6319322599712,0.000452368411365698,0.000622006565627835,-0.126584274888836,7.09161701107117
AT4G32120.1,3279,3099,2843,475,399,420,306,2.83162932437913,10.1679314542393,20.9280060826256,4.36380345043176e-07,1.99156561727152e-06,7.41252313684199,7.11877658410252
AT4G32500.1,1537,1584,1387,71,194,82,307,3.83453467300934,8.63469891868428,10.1793310953855,3.69880567570021e-05,6.27188788488297e-05,2.66853803445194,14.2662541296534
AT4G32850.1,5556,5903,5448,411,286,254,308,4.17786080528988,10.3708506995509,20.713358604786,4.65442743137566e-07,2.0585045031548e-06,7.3475922938676,18.0992850584515
AT4G33830.1,1713,1111,1246,2034,1391,1315,309,-0.216454044023969,10.4903397609005,-0.889650478583783,0.406170842383773,0.433450973588654,-7.2417669168278,-1.16187433871025
AT4G33840.1,11128,10068,10759,10852,10754,11017,310,-0.0310137766717915,13.3931934186014,-0.264521387463045,0.799776168457715,0.814973815364275,-7.63236218727586,-1.02172983943284
AT4G34330.1,182,217,130,210,230,182,311,-0.257080301269622,7.56764253883428,-1.17435957815735,0.282504461790677,0.304508578161308,-6.95189366622865,-1.19505772063374
AT4G35050.1,1120,1184,987,123,202,241,312,2.58373789110969,8.80466743383706,9.83666346890933,4.5427759107677e-05,7.5245207170631e-05,2.4404935083305,5.99490915275274
AT4G35740.1,1655,1553,1556,96,74,86,313,4.20937864881811,8.5285810005863,29.4557669206534,5.10701344048132e-08,6.45852776708385e-07,9.45960427542424,18.4990419144945
AT4G36220.1,1252,1427,932,65,30,87,314,4.39288739527337,8.01578438043089,10.9617524046153,2.36590011359111e-05,4.22904645304411e-05,3.16286790785087,21.0082982104794
AT4G36590.1,631,396,360,858,538,557,315,-0.504048707837644,9.06290134465456,-1.76638677953504,0.125148784758734,0.139451503016875,-6.20769070611633,-1.41818791530662
AT4G36830.1,106,107,76,15,30,21,316,2.11650436674512,5.52946149304728,7.63979205880382,0.00020163185935198,0.000288333558873331,0.778073793818955,4.33641961638804
AT4G38700.1,6684,6700,7334,9150,9399,10192,317,-0.471998684061447,12.9884839378055,-3.83454129167909,0.00776661284029937,0.00957435893243802,-3.28872721700304,-1.38702970396679
AT4G38960.1,1103,665,400,56,86,34,318,3.5767482411153,7.5900796295438,7.69864487050307,0.000192867554486227,0.0002767230129585,0.827796324549217,11.9318698494287
AT4G39390.1,3951,4290,3281,277,271,192,319,3.96565466320162,9.91578098201478,20.0393240382653,5.72360036790652e-07,2.25182329297095e-06,7.13824245313452,15.6235962075974
AT4G39650.1,34343,30518,35326,27096,24103,29571,320,0.312966492338688,14.8680748028173,2.22447615664155,0.0654413307126005,0.0742707166023958,-5.56166162004429,1.24225942905367
AT4G39690.1,4055,3567,3204,553,393,491,321,2.91818066252831,10.3518598282124,16.3778706868531,2.01095512301974e-06,5.32530708503376e-06,5.83400862216461,7.5589228402838
AT4G39753.1,55,54,56,63,58,87,322,-0.306823339417379,5.96061321962436,-1.70868463499621,0.135751714819027,0.150484459062953,-6.28605775051816,-1.23698099888185
AT4G39955.1,4192,4934,4507,116,119,160,323,5.11090036368528,9.59150757961148,29.8783836727936,4.66900988251757e-08,6.45852776708385e-07,9.53953855972941,34.5568632443563
AT5G02630.1,1405,1240,1130,129,52,59,324,4.07362420999751,8.25587172606548,11.6948543758662,1.59698578577241e-05,3.05851295578734e-05,3.59572390221515,16.8377120542251
AT5G02880.1,14454,14656,14532,708,573,611,325,4.53123051592408,11.562927453498,34.0542473152059,2.04792035518768e-08,4.39278916187757e-07,10.2487987249854,23.1225806313892
AT5G03020.1,462,395,495,200,155,317,326,1.06302814946706,8.28129302984204,3.86948423952559,0.00744566747318236,0.00923176689593998,-3.24242955628585,2.08931229141497
AT5G03240.1,36413,35215,42573,7921,6240,6338,327,2.48152800802188,13.9705140156492,15.7453094009109,2.56726168795466e-06,6.50229572313039e-06,5.57503686259148,5.58488667993439
AT5G03280.1,21814,22598,19570,1331,1113,1314,328,4.09055835091454,12.3325321649876,29.3980188914903,5.17048177367344e-08,6.45852776708385e-07,9.44855353673545,17.0365151047293
AT5G03370.1,2978,2828,2096,422,242,400,329,2.91467174418724,9.88959746648717,11.0758290978022,2.22208223354232e-05,4.03929355165109e-05,3.23206547132297,7.54056039152212
AT5G04560.1,11109,13250,12815,627,502,681,330,4.36545999290838,11.410284419028,26.4473453135152,1.00560838873716e-07,8.80420405649477e-07,8.83958402787647,20.6126772279844
AT5G06020.1,115,71,97,155,154,160,331,-0.749942553855337,6.92250989048937,-3.82946088197481,0.00781453516396618,0.00960583262275499,-3.2954728783004,-1.68172586514882
AT5G06500.1,1792,2092,2100,537,735,691,332,1.61557475651559,10.1510048936746,9.61997768120714,5.19049828535783e-05,8.43455971370647e-05,2.29239801934471,3.06433655471266
AT5G06670.1,4375,4805,4349,463,445,555,333,3.2116652245915,10.5317732682195,22.7288698217779,2.60262269575888e-07,1.43144248266738e-06,7.92667502388984,9.26419245694282
AT5G07430.1,332,569,277,1022,869,679,334,-1.17323846925741,9.13766508424433,-3.86399339911789,0.00749511466896614,0.00926629450428379,-3.2496931918619,-2.25517356080467
AT5G07460.1,1819,2003,1279,188,173,115,335,3.41905023599042,8.997247423061,13.2240965972398,7.53313725560204e-06,1.62397783047903e-05,4.41698911114098,10.6963764145856
AT5G08360.1,500,360,360,65,30,24,336,3.4393100758165,6.9338039110816,9.1231186821547,7.11922750343668e-05,0.000112284874962292,1.94076988729452,10.8476458286224
AT5G09490.1,507,531,431,375,474,487,337,0.140581577325996,8.86266075281594,0.858903747903544,0.421702763836391,0.448909393761319,-7.26947354501836,1.10234940396098
AT5G09900.1,4275,5192,4712,402,490,409,338,3.44437775715851,10.4800873260286,23.2627044803347,2.25015425586757e-07,1.35960024755942e-06,8.06929450445829,10.8858168026347
AT5G10220.1,1103,708,604,993,763,659,339,-0.0272984925547384,9.61996844833725,-0.100362922528674,0.923157975743763,0.925314886902043,-7.66674866431357,-1.0191020262738
AT5G10440.1,408,331,373,506,516,410,340,-0.361655355607882,8.71345798586271,-2.31374962010265,0.057706910661446,0.0658411294514902,-5.43278548950476,-1.28489935211081
AT5G10950.1,3728,4159,4300,966,1169,893,341,2.0145337985386,10.9785322043129,13.176769892345,7.70076693304691e-06,1.64359652451598e-05,4.3930672928404,4.04049990265783
AT5G11310.1,389,495,394,96,86,94,342,2.19150784027805,7.63332456892796,14.766960328295,3.81785925315652e-06,8.99923966815466e-06,5.15106085853125,4.56782645725685
AT5G11460.1,900,812,728,39,75,40,343,4.02162074308882,7.65327957586076,14.6458483302681,4.01705020044257e-06,9.41701932234898e-06,5.09646156281355,16.2415874502079
AT5G12840.1,1526,1399,1395,350,248,343,344,2.21106159258803,9.38606209865226,12.7767684306842,9.30311084521949e-06,1.90958591033453e-05,4.18725199635398,4.6301585378434
AT5G13620.1,203,192,214,186,178,204,345,0.100961630723898,7.6205442609144,0.800152328991967,0.452579909959321,0.478218673331401,-7.32024877245294,1.07248809302199
AT5G14620.1,881,1066,878,26,8,24,346,5.68500998938162,7.03206122581764,13.2997524814444,7.27382608830135e-06,1.57599565246529e-05,4.4550457234469,51.4468196298543
AT5G15140.1,50,35,27,214,210,194,347,-2.47563902885828,6.45438793625294,-10.7086205194396,2.72500547494251e-05,4.79109569159974e-05,3.00677720829754,-5.56213603219554
AT5G15380.1,97,94,63,17,0,39,348,3.23090411870549,4.77940309146264,2.48716217205231,0.0452686200993281,0.0523456550474711,-5.18147349743339,9.38856144314072
AT5G15470.1,8367,8355,5031,237,235,225,349,4.91951344836945,10.3256366492131,21.8802358915652,3.30317298928804e-07,1.70730266554767e-06,7.69097991055363,30.2636365053129
AT5G17320.1,3645,3696,3808,825,663,713,350,2.34487235999809,10.6873754022642,17.3913787235174,1.38481481640802e-06,4.15444444922405e-06,6.22640337968872,5.08015445220529
AT5G19600.1,1612,1286,1263,251,190,109,351,2.98434644816437,8.9375293791023,9.50172586376972,5.58843871566259e-05,8.97917681280618e-05,2.21025972137182,7.91366748758144
AT5G20810.1,965,1070,967,217,228,231,352,2.14470542428639,8.89414241481034,17.7854475233704,1.20460122473929e-06,3.69124232437968e-06,6.37199949559876,4.42201961400351
AT5G21150.1,27677,27578,24298,2195,2197,2115,353,3.60886066789969,12.8876843079727,29.3098127180017,5.26919514797051e-08,6.45852776708385e-07,9.43161404900791,12.2004348797901
AT5G22440.1,4624,4615,4155,2078,1803,1711,354,1.26284014844194,11.4914616250593,9.25733287811838,6.52722031657992e-05,0.000103710278363436,2.03745978937629,2.39967686424312
AT5G22920.1,5618,12121,16566,585,398,322,355,4.62235680840906,11.0346424526507,10.6560782765253,2.80718607489049e-05,4.90861404558437e-05,2.97392882185368,24.6302063302747
AT5G23210.1,71603,73216,70024,4948,5403,4203,356,3.89098194041862,14.1822510502609,27.5997563685338,7.69106984636863e-08,7.49879310020941e-07,9.08820967844157,14.8355030317508
AT5G23340.1,2658,2296,2381,175,132,135,357,4.05266133523696,9.22705629941476,25.2751626210135,1.33692859479062e-07,1.00621467923715e-06,8.57108662891034,16.5948229839355
AT5G24240.1,13922,12327,12113,1916,1651,1619,358,2.88760354486639,12.1959386693864,21.0735053566788,4.17872078202903e-07,1.94855566901136e-06,7.45607377088219,7.40040150150973
AT5G24380.1,372,505,409,268,241,300,359,0.660520072621358,8.40490846184099,3.91700188810966,0.00703250581720668,0.00874476810313527,-3.17974937860699,1.58065232544681
AT5G24460.1,4472,4641,4627,410,386,481,360,3.4305524411335,10.4459674459188,25.312447084255,1.32461040899074e-07,1.00621467923715e-06,8.5798828235522,10.7819964991418
AT5G24810.1,24135,23356,17470,1429,1230,1369,361,3.99858875204218,12.3884192613538,23.4746022722991,2.1257854649562e-07,1.32168400647277e-06,8.12474738657404,15.9843564118577
AT5G25410.1,734,472,627,9913,8164,9622,362,-3.93361405512785,11.2007795482155,-19.8698140209476,6.03553802869798e-07,2.25182329297095e-06,7.08425046371469,-15.2804386642992
AT5G25950.1,968,764,854,1144,884,1106,363,-0.274551877322622,9.88375907291743,-1.66294504948304,0.14476588301683,0.160063308799536,-6.34749661186843,-1.2096183053062
AT5G26250.1,1113,1063,746,918,894,785,364,0.151243319977064,9.83163846855495,0.790941319922704,0.457563068553918,0.48229620739467,-7.32794463741906,1.1105261153451
AT5G26630.1,673,620,521,665,691,537,365,-0.0608362404307989,9.26473819887281,-0.363136798353883,0.728315157140654,0.752884825092387,-7.5971657191537,-1.0430701884514
AT5G26650.1,4213,4065,4131,47,66,55,366,6.19486234143019,8.91690004179394,39.2662547699478,8.34027563089057e-09,2.5095191657334e-07,10.9648030923857,73.2553560909327
AT5G26700.1,290,495,297,1559,1126,849,367,-1.70622699039653,9.30586021978404,-5.60233544194427,0.00114742851935481,0.00152871687827085,-1.16793315439666,-3.2630633360237
AT5G27910.1,219,202,161,171,157,124,368,0.36357194868439,7.41372923685596,1.92840117257347,0.0995148001191803,0.111774184548062,-5.9832936107222,1.2866074509364
AT5G27960.1,403,426,489,245,136,217,369,1.17473692276606,8.19027876574192,4.84815118926397,0.00245940770131745,0.00318757070654135,-2.01787826911485,2.25751711102529
AT5G28530.1,1858,1853,1842,89,109,132,370,4.07869389794007,8.81551203075521,23.8429557365472,1.92801282092984e-07,1.2345037316103e-06,8.21962344278882,16.8969845281963
AT5G34940.1,8089,7864,7506,6130,6337,5553,371,0.382048569923175,12.7413676501315,3.09506870812256,0.0198117367345677,0.0234138706863072,-4.30612694778424,1.30319102199096
AT5G35490.1,87,85,72,18,9,11,372,2.6402342743891,5.03838984021192,10.3539466271575,3.33894930496593e-05,5.70680976824854e-05,2.78195389873119,6.23432892676961
AT5G37290.1,981,787,732,271,156,138,373,2.19275858634647,8.59672084746173,7.81369299894665,0.000176963042350554,0.000255200214286034,0.924073597220614,4.57178825657349
AT5G37420.1,208,242,142,37,34,76,374,2.04934863379387,6.57267334059142,5.73812633147405,0.0010079237773264,0.0013554837005424,-1.02307057548647,4.13919045935768
AT5G37560.1,358,345,389,1,3,1,375,7.1765995250698,4.92163309586823,24.7092540142612,1.5411715054799e-07,1.10193762641813e-06,8.43542285832141,144.667748976686
AT5G38140.1,360,370,270,7,3,6,376,5.76864150760141,5.48677239448657,19.7794042733422,6.20992633571396e-07,2.27697298976179e-06,7.05522628833163,54.5172735135261
AT5G38195.1,3345,3375,2462,3603,3427,2380,377,-0.0267882546506257,11.5785680710735,-0.120901158365115,0.907513942632137,0.9117645934173,-7.66412846743087,-1.01874166422456
AT5G39260.1,67348,60134,63797,93700,94703,94217,378,-0.564706624587711,16.2411899053793,-4.77877590853991,0.00264816478214274,0.00341159967429199,-2.1000763021441,-1.47908670292312
AT5G39440.1,772,659,542,1038,870,829,379,-0.479673722587446,9.58832192995206,-2.6656425826829,0.035359002074006,0.0411084333055517,-4.92266583655072,-1.39442826920387
AT5G39560.1,173,178,195,343,394,359,380,-1.00078585895602,8.01421596855407,-7.81134741177349,0.000177271943723166,0.000255200214286034,0.922122776941768,-2.00108972860868
AT5G40600.1,863,787,711,77,46,54,381,3.74377398950723,7.7456705894418,17.4359048537957,1.36296387725793e-06,4.11768664326514e-06,6.24304299179219,13.3964049745508
AT5G40680.1,729,565,766,4311,3435,5014,382,-2.62439870176277,10.7253639055821,-13.1111768777195,7.94025647720628e-06,1.66978922976544e-05,4.3597644818877,-6.1662727364007
AT5G41260.1,1503,1488,1395,64,205,133,383,3.58894752859998,8.71945960785647,8.91303087702352,8.17408493957407e-05,0.000126139656081916,1.78678376266127,12.0331923510956
AT5G41610.1,6484,7712,7368,1077,1048,1021,384,2.77236682891577,11.421556716547,21.6505667091727,3.52876255099778e-07,1.76027806323029e-06,7.62521343454823,6.83227871339888
AT5G41750.1,1655,1641,975,34,64,21,385,5.23146008607643,7.81942419257512,12.25792757911,1.19884930220082e-05,2.3921225611356e-05,3.91019479503605,37.5687207366013
AT5G41830.1,841,832,792,25,16,14,386,5.45207766971199,6.95763655318931,24.527432380278,1.61429715254796e-07,1.1169894813598e-06,8.39096042101284,43.7762864253183
AT5G41850.1,903,1036,1062,92,80,146,387,3.2712079546435,8.32849769693142,13.5227306501649,6.56741817521358e-06,1.44483199854699e-05,4.56590768443394,9.65454289393771
AT5G42670.1,665,744,556,59,51,61,388,3.49349395854144,7.60058918731622,21.7481558819583,3.43079752075639e-07,1.75100632268911e-06,7.65326423421256,11.2628025681055
AT5G42690.1,4985,3506,3501,11,7,10,389,8.59641937727314,7.64634106175605,38.1920687717599,9.93579230280767e-09,2.5095191657334e-07,10.8302759706518,387.061600301158
AT5G43780.1,6738,8053,7700,338,464,389,390,4.24369332194675,10.7463662219338,25.6847818563867,1.20853418803034e-07,9.81451414979254e-07,8.66678500969988,18.9443183105008
AT5G45980.1,289,314,253,322,533,335,391,-0.440200637995288,8.37603425072244,-1.93130500800378,0.0991061708837188,0.111774184548062,-5.97922120766352,-1.35679300578407
AT5G46230.1,685,586,305,82,84,100,392,2.4780091505797,7.71988519203532,7.9188997796696,0.000163720710810359,0.000238088762500488,1.01106383885312,5.57128125952146
AT5G46540.1,24688,25196,21619,7472,7697,7157,393,1.67651448251922,13.6992841049894,13.1885069848956,7.658796964987e-06,1.64281194898971e-05,4.39900826238581,3.19654739006674
AT5G46810.1,14167,11945,13690,18041,16256,17670,394,-0.387137480296687,13.8854116430215,-2.93111782496487,0.0246468808016923,0.0290481095162802,-4.5399637518063,-1.30779596781255
AT5G47620.1,4249,4888,4361,349,273,259,395,3.94257795424667,10.1618259797304,24.4482293805132,1.64740060250897e-07,1.12180136266087e-06,8.3714564080861,15.3756761986255
AT5G47770.1,9603,8419,7000,995,922,845,396,3.16922229154721,11.4295120200515,19.4625294861904,6.86880858702428e-07,2.42500554353182e-06,6.95223117375755,8.99561733500106
AT5G47790.1,5045,5222,4442,304,258,176,397,4.34394221171292,10.0843308625964,19.4500863067796,6.89628616109283e-07,2.42500554353182e-06,6.94814590156298,20.307520726275
AT5G48650.1,13645,13989,13104,422,391,356,398,5.12237487165485,11.1675220895822,40.2646062495593,7.11793751295944e-09,2.5095191657334e-07,11.0844286104106,34.8328079573422
AT5G48670.1,428,394,371,111,83,71,399,2.18003471513112,7.54654980632512,11.3607501864775,1.90475368857755e-05,3.53075985050655e-05,3.40188249664375,4.5316445834539
AT5G48970.1,1623,1547,1492,152,171,144,400,3.31398747868482,8.94484763514563,25.6713357627924,1.21251573412355e-07,9.81451414979254e-07,8.66367615698799,9.94511103610137
AT5G49160.1,1197,1409,1301,186,206,161,401,2.818057984323,8.93577279891869,18.9570407512979,8.09465636643005e-07,2.71297467281132e-06,6.78372560924299,7.05212469423005
AT5G49810.1,27711,25866,20477,1951,1752,1871,402,3.72070773306425,12.7192579791674,23.6045808328441,2.05343348327194e-07,1.2954749475348e-06,8.15844417734208,13.1839222369625
AT5G49830.1,15454,16820,14674,973,1130,1155,403,3.84958263774833,12.0068202717318,28.353862195354,6.49165818122224e-08,6.87084550985929e-07,9.24324347993972,14.4158363911753
AT5G49890.1,5869,5740,5317,813,929,975,404,2.64072998743394,11.1406014029918,19.9095073171775,5.96076731983876e-07,2.25182329297095e-06,7.0969430821527,6.23647142333926
AT5G49900.1,9490,8707,6772,315,233,200,405,5.06695073340917,10.4752077530177,22.8355560932039,2.52735118921801e-07,1.41485670518327e-06,7.95551698368757,33.5200113728295
AT5G50470.1,24,2,12,978,962,1027,406,-6.64097439266802,6.630239999213,-9.12605389100156,7.10563831817201e-05,0.000112284874962292,1.94289833148271,-99.8004484155027
AT5G53150.1,3334,3662,3426,1936,1898,1771,407,0.894405396997305,11.3144678042679,7.42183034165864,0.000238300390487972,0.000334087802350785,0.591079656970463,1.85884360977671
AT5G53250.1,2159,2275,1984,1671,1377,1230,408,0.594229793372698,10.7642263471096,3.74788134324311,0.00863050128317494,0.0105184234388695,-3.40428831667004,1.50966640998567
AT5G53870.1,4075,3522,3933,4090,3778,5214,409,-0.171056608205278,11.9912977500824,-1.03310587774368,0.339376454477324,0.363073563518135,-7.10283359988203,-1.12588276245286
AT5G54095.1,72,89,42,1178,897,636,410,-3.74037559668847,7.90616860164817,-10.9009515732043,2.44691388911128e-05,4.35570978601137e-05,3.12569863686747,-13.3648857229085
AT5G54350.1,13,12,12,1989,1757,2057,411,-7.17902165970953,7.32558894930136,-56.1203956199609,8.73487541466037e-10,1.24908718429643e-07,12.4616827772845,-144.910835053325
AT5G54650.1,6008,5772,5436,1074,971,1027,412,2.48535061068775,11.242861304436,20.4494552682266,5.04292990483262e-07,2.1634169291732e-06,7.26662548918796,5.59970416407075
AT5G57900.1,4786,5000,5374,121,123,119,413,5.37104392541108,9.61613004389163,45.1329642802248,3.46197058627247e-09,2.33282400342889e-07,11.6016620544432,41.385225847871
AT5G58030.1,2366,2403,2263,138,87,80,414,4.55550024001075,8.91715768475385,20.3676878751842,5.1708186724188e-07,2.17478550045849e-06,7.24128039335594,23.5148502571119
AT5G58550.1,1592,1989,1961,108,147,154,415,3.76014349916515,8.96465911480928,19.9897107873603,5.81292964257434e-07,2.25182329297095e-06,7.12249684825025,13.5492726232941
AT5G58760.1,823,508,406,267,269,239,416,1.09903732480268,8.56611712344038,4.11370807057678,0.00557266705354542,0.0069698955276122,-2.92373222837497,2.14211706562278
AT5G58840.1,19611,19698,17152,23396,26842,22830,417,-0.371181181207476,14.3827429641917,-2.7222742296498,0.0327158871501534,0.0382428217640758,-4.84071593588536,-1.29341135506779
AT5G60440.1,1144,955,945,1176,1208,1097,418,-0.197821469662774,10.0814757562662,-1.44765589960313,0.195333055976154,0.213770104626965,-6.6269992601537,-1.14696508103844
AT5G60760.1,1134,1439,2240,1423,1460,1524,419,0.0690630636369463,10.555554005521,0.270300033224888,0.795521991647906,0.812568891468932,-7.63059673580734,1.0490351823995
AT5G62140.1,447,446,309,59,73,81,420,2.4712381275532,7.39358438572845,11.8715521321175,1.45758411867846e-05,2.85526752015096e-05,3.69601901965021,5.54519474272955
AT5G63740.1,176,150,138,406,496,424,421,-1.51078489824067,8.03037623649753,-9.75352975555865,4.7796383056986e-05,7.88640320440269e-05,2.38403973059497,-2.84965032180088
AT5G64400.1,6905,5765,4514,782,512,449,422,3.31934510286713,10.8028274528053,12.6192387651997,1.00373736482505e-05,2.05049204528545e-05,4.10436753707182,9.98211208162361
AT5G65160.1,1388,1813,1407,32,56,49,423,5.06769363994976,8.04089359440752,21.0204245404132,4.24517090308772e-07,1.9582562552953e-06,7.44022864672403,33.5372767322488
AT5G65870.1,1367,898,612,10,14,7,424,6.37448362328177,6.64268254972282,17.9255712583654,1.14716277730515e-06,3.56617993814428e-06,6.42287861756796,82.9680298449117
AT5G66100.1,1303,1309,1308,169,127,160,425,3.1060069394496,8.79977274114224,20.7135549328318,4.65415157555307e-07,2.0585045031548e-06,7.34765205890184,8.60996241260595
AT5G66250.1,2189,2456,2092,45,36,53,426,5.63428368975233,8.31310945282597,31.8397052900547,3.1285418276319e-08,5.59226851689202e-07,9.88998997555886,49.6693406305297
AT5G66750.1,1398,1280,1117,327,373,334,427,1.86915857683291,9.36540053836674,13.1153334560662,7.92482782000079e-06,1.66978922976544e-05,4.36187998461454,3.6531945264722
AT5G66910.1,4710,4369,3453,127,169,121,428,4.90305309162807,9.56490263704756,25.1134380359068,1.39191671502338e-07,1.02953839783626e-06,8.53273132059864,29.920307384443
AT5G66985.1,378,790,434,2,0,0,429,8.45783233755294,4.75723700235019,16.721806654741,1.76753792334226e-06,4.89230705978921e-06,5.97017193489984,351.610011113086
