AT1G02790.1,377,51,170,770,781,2039,1,-2.83847687561106,8.64608332355489,-3.63170821044107,0.0106468420569365,0.0134338095365463,-3.47128958949305,-7.15264517914387
AT1G02940.1,1837,2097,2238,2098,2040,2736,2,-0.147189270323645,11.0760475774015,-0.823749405109501,0.441114876271178,0.470741994826705,-7.16273074244425,-1.10740985848056
AT1G04540.1,2277,1622,1490,497,429,753,3,1.69781612120444,9.93777989224429,6.12212019808247,0.00081761867611251,0.00120535536787721,-0.61824244778188,3.24409511959087
AT1G05160.1,5058,4776,4727,3695,3645,3717,4,0.396460354360466,12.0462831579718,3.13080078432209,0.0198840037390671,0.0243721074401708,-4.15109781623125,1.31627447242491
AT1G06470.1,1924,1535,1468,107,59,126,5,4.1219203757343,8.61111444938187,13.3156772129337,9.80637574836497e-06,2.56520438783449e-05,4.26398444663961,17.4109181083961
AT1G07690.1,190,126,191,150,121,56,6,0.716347974825454,7.02551801776363,1.7886382050839,0.123113917300114,0.136475117627258,-6.04450463969621,1.64301764590648
AT1G07705.1,2754,2588,2448,841,576,569,7,1.99302362371954,10.3448191587811,10.045244273979,5.11368134151216e-05,9.80186131824699e-05,2.46899762664255,3.98070406963968
AT1G08030.1,4738,4261,4184,1142,977,940,8,2.10944749165258,11.0448408311247,14.1374043819199,6.87627889277042e-06,1.97981452684464e-05,4.64182082867211,4.31526001611068
AT1G08065.1,222,274,301,275,362,317,9,-0.260880234133623,8.17797093295261,-1.39623656900971,0.211375827564131,0.230738498791379,-6.55476900588131,-1.1982095473985
AT1G09380.1,854,800,777,624,482,644,10,0.484106092824105,9.42096874931067,2.89764733931465,0.0269300956347147,0.0322709805231637,-4.47723461354151,1.39871893786853
AT1G09550.1,2712,2496,2221,2037,1964,2032,11,0.295550035480883,11.1219904954593,2.08185135193048,0.0817945250973165,0.0923297662791115,-5.63764119824744,1.22735282313049
AT1G10010.1,3130,2187,2249,3033,2143,1936,12,0.0969371009091855,11.2327028168906,0.400156066220956,0.702689143263163,0.719459767207391,-7.44436170116952,1.06950045843757
AT1G11420.1,467,472,396,55,98,71,13,2.59413991549541,7.49928213894088,10.8754291797376,3.22320398471479e-05,6.71240053127497e-05,2.97576549589469,6.03828945126227
AT1G11580.1,15450,12885,10993,149,58,82,14,7.16895235507721,10.0799765679402,19.8777280297316,8.96106145835286e-07,4.31943299509368e-06,6.72832384954019,143.902949778345
AT1G14580.1,875,876,631,88,55,120,15,3.21768308330814,8.0094920717536,10.1698772950426,4.76107449852112e-05,9.2004547741692e-05,2.54765524064077,9.30291653705906
AT1G17770.1,1027,854,771,6683,5380,5536,16,-2.73239373993705,11.1454842687136,-15.4454538620976,4.06152337091773e-06,1.37196340639662e-05,5.19552667673969,-6.64557365340013
AT1G17860.1,2976,2499,3201,34,30,20,17,6.66543890939772,8.15798503806906,28.375742889767,1.04507923459759e-07,2.26906084722603e-06,8.70302553348993,101.507246217963
AT1G17950.1,438,387,289,13,3,2,18,6.05519387965288,5.49170274741936,10.3624484085403,4.27003296695921e-05,8.40802904529248e-05,2.66735133554004,66.4959182065439
AT1G18250.1,733,599,347,791,713,665,19,-0.43237227066405,9.2799856150613,-1.46832886407633,0.191640846784268,0.210804931462695,-6.46518334366311,-1.34945069946479
AT1G18350.1,621,550,649,572,470,524,20,0.217608998564799,9.13485389625679,1.43147728445793,0.2015070914449,0.221090900843637,-6.51125579463566,1.16280485367347
AT1G19140.1,3654,2642,2711,242,233,187,21,3.75299726291696,9.65975398974742,19.0265999666662,1.16571807621489e-06,5.10299035404275e-06,6.46856421598311,13.4823236933429
AT1G19640.1,12982,9038,9266,42,45,26,22,8.09315202290477,9.28148074909324,30.0930139855295,7.32102948869772e-08,2.17291669491327e-06,8.99981953096316,273.074733421544
AT1G20140.1,3548,2991,2695,1414,1005,1017,23,1.43472444217666,10.8615364789552,7.06631116490893,0.0003751393667933,0.000580992015719587,0.253659403937769,2.70330527968043
AT1G20690.1,1890,1679,1619,289,305,318,24,2.50208257230514,9.50261113497672,17.9627922831893,1.64648944778017e-06,6.54022197312677e-06,6.12271823549208,5.66502597998473
AT1G20730.1,9768,8539,6769,63,29,39,25,7.60337898531819,9.21129572282439,24.3303656030624,2.64956571751225e-07,2.47100802785382e-06,7.88369907833813,194.466654539051
AT1G20910.1,721,662,548,710,634,489,26,0.0828086519078113,9.28172314938108,0.409382541206458,0.696256749967186,0.714579296018954,-7.44014034431736,1.0590778573401
AT1G20940.1,179,163,217,1077,997,919,27,-2.42164603110315,8.75001949079314,-14.5153280595259,5.87875050561912e-06,1.73929928752455e-05,4.80753388130059,-5.35781969374749
AT1G21790.1,942,660,697,95,102,46,28,3.29021725627014,7.92045925466241,9.58428748883814,6.70782713917382e-05,0.000124036975978688,2.16961878325034,9.78259527722932
AT1G22015.1,1626,1681,1789,1988,1807,2018,29,-0.189242440167039,10.8245226861099,-1.40714815170499,0.208274015054273,0.227932531781335,-6.54135464814276,-1.14016485755797
AT1G22040.1,2443,2072,2162,126,96,49,30,4.70629906738537,8.76396743993736,13.3930537932011,9.47578320793348e-06,2.54069437262716e-05,4.3006351229474,26.1058109009203
AT1G22180.1,857,845,993,64,59,97,31,3.62749382647653,7.99506966415566,16.1328082592639,3.13216294676588e-06,1.12915790265761e-05,5.46545304668487,12.3590318332807
AT1G22420.1,772,586,516,2597,1774,2052,32,-1.77824838982869,10.157644784031,-7.83900531419391,0.000210594446458587,0.000343517176922943,0.898649801174024,-3.4300946575315
AT1G23320.1,32,41,62,206,110,88,33,-1.51654826305956,6.22960462007549,-3.8996570644262,0.00774358599278898,0.0099164131071835,-3.1214692392553,-2.86105704506021
AT1G23360.1,748,587,641,76,25,52,34,3.79325900900608,7.46167840896943,9.46128859945353,7.22575761743246e-05,0.000132472222986262,2.08739605349257,13.8638784799782
AT1G27000.1,5070,4438,4161,300,399,248,35,3.86988566784152,10.2141021001216,18.0591120697008,1.5945243791376e-06,6.45331093066068e-06,6.15505861037094,14.620144525731
AT1G27130.1,8531,7235,6899,75,40,50,36,7.11804024316051,9.31832174159131,27.7853034403795,1.18696583568081e-07,2.26906084722603e-06,8.59453178083786,138.913234452773
AT1G27600.1,5538,4825,4906,280,291,258,37,4.19719613755327,10.2122844577058,29.928089038686,7.56892515902301e-08,2.17291669491327e-06,8.97246893493777,18.3434886396308
AT1G28460.1,293,168,183,192,140,144,38,0.404065419164586,7.50600520280956,1.53155761562703,0.175748989441539,0.19382086496252,-6.38486140393821,1.32323144062229
AT1G29080.1,1657,1496,1408,943,896,948,39,0.707223730853864,10.2142356991943,5.14353556801974,0.00203042468304422,0.0028189391230614,-1.63539712984747,1.63265926287412
AT1G32120.1,7680,6637,6540,1496,1528,1451,40,2.21628330401796,11.651493963814,15.9600753883769,3.34012267683016e-06,1.18422531269433e-05,5.39889131483155,4.64694736558456
AT1G34170.1,823,791,869,989,846,861,41,-0.116106065129783,9.75162927856453,-0.826760377597671,0.439531010335758,0.470221454947731,-7.16013703251725,-1.08380564394735
AT1G34180.1,2131,1589,1587,418,320,347,42,2.28187285113449,9.63432956445737,11.8635123323533,1.93734793888589e-05,4.54165172558495e-05,3.53048680738525,4.86308851585993
AT1G34650.1,120,143,90,1963,1966,1715,43,-4.00987047172572,8.87046286216806,-19.4224273672369,1.03005990110918e-06,4.7515666406004e-06,6.59115654745275,-16.1098423595622
AT1G35660.1,6418,6223,5472,955,725,819,44,2.8619008954548,11.125674662888,17.3211516420805,2.04750571514452e-06,7.91333289907205e-06,5.90176226486612,7.26972552764757
AT1G43020.1,283,309,343,1,0,1,45,7.61737875982701,4.47535604658017,25.0468973661442,2.22335112090436e-07,2.41205642426694e-06,8.04269005496447,196.362926068845
AT1G43800.1,21225,29645,18953,140,274,132,46,7.04706262351636,10.9562385105289,20.8557921931374,6.71160851762988e-07,3.73932474553665e-06,7.00983004414329,132.244381872366
AT1G44130.1,4241,3662,3191,4836,4639,4222,47,-0.311424872266882,11.9989070452873,-1.90247480861212,0.105045282809337,0.117355276888556,-5.88832401684646,-1.2409326973635
AT1G44750.1,4305,4045,3477,149,151,67,48,5.0847487936141,9.39711074520365,14.8350492083348,5.16419354379189e-06,1.59561340354704e-05,4.94399960499398,33.9360981541466
AT1G47490.1,523,401,322,726,823,749,49,-0.90773127302525,9.12715398564939,-4.32509691020252,0.00477697266411575,0.00622894003922692,-2.58756095619996,-1.87609290560902
AT1G48910.1,91,77,99,1366,1255,1007,50,-3.74529261176787,8.35691976078193,-20.3347139215416,7.81581050094407e-07,4.06287273969609e-06,6.86202623019774,-13.4105138398127
AT1G49290.1,42,15,7,3065,2325,3025,51,-7.30090296021555,7.79253973167514,-12.3112989749327,1.558036655914e-05,3.80649623585569e-05,3.76636323522781,-157.6851466915
AT1G49600.1,2778,2444,2628,900,734,686,52,1.76503909043428,10.4695695533356,10.8765328871927,3.22129653236912e-05,6.71240053127497e-05,2.97641328061571,3.39883208810455
AT1G52460.1,145,155,92,0,0,0,53,7.00479519628343,3.50239759814172,30.8802279965696,6.26043370690551e-08,2.17291669491327e-06,9.12717896060633,128.426151251858
AT1G53520.1,1403,1035,1381,712,542,658,54,0.992658699707688,9.80522978627261,5.11514866787955,0.00208837798462089,0.00289004566258827,-1.66681122174982,1.98984864680234
AT1G54570.1,191,131,128,18,19,2,55,3.82858858881692,5.29923366409249,5.07145786014379,0.0021812736159001,0.00299925122186264,-1.71538175043762,14.2075766024048
AT1G55050.1,680,671,620,342,191,172,56,1.54687412482687,8.587322227257,5.52331609650969,0.00140721823942537,0.00199239810136464,-1.22576286838866,2.92183381590686
AT1G55560.1,620,141,177,3429,2574,3940,57,-3.70492186782146,9.82043760347459,-6.50500333647242,0.000589822331544002,0.00089728290862545,-0.252680922648924,-13.0404510663151
AT1G55920.1,10274,8409,7763,137,57,84,58,6.63714295775638,9.777203608226,19.9401126375036,8.79376109878404e-07,4.28695853565722e-06,6.74680686007439,99.5357551785162
AT1G57590.1,173,121,96,0,3,0,59,6.32453122519958,3.82893227926646,10.7440910649364,3.45980694800419e-05,7.06789133663713e-05,2.89820624883154,80.144478500793
AT1G57820.1,6987,5895,5260,4852,3898,3965,60,0.510095830118642,12.2973874305229,2.87751019913462,0.027654645570754,0.0329551193051486,-4.50563128321815,1.42414479038515
AT1G59800.1,50,47,68,89,52,70,61,-0.334536123642247,5.95590549497806,-1.31599631902013,0.235499799130532,0.255770667916451,-6.65171043278481,-1.26097189756033
AT1G59890.1,2900,2885,2938,1298,1302,1178,62,1.20804824044825,10.9020758158894,9.29341352228896,8.00898688488577e-05,0.000144972800574515,1.97351918747566,2.31024881729345
AT1G59930.1,749,803,760,19,72,9,63,4.97995679047033,7.10120531145341,7.1915872104033,0.000340449049588818,0.00052917624012175,0.362159911822888,31.5585013347294
AT1G60220.1,3995,3351,3222,945,716,866,64,2.06597396976273,10.7434582733024,11.83034366991,1.96946588119607e-05,4.59185251648432e-05,3.51264715605627,4.18716557908604
AT1G60400.1,10,3,22,1087,1025,1118,65,-6.74509286771316,6.70021095875468,-11.1281995677054,2.81854344820081e-05,6.10684413776842e-05,3.12241762630752,-107.269258043977
AT1G60440.1,3512,3574,3577,118,189,29,66,5.33852969752666,9.1264528378458,8.09745386047334,0.00017546405473449,0.000290633511510024,1.10214170599205,40.4629527343612
AT1G60970.1,12,37,45,183,162,147,67,-2.53660476275845,6.09227877725979,-5.2657035827134,0.00180095836621202,0.00251664866157966,-1.50147866275123,-5.80221905169267
AT1G61330.1,1270,1050,1172,1955,1868,1928,68,-0.723365456583617,10.543443583957,-5.14369633638149,0.00203010169657693,0.0028189391230614,-1.63521953750785,-1.65102899479862
AT1G62340.1,4381,2968,2784,9651,6621,6196,69,-1.15014032979336,12.2672690846314,-4.38525767893996,0.00447131362612622,0.00584815105368338,-2.51422864585401,-2.21935480850515
AT1G62660.1,2262,1691,2205,519,445,332,70,2.25770190598607,9.86306631299971,10.043783937305,5.11798819414295e-05,9.80186131824699e-05,2.46807035434487,4.78229095358743
AT1G63010.1,9251,8039,7236,444,177,186,71,5.04980532542152,10.4649991349467,13.3432009837134,9.68727087389582e-06,2.55370759239232e-05,4.27704793905349,33.1240075695327
AT1G63090.1,7144,7527,6480,426,561,275,72,4.12057563027021,10.7206354940083,14.8918334335476,5.04809340387676e-06,1.5923765222523e-05,4.96789004332274,17.394696839136
AT1G64630.1,4870,4155,3284,685,445,527,73,2.89510035883426,10.5366697745677,12.3787190426575,1.50871886491909e-05,3.74127394826757e-05,3.80109683599121,7.43895700236838
AT1G64750.1,3392,2819,3331,343,267,377,74,3.27913382599391,9.99109903612394,17.6551215733051,1.82615208066391e-06,7.18733250096163e-06,6.01798229804579,9.70772893994075
AT1G65300.1,3126,2685,2949,3672,2884,2525,75,-0.0371437918543336,11.5280073400902,-0.20008208476276,0.847925209557387,0.859952517494371,-7.51293693086936,-1.02608040856536
AT1G65360.1,36,35,62,1105,1068,1200,76,-4.68218131769655,7.79331008903867,-18.7540477586495,1.27123420281853e-06,5.39959874266485e-06,6.38227960172069,-25.6730237023017
AT1G65860.1,421,261,317,16,6,15,77,4.72419579407368,5.99370381813949,12.0608358544552,1.75834973079992e-05,4.19073352507314e-05,3.63555611110868,26.4316721854108
AT1G66630.1,6,11,5,1480,1378,1106,78,-7.36564075002815,6.67524701618072,-25.092080495264,2.19926304181396e-07,2.41205642426694e-06,8.05249891664099,-164.922079829254
AT1G67500.1,2087,2133,1830,99,102,125,79,4.2060099642446,8.87221719560825,26.2305919506434,1.68172988310896e-07,2.26906084722603e-06,8.29156910670737,18.4558971496445
AT1G67820.1,741,677,692,9715,7388,11114,80,-3.72013404462533,11.3191098162774,-19.5785463577335,9.81663119425868e-07,4.62784042015052e-06,6.63864559422523,-13.178680685599
AT1G67830.1,6879,6023,6708,10745,9322,8202,81,-0.521148551616776,12.9327679200129,-3.23452301324987,0.0174174954110169,0.0215334453352342,-4.00780435581875,-1.43509729629039
AT1G69530.1,15117,5157,7184,74,28,43,82,7.49370562289397,9.26226324620057,14.7894218494094,5.25973088069986e-06,1.6117318198716e-05,4.92472817553974,180.231281701272
AT1G69860.1,363,318,508,497,440,364,83,-0.146553443784574,8.67885308857204,-0.636794355105909,0.547414462512229,0.572782449799381,-7.30825628073717,-1.10692190682065
AT1G70560.1,34,27,56,105,133,47,84,-1.20314806419161,5.85808334981824,-2.64233906764514,0.037851843026541,0.0444888785161262,-4.8392872113997,-2.30241526804692
AT1G70890.1,598,439,572,40,31,33,85,3.90838279640064,7.10252968015646,20.7004800225314,7.02056850777167e-07,3.86131267927442e-06,6.96628147182837,15.0155227478982
AT1G71100.1,2252,2055,2206,135,139,183,86,3.8369397491522,9.16523914599354,22.4931310611429,4.2560761163464e-07,2.9421683343704e-06,7.44437794533486,14.2900568337502
AT1G71210.1,1945,1990,1892,284,187,294,87,2.95268469707545,9.44766838353071,14.0281240140581,7.20042417960537e-06,2.01894246604621e-05,4.59298450653002,7.74188403116584
AT1G71270.1,7157,7280,6986,827,705,883,88,3.15360175235292,11.2251055062304,21.4232474793376,5.70954975305971e-07,3.30999573521975e-06,7.1654047538631,8.89874417858543
AT1G71850.1,1228,1145,1217,305,228,206,89,2.29529345291566,9.07767292255414,12.3064708869681,1.56163948137669e-05,3.80649623585569e-05,3.76386821041292,4.90853823390711
AT1G71940.1,5408,5139,4576,416,346,341,90,3.77611248730886,10.408238890624,24.2328385186192,2.71463678416268e-07,2.47782804341657e-06,7.86154749848374,13.700080709969
AT1G72540.1,75,76,66,16,37,0,91,3.08180429663411,4.65269893321503,2.37741671367558,0.054311063860928,0.0626329204202638,-5.2175917996881,8.46672655917324
AT1G73500.1,3520,3167,3469,227,218,180,92,4.02144103951975,9.71322817337625,26.0672263246016,1.74649149780638e-07,2.26906084722603e-06,8.2581970065988,16.2395645074648
AT1G73560.1,5267,3293,3448,6873,5663,4600,93,-0.527214848038275,12.1971497185004,-2.0800575658485,0.0819991630590711,0.0923297662791115,-5.64016949581372,-1.44114434996553
AT1G74000.1,1449,1519,1399,1652,1510,1529,94,-0.102856995657191,10.5590631328505,-0.783415447763538,0.462728409533631,0.492581855309994,-7.19673868137581,-1.07389801828972
AT1G76250.1,11418,9623,8416,456,305,392,95,4.67961210777337,10.9104139538898,22.1305476384043,4.69431936728316e-07,3.05130758873406e-06,7.35185928065483,25.6273448244677
AT1G76290.1,1262,932,1161,1512,1289,929,96,-0.135557326826303,10.1847008460944,-0.5803823431308,0.582462107975445,0.606495738644335,-7.34581538883783,-1.09851709944051
AT1G77000.1,1769,1508,1623,197,62,104,97,3.89778819714552,8.72252145232131,9.50609135713496,7.03192787264025e-05,0.000129471976710844,2.11746334068931,14.9056584003062
AT1G78830.1,30805,49771,57505,3126,2089,1651,98,4.33184888500072,13.2758740099379,12.9782864285671,1.14134294967614e-05,2.91450074649442e-05,4.10143760486295,20.1380053115305
AT1G79530.1,11637,9838,9040,553,413,314,99,4.60222700162589,11.0032592147915,18.9149647850932,1.20765710642472e-06,5.2331807945071e-06,6.43341032084952,24.2889295015875
AT1G80190.1,1040,958,814,309,104,169,100,2.40001224945264,8.66659307775234,6.06884222595902,0.000856682369917943,0.00125432333342934,-0.670482929164238,5.27807645732556
AT2G02960.1,2687,2250,2105,642,522,392,101,2.19707663980837,10.091114175182,9.78114210215593,5.96548846232797e-05,0.000111269328275596,2.29913415724558,4.58549233002596
AT2G03040.1,853,698,871,945,841,698,102,-0.0323654040027925,9.66799111192568,-0.178767004054033,0.863914888132336,0.872045851785346,-7.51759623488872,-1.02268752283175
AT2G03090.1,11199,5416,4186,624,695,427,103,3.47135594274812,10.8930522586405,8.58201041837585,0.000126252276021092,0.000215785762601787,1.46852940035327,11.0912951999134
AT2G03190.1,5404,4959,5585,3100,2359,2743,104,0.966216481713854,11.8914928145351,6.03684741284486,0.000881163518475858,0.00128577941981681,-0.702020164544564,1.9537101973541
AT2G03770.1,1000,1016,1183,999,984,1201,105,0.00859940286847483,10.0512948280066,0.0545061450789548,0.958274620396014,0.960513579789462,-7.53437213874458,1.00597845188707
AT2G04620.1,3535,3499,3386,150,123,93,106,4.84654804540523,9.33900398983248,23.8110039973067,3.01836954670979e-07,2.51434761328214e-06,7.76427809845203,28.7710914266908
AT2G04750.1,137,190,175,78,194,152,107,0.325628666277284,7.21898063467843,0.910281042938632,0.397241456767995,0.427109235472356,-7.08524766466798,1.25321041644581
AT2G07040.1,287,65,97,537,533,950,108,-2.39881028672959,8.14241479833679,-4.17556413263729,0.00564339481482662,0.0073142488687632,-2.7721625651107,-5.27368092745053
AT2G13560.1,23313,20613,20613,1015,787,747,109,4.67131722532359,12.0548689347005,27.0120900406313,1.40805961601363e-07,2.26906084722603e-06,8.44709211312226,25.4804212778319
AT2G15280.1,3202,2904,3032,287,273,270,110,3.45531806264468,9.84436107324124,26.5372061201471,1.56756820847674e-07,2.26906084722603e-06,8.35339039194479,10.9686803749163
AT2G17750.1,6643,6031,6456,2092,1809,2408,111,1.60851870883788,11.8333757732405,10.0121398364562,5.21235103534745e-05,9.93821597406246e-05,2.44794493363291,3.04938584457544
AT2G17990.1,8193,6872,7021,743,788,823,112,3.22506729136072,11.2290472551153,22.3785217673463,4.38924879719594e-07,2.9421683343704e-06,7.41535212303677,9.35065411916725
AT2G18280.1,3212,2786,3017,150,108,241,113,4.24270911390843,9.42983865741308,14.0712012218505,7.0705776340066e-06,2.00879324833697e-05,4.61228539139604,18.9313988844205
AT2G18880.1,354,362,255,16,16,1,114,5.2668584232957,5.69173777248141,6.1735010549162,0.000781861260984805,0.00115661545159476,-0.56818578942931,38.5019183188399
AT2G19400.1,117,124,82,75,60,51,115,0.781454065407762,6.35042855575307,3.35406475363014,0.0149814861429047,0.0185753108534859,-3.84421065175339,1.71886240948187
AT2G19480.1,4305,4595,4616,539,706,557,116,2.91484413005777,10.6795898362587,18.105149093582,1.57036139347674e-06,6.41604797906211e-06,6.17044162898344,7.54146145771732
AT2G19500.1,9138,7755,8421,13984,12379,12931,117,-0.635703091367249,13.3574731608468,-4.47430066218812,0.00405838178779115,0.00534063124835093,-2.40667657530683,-1.55369475213639
AT2G19970.1,1722,1259,1536,2119,1422,1541,118,-0.15977969719636,10.6251620000325,-0.736680725225794,0.488689749306645,0.517649141858149,-7.23438933349781,-1.11711653881889
AT2G20160.1,225,200,347,1759,2058,1832,119,-2.90496824975132,9.42387550802327,-12.2268339244778,1.62248138478478e-05,3.93245488176649e-05,3.72256484160876,-7.49001314048369
AT2G20780.1,464,318,361,185,74,66,120,1.94809290492726,7.58540201648419,4.65942345405973,0.00333006219695177,0.00442289994579662,-2.1868228996963,3.8586412144377
AT2G21420.1,373,212,402,213,186,236,121,0.586378471151465,8.01889080063808,2.11122434734915,0.0785165720958542,0.0891100778548187,-5.59619108769949,1.50147293657493
AT2G21930.1,17,32,19,126,80,94,122,-2.12071436076654,5.57243958561264,-7.1978549795093,0.000338812579000475,0.000528547623240741,0.367546909274137,-4.34909240123949
AT2G23990.1,4184,3657,4051,4576,3651,3871,123,-0.0204170459573074,11.9609650983078,-0.13211331969504,0.899148053174654,0.905480081718138,-7.52598020606627,-1.01425263171466
AT2G24740.1,4280,3494,3389,960,700,728,124,2.2301467197907,10.7388861129325,11.7260655444352,2.07453063274048e-05,4.75921733393404e-05,3.45622206478894,4.69181692298322
AT2G25700.1,1162,813,940,3144,2046,2024,125,-1.29042486766047,10.5554028599862,-5.32369410274332,0.00170243699850828,0.00239457531921329,-1.43862965843194,-2.44600078633609
AT2G26280.1,7914,6460,6299,719,397,698,126,3.5504750485846,10.9677796450419,13.1128491364765,1.07383857649636e-05,2.75854340908346e-05,4.16680683663222,11.7165429391593
AT2G26410.1,46,11,63,360,321,751,127,-3.74726980142688,6.9201520181797,-5.44780686392567,0.00151145721278107,0.00213294455356276,-1.30565336531049,-13.4289053266549
AT2G27040.1,40204,37633,34885,2284,1891,1878,128,4.22192423991837,13.0841035115275,27.6641206216695,1.2187905417082e-07,2.26906084722603e-06,8.57183265659862,18.6606099683835
AT2G28380.1,4911,4499,4153,165,221,231,129,4.46355111316487,9.90758765419064,24.3336265083528,2.64742153839859e-07,2.47100802785382e-06,7.88443758021223,22.0629089252096
AT2G29570.1,3575,3193,3351,963,779,984,130,1.8972954959902,10.7700476027695,12.1415418401565,1.69071124635461e-05,4.05203980271581e-05,3.67801412547358,3.72514219305317
AT2G29940.1,1893,1534,1363,1229,1003,1127,131,0.503111326057978,10.3767348318877,2.78232411162999,0.0313749011402962,0.03707942862035,-4.64026902788951,1.41726675616443
AT2G30160.1,1945,1675,1649,133,123,47,132,4.24003491201594,8.65510012319657,10.3462311713342,4.30905024367808e-05,8.44101623076665e-05,2.65735594393921,18.8963398529936
AT2G30590.1,5442,5800,5946,363,391,329,133,3.98713062884249,10.4898408806078,28.3852249053205,1.04296710280753e-07,2.26906084722603e-06,8.70473986619622,15.8579088017949
AT2G30900.1,353,272,230,531,580,475,134,-0.906794273264918,8.59076771410543,-4.47857535098604,0.00403966408616142,0.00533235659373308,-2.40154287581798,-1.87487481875227
AT2G31360.1,54127,47663,44075,1769,1858,1375,135,4.87209869896813,13.128085834348,27.1758056464287,1.35750315513506e-07,2.26906084722603e-06,8.47883209038624,29.2851767957711
AT2G32370.1,2211,1499,1862,9606,7925,9396,136,-2.28497921435708,11.9842544120317,-11.7715499862278,2.02792458980582e-05,4.7025926974416e-05,3.48089739285545,-4.87357083817542
AT2G32750.1,10029,9330,9420,801,801,905,137,3.52107678946716,11.4666330923856,25.9988654792073,1.77444873414784e-07,2.26906084722603e-06,8.24414173734363,11.4802073107288
AT2G32990.1,2202,1140,665,10,2,0,138,8.53210703456746,5.94751822373655,9.33815421403772,7.79105962761285e-05,0.00014162561780703,2.00405796617882,370.186130756311
AT2G34200.1,1957,2169,1786,40,58,42,139,5.385169495765,8.24807135077651,27.8090328278349,1.18084780641469e-07,2.26906084722603e-06,8.59895916096155,41.7924229026163
AT2G34260.1,1301,1205,1235,235,212,288,140,2.35390420029391,9.10771155084307,14.3098685601106,6.39851242164719e-06,1.87481700557375e-05,4.71804792317693,5.11205798404104
AT2G34880.1,602,433,426,26,28,11,141,4.51260889531762,6.65558144699621,11.97432962947,1.83435549711008e-05,4.32383795747376e-05,3.58971597055675,22.8260432696396
AT2G34890.1,149,137,100,21,42,18,142,2.28731024774762,5.8548630861348,6.56183378713284,0.000562632779737462,0.000858966058745093,-0.199856780686761,4.88145167147834
AT2G35670.1,1289,1082,930,16,25,17,143,5.77292755821466,7.20573963271858,25.3843144147424,2.05059445226359e-07,2.41205642426694e-06,8.11533572660321,54.6794777372765
AT2G36010.1,3185,2878,2361,757,591,644,144,2.07533770679175,10.4072231047661,11.406424601331,2.43939898613185e-05,5.45053210963836e-05,3.27998415245462,4.21443054441981
AT2G36310.1,6931,6782,7103,267,194,222,145,4.93562005961842,10.2925831645184,29.9094108013341,7.59761082137508e-08,2.17291669491327e-06,8.96935648645036,30.6034004511724
AT2G36560.1,158,115,170,5381,4220,4155,146,-4.9565197544015,9.67449869896669,-23.5416378462995,3.23300025000548e-07,2.54204718425157e-06,7.70090162605009,-31.0499653722391
AT2G36760.1,629,648,536,4,1,4,147,7.35540159153237,5.55898619235776,19.1499101188962,1.12134540062059e-06,4.95935233882713e-06,6.5070958158212,163.755731438961
AT2G37390.1,797,978,889,3,1,1,148,8.45769050389327,5.56217858527997,27.7243501446038,1.20285082533691e-07,2.26906084722603e-06,8.58313309353961,351.575445468987
AT2G38220.1,2028,1713,1741,3028,2521,2473,149,-0.547124918543982,11.1056402767613,-3.45947330611193,0.0131412527323843,0.0163883645993978,-3.70143237273713,-1.46117089137969
AT2G38810.1,430,350,267,256,138,112,150,1.10940529517295,7.86961750903067,3.14558779098854,0.0195102149766389,0.0239824705586764,-4.13059652667114,2.15756690181551
AT2G39220.1,6110,4131,4205,155,103,159,151,5.10676013579773,9.6559700785291,20.1509015638275,8.25472595021821e-07,4.21580646743287e-06,6.80871535314934,34.4578345611266
AT2G39300.1,712,819,1136,228,175,264,152,1.98659031621893,8.7761231435044,8.03789418610451,0.000182919945007852,0.00030066151880601,1.05576051982593,3.96299271762381
AT2G39650.1,1328,962,695,133,122,83,153,3.10984658479753,8.35523033192402,10.3004839870424,4.42135453551234e-05,8.62164134424907e-05,2.6290765427835,8.63290782571796
AT2G40030.1,10602,9729,8898,452,402,383,154,4.55895690930891,10.9671337110862,30.6211516675481,6.58843054920686e-08,2.17291669491327e-06,9.08583756674915,23.5712589316848
AT2G41040.1,89,139,146,11,11,1,155,4.2169611522229,4.83178890992555,5.76064819532471,0.0011291596412688,0.00162553518826951,-0.979535637021494,18.5965249606957
AT2G42340.1,313,216,190,286,155,189,156,0.204478685167658,7.77562759387346,0.682379829268246,0.520074821039433,0.545506352630603,-7.27568752424003,1.15226990124631
AT2G43660.1,1732,1461,1413,2700,2252,1922,157,-0.569234210054097,10.8640670850011,-3.08885875926694,0.0209872561188989,0.0256510908119875,-4.20937447678335,-1.48373578698278
AT2G43670.1,996,822,971,1292,1025,1433,158,-0.418046688564537,10.0660269504241,-2.27710061747534,0.0623706867239527,0.0715428465362987,-5.36072298228289,-1.33611731718169
AT2G45110.1,2188,1972,2018,23284,16538,17706,159,-3.20369105257006,12.6090644180304,-18.0039362230197,1.62405502595933e-06,6.51139818819207e-06,6.13655859915208,-9.21312797265813
AT2G46650.1,1760,1680,1706,4,3,1,160,8.97086748373592,6.25940977349708,25.9414716337121,1.7983232821838e-07,2.26906084722603e-06,8.23229974675141,501.7648097973
AT2G46990.1,87,83,98,1,0,0,161,6.16036855383189,3.41351761024928,20.3582704264013,7.76154525727879e-07,4.06287273969609e-06,6.86881343091668,71.5246463356807
AT2G47030.1,296,31,36,969,796,1521,162,-3.90275233604627,8.0926336634997,-4.43916793931538,0.00421596427228145,0.00553103569666282,-2.44897182968804,-14.9570353056964
AT3G01240.1,174,16,100,296,334,556,163,-2.50899482921716,7.32012589322007,-2.91176601483348,0.0264343002088076,0.0318548168246586,-4.45734447573033,-5.69223344329082
AT3G01270.1,766,90,208,2746,2607,3511,164,-3.58406997968659,9.72478050310413,-4.82218173897555,0.00280973866197607,0.00379176987471145,-1.99767638387287,-11.9925785146175
AT3G03260.1,4205,2907,2764,3389,2818,2342,165,0.198309964772063,11.5598811688718,0.84716889883193,0.428904185895093,0.459999739372487,-7.14235874184431,1.14735350803355
AT3G03305.1,2534,2149,2122,89,182,136,166,4.10806487156622,9.08922744164119,14.7265604073349,5.39473263658518e-06,1.61841979097555e-05,4.89806757333941,17.2445057118326
AT3G04100.1,353,325,351,34,13,14,167,4.14407892944676,6.35321564292708,11.2830800824486,2.59969409459975e-05,5.6901467682821e-05,3.21061920453997,17.6803990200805
AT3G05610.1,762,91,249,3381,2670,4269,168,-3.70065335733311,9.87195517451776,-4.98845954553902,0.00237092511349327,0.00324960662520323,-1.80839079066564,-13.0019252267904
AT3G05860.1,282,270,397,270,294,315,169,0.0909769903164079,8.2423221397516,0.465138890572675,0.657986026047354,0.676920875717781,-7.41270605824805,1.06509121601451
AT3G06860.1,7033,6370,6077,1175,987,866,170,2.69296231387031,11.3157904101494,15.9336148939927,3.37337558088157e-06,1.18621157721163e-05,5.38862089002235,6.46639803276552
AT3G07190.1,2838,2069,2372,227,117,92,171,4.14812889889014,9.15896174098994,11.7301034201932,2.07034339271662e-05,4.75921733393404e-05,3.45841661369746,17.7301016069995
AT3G08040.1,239,213,151,19,19,41,172,2.95337049429992,6.15540978466779,8.36560292519415,0.000145948834411994,0.000245537450834295,1.30726270567959,7.74556507570767
AT3G08620.1,2636,2193,2102,329,271,202,173,3.12771394277273,9.60356396228014,14.0981007586979,6.99087242290708e-06,1.99938951295142e-05,4.62430469350884,8.74048867897828
AT3G08840.1,757,640,545,36,66,22,174,4.06129573785532,7.29701603964224,10.2079688745163,4.65897236380015e-05,9.04388752972971e-05,2.57150733717204,16.6944393365368
AT3G09340.1,73,34,81,52,28,43,175,0.550318439621311,5.62360357592001,1.38829953264076,0.213658410988227,0.232638219070937,-6.56449283886205,1.46440889269809
AT3G10900.1,576,674,558,111,51,128,176,2.72628459260164,7.8694829281748,7.59496088176165,0.000251383608591148,0.000405426947690235,0.701041188207169,6.61749221548679
AT3G11200.1,4849,4481,3896,681,453,502,177,3.02908439184022,10.5860725312936,14.8926922098785,5.04636095149068e-06,1.5923765222523e-05,4.96825055967672,8.16291475760712
AT3G11490.1,914,862,683,21,52,51,178,4.37363513529822,7.48274816476297,11.6471847434234,2.15832929450196e-05,4.89906490656793e-05,3.41319382520214,20.7298121120543
AT3G12110.1,8369,9581,9485,781,741,804,179,3.55652067057316,11.3779753842633,25.9760171004724,1.7839087217126e-07,2.26906084722603e-06,8.23943202143406,11.7657441978063
AT3G12700.1,3487,2705,3096,2249,1647,2351,180,0.58163465276805,11.298111379092,2.91413285614396,0.0263521526303779,0.0318452774040341,-4.45401171764872,1.49654395490299
AT3G13280.1,78,53,63,52,35,54,181,0.4598210269368,5.78964556997846,1.92582644110241,0.101677685026606,0.113889626309174,-5.85597180983721,1.37537118633177
AT3G13400.1,1513,100,536,5915,4571,5722,182,-3.62681088871319,10.5771185279309,-3.87962441204782,0.00792710327164132,0.0101212122128992,-3.14726639079695,-12.353182743987
AT3G14205.1,7938,7107,6584,1114,1085,1343,183,2.61166115558058,11.5058151795872,16.3366329426838,2.90581386311693e-06,1.06546508314287e-05,5.54293388725066,6.11207037827843
AT3G16320.1,1192,1326,1176,942,819,833,184,0.510243984826221,10.0099545369548,3.60804155576629,0.0109563259872302,0.0137837649516767,-3.50267440853646,1.4242910476212
AT3G16720.1,2292,1540,1235,258,176,175,185,3.0267631191977,9.1613300450678,10.5464127352373,3.85485503427642e-05,7.72772340983451e-05,2.77966651612595,8.14979132226342
AT3G17250.1,994,911,1012,173,183,314,186,2.17004923936795,8.84026244311499,8.46467534712877,0.000136522467134344,0.000231494618184323,1.38155531857364,4.50038753494153
AT3G18210.1,3096,2853,3120,242,190,185,187,3.88060592877336,9.62076967863653,23.893374054536,2.95607676887821e-07,2.51434761328214e-06,7.78345963510089,14.7291873376641
AT3G19350.1,2165,1840,1847,459,235,379,188,2.49361725724571,9.67947153150191,9.22355812106504,8.36347028757632e-05,0.000150753308965136,1.92555920237647,5.63188258753925
AT3G21580.1,2974,2396,2097,683,527,515,189,2.10900440654715,10.2123268331628,10.4562366158141,4.05223722109545e-05,8.04819336967569e-05,2.72485593161521,4.31393490317892
AT3G21700.1,110,72,66,22,32,16,190,1.7983035663407,5.45095808872562,5.72067685385673,0.00117126444259015,0.00167775353424403,-1.0204941807661,3.47811001389832
AT3G22680.1,251,253,276,60,74,18,191,2.55740774493964,6.7478650529706,4.95694588674287,0.00244776711702338,0.00334424233504149,-1.84396122530733,5.88649043097793
AT3G22810.1,1049,761,811,514,447,376,192,0.966984153278378,9.27489349577147,4.85801848762344,0.00270790476149294,0.00367623779329263,-1.95654544281728,1.95475006151318
AT3G22968.1,37261,28826,34438,291,377,279,193,6.73031873561504,11.6589427011562,35.83217437673,2.53972534317417e-08,2.17291669491327e-06,9.8216532850458,106.176356889284
AT3G23060.1,762,768,747,79,42,40,194,3.86784288015882,7.63583639148192,13.7783717933755,8.01008181538358e-06,2.18874210114621e-05,4.47977817716591,14.5994577444133
AT3G23780.1,5912,5349,5126,350,292,326,195,4.07855534003764,10.3736879700938,27.753349313685,1.19526274521223e-07,2.26906084722603e-06,8.58856083867223,16.8953618025026
AT3G24790.1,1787,1713,1464,1534,1289,1749,196,0.124549955772526,10.6257141436489,0.70672924546714,0.505840530324636,0.531876439973698,-7.25750001884094,1.09016760522597
AT3G25170.1,142,22,71,404,297,378,197,-2.53121412070918,7.21672649178049,-3.92835368038704,0.00748887808994675,0.00964783393569717,-3.08461689177527,-5.78057946525224
AT3G25250.1,364,313,236,1,0,13,198,6.62925390983322,4.91707859560248,7.02882271208837,0.000386296698114035,0.000596119724787485,0.22088103370818,98.9929521124321
AT3G25260.1,30012,28128,27554,68,66,113,199,8.46519780087044,10.5684334542354,35.4812007406664,2.69609088185027e-08,2.17291669491327e-06,9.77783363107263,353.409693424916
AT3G25280.1,1271,1258,1358,849,794,895,200,0.615263420172125,10.0321267111709,4.61107985359128,0.00350493349974999,0.00464079157837267,-2.24374959170627,1.53183766819199
AT3G25420.1,4107,3385,3258,6318,5255,4827,201,-0.607546570198679,12.1037067387501,-3.44975119780675,0.0133001256592431,0.0165384171241023,-3.71454129194668,-1.52366587666183
AT3G25540.1,740,663,802,31,9,27,202,5.1427807747417,6.94781805968584,11.3866391121423,2.46432415205515e-05,5.47769461778062e-05,3.26890917272802,35.328994270932
AT3G25710.1,1242,1011,1223,38,47,101,203,4.32573397896152,8.01046367666572,11.6495818778625,2.15572564719272e-05,4.89906490656793e-05,3.41450584880261,20.0528304099822
AT3G26110.1,109,12,38,463,389,469,204,-3.5248755349714,7.01817165099503,-4.79869720744809,0.00287881633025738,0.00387151161655303,-2.02473090785708,-11.5104755587838
AT3G26410.1,1886,1882,1966,488,512,451,205,1.98193086717291,9.90986031124461,14.9732010439307,4.88696736161085e-06,1.56455895382915e-05,5.00194428242702,3.95021415004866
AT3G26590.1,1889,1250,1330,965,1028,937,206,0.584993563647009,10.2246137012385,2.9643021936772,0.0246741228130343,0.0299016912056263,-4.3834803258058,1.50003229711691
AT3G26990.1,5747,4578,4552,550,459,333,207,3.48905336272017,10.5228942986899,15.1993467750399,4.46956118336069e-06,1.46626732731621e-05,5.09549969156677,11.2281891113501
AT3G27150.1,283,236,216,0,0,3,208,7.26668053361581,4.30000693347457,12.9347621829082,1.16422089614695e-05,2.95532996714227e-05,4.08013801301125,153.988684725489
AT3G27440.1,24,16,31,54,46,108,209,-1.45760461965139,5.30590865350071,-3.72975694537807,0.00946378487480754,0.011976294133606,-3.34209694357988,-2.74651966139041
AT3G27640.1,535,441,456,243,156,79,210,1.7142519745218,8.03955471437486,4.23526362163656,0.00527796989699598,0.00686136086609477,-2.69806361185846,3.28126468543559
AT3G27980.1,390,571,271,142,154,96,211,1.60748346369877,7.81571125992931,4.91688671321866,0.00254954365024823,0.00347223563795711,-1.88938163972815,3.04719845957157
AT3G28750.1,995,211,643,5242,4543,6026,212,-3.34810301157653,10.6803312607036,-5.97291525565644,0.000932512223900375,0.00134696210118943,-0.765413013895428,-10.183086550868
AT3G28980.1,779,125,173,823,922,1530,213,-2.02979739974351,9.02408327757117,-2.88271878439155,0.0274652462079159,0.0328205866941391,-4.49828323796872,-4.08347501282931
AT3G42830.1,248,193,203,168,147,155,214,0.445535031817771,7.52134585616668,2.79822325137633,0.0307178894458989,0.0365040846877857,-4.61773617169633,1.36181906135483
AT3G43520.1,7870,6468,6659,599,426,408,215,3.88669890027506,10.8243054444902,19.3010998758684,1.06959154936351e-06,4.88143377315899e-06,6.55391639123974,14.7915250413317
AT3G43540.1,7142,6276,5971,567,606,574,216,3.46648479270567,10.9208150535502,24.6092368499171,2.47327385482349e-07,2.45309715001692e-06,7.9463561509973,11.0539094361295
AT3G43920.1,12473,11630,10533,1792,1887,1594,217,2.71498209244113,12.1342055565147,18.2758760040732,1.48439134930947e-06,6.18256202770644e-06,6.22707332631478,6.56585137086253
AT3G44370.1,493,324,441,22,109,55,218,2.98942970241755,7.19880704842187,5.30685778759971,0.00173039594863804,0.00242594726132588,-1.45682917709581,7.94160002715635
AT3G45090.1,5179,4540,4420,2067,1721,1472,219,1.43641870340156,11.4810198892833,8.056405774925,0.000180564222484401,0.000297930967099262,1.07020867194014,2.70648183162817
AT3G45870.1,2337,1715,1860,64,23,58,220,5.43592734299296,8.2146214592003,13.4015820516798,9.44014280783619e-06,2.54069437262716e-05,4.30466060516192,43.288963219963
AT3G48950.1,1794,1491,1761,2203,1350,1567,221,0.0051226152913344,10.7093714116497,0.0231982650788231,0.982232954186818,0.982232954186818,-7.53578372045942,1.00355703764276
AT3G49500.1,4496,4134,3793,333,285,239,222,3.86248550709272,10.0813981618333,21.8941969187502,5.00825618461363e-07,3.1138288452163e-06,7.29044773091283,14.5453439532861
AT3G49660.1,2359,1363,1412,467,365,268,223,2.20840596772775,9.5900452906719,7.2299161700195,0.000330581537638789,0.000519485273432383,0.39504153022827,4.62164346439897
AT3G49680.1,8571,7409,7123,834,766,747,224,3.29451204940646,11.2591258962872,22.6137589999251,4.12095436062421e-07,2.89817937820949e-06,7.47471280878725,9.8117607075736
AT3G49730.1,451,562,494,33,32,24,225,4.04424721302629,6.94736132330765,21.9268955024279,4.96340137231233e-07,3.1138288452163e-06,7.29899659712763,16.4983199283263
AT3G49770.1,7,8,0,413,324,301,226,-6.3687542010993,5.24101876769709,-7.48849450948152,0.000271975080668474,0.000435363095547669,0.613111647442762,-82.6391895832364
AT3G50060.1,7027,12691,8688,299,377,398,227,4.68806622176474,10.8211351278621,18.1588723828199,1.54269996942022e-06,6.36363737385841e-06,6.18833252761138,25.7779605316426
AT3G50720.1,17,17,30,2515,2309,2208,228,-6.76190824442216,7.81230289330158,-27.1075525690459,1.37831922507627e-07,2.26906084722603e-06,8.46563432564018,-108.526852932666
AT3G51895.1,14905,9324,7598,71,35,41,229,7.73663999704056,9.44570914040808,21.456699351689,5.6561246267976e-07,3.30999573521975e-06,7.17440644623391,213.285192263615
AT3G53000.1,1649,1725,1677,78,131,198,230,3.72306485689092,8.85646559113853,11.0670859794115,2.9107121071092e-05,6.27485172839119e-05,3.08727143234775,13.2054801801204
AT3G53370.1,973,691,731,268,186,191,231,1.89159556827923,8.68023755852809,8.51108499590852,0.000132349273555384,0.000225308882362142,1.41608653026604,3.71045360599536
AT3G54100.1,3384,2774,2456,353,274,313,232,3.18679340318757,9.881901404056,17.142271150056,2.17881674288406e-06,8.34564627408269e-06,5.838398314832,9.10584816357763
AT3G54800.1,262,40,138,282,405,551,233,-1.80103551672045,7.73898844723819,-2.6204366129823,0.0389879294867632,0.0456379018906144,-4.8705096927515,-3.48470255501699
AT3G55320.1,6360,5459,5152,170,90,156,234,5.38688402672243,9.76686464801995,19.7900557380911,9.20246821735627e-07,4.38650985027316e-06,6.70222328768475,41.8421194743361
AT3G55420.1,7231,6963,7506,75,17,45,235,7.50616191559412,9.0668857814447,14.7382079444077,5.36941766415136e-06,1.61841979097555e-05,4.90301715699214,181.794143748586
AT3G57220.1,2465,1887,2067,420,281,359,236,2.60517991076158,9.75228357931241,12.6597675047473,1.32169297234226e-05,3.31582622885865e-05,3.94376540434427,6.08467375268635
AT3G57270.1,15695,13112,12131,27647,21902,22849,237,-0.823428546648188,14.1394973641075,-4.72733308784452,0.00310077666841556,0.00414402863162079,-2.10743415663226,-1.7696064469404
AT3G58470.1,734,655,540,109,149,42,238,2.84073135648199,7.89918006448188,6.07005905446342,0.000855766740497728,0.00125432333342934,-0.669285961299757,7.16383126310315
AT3G59640.1,963,933,1060,282,138,68,239,2.81975108150695,8.53391679819799,5.70704998315929,0.00118602515917079,0.00169038137303743,-1.03450445956208,7.06040568294233
AT3G59790.1,1214,865,1303,1806,1378,1319,240,-0.420472593057816,10.3281336190126,-1.8738603331623,0.109323607915154,0.121817734534028,-5.927830984214,-1.33836590026467
AT3G61620.1,523,493,478,81,167,114,241,2.09677086683903,7.91350525953325,7.65884451583963,0.000239889743477762,0.000389820833151363,0.753294815199595,4.27750893076843
AT3G61740.1,896,918,906,231,215,213,242,2.04116949434821,8.80536324173817,15.9677097216433,3.33059943418822e-06,1.18422531269433e-05,5.40185084194307,4.11579034486361
AT3G62130.1,1379,895,1036,142,144,111,243,3.03629076789515,8.56719050023121,14.0110814481567,7.25255709622858e-06,2.02035519109225e-05,4.58533043436217,8.20379116915352
AT3G62230.1,412,81,188,3757,2607,4339,244,-4.23272147757479,9.65295820554026,-7.2126958657702,0.000334973596963994,0.00052446596021005,0.380286677128539,-18.8007912793348
AT4G00220.1,3246,2192,1697,14,9,20,245,7.29068879874602,7.51905643713123,20.4770517628819,7.49449823428549e-07,4.01892467813559e-06,6.90288345007467,156.572691597236
AT4G00231.1,1706,1576,1733,280,279,278,246,2.57742394068167,9.41798885333919,20.0234323778675,8.57594527228797e-07,4.27800060675761e-06,6.77137749921735,5.96872977996429
AT4G00540.1,423,357,368,85,150,94,247,1.83489604517658,7.66228972337433,7.47943297661058,0.000273815405282494,0.000436679586863159,0.605578502476714,3.56745701176229
AT4G00550.1,1786,1668,1659,95,100,97,248,4.1157252856834,8.67715725203776,32.0891267834404,4.96014806827831e-08,2.17291669491327e-06,9.31297010382657,17.3363140184222
AT4G00570.1,22920,19221,19607,921,620,963,249,4.64468207775758,12.0023282838387,21.5874741354044,5.45276800271211e-07,3.29470066642746e-06,7.20941978735692,25.0143156453594
AT4G00690.1,111,103,46,50,48,13,250,1.32263112791067,5.69281226667011,2.18351186953828,0.0710088071105527,0.0808031253326979,-5.49382798651565,2.50121856027623
AT4G00730.1,16188,13386,12148,1022,784,933,251,3.92580108615343,11.7903732141547,21.5016949182102,5.58517696334028e-07,3.30999573521975e-06,7.18648525623242,15.1979105457293
AT4G00780.1,124,100,210,2,6,6,252,4.71514087042823,4.75746121682624,10.8237355173094,3.31402345561184e-05,6.83517337719941e-05,2.94535142324617,26.2662961013687
AT4G01840.1,2066,1880,1630,299,152,347,253,2.87766594820775,9.4152163171163,8.7090062633293,0.000116125735597643,0.000203338532944444,1.56145017146598,7.34960109228621
AT4G02700.1,835,621,645,21,6,26,254,5.43394873801568,6.72419904996063,10.4938411195057,3.96853879695453e-05,7.91861927392322e-05,2.7477693285881,43.2296346381541
AT4G03110.1,1023,1240,1414,211,304,309,255,2.16238781518731,9.16676400502288,9.82428735913018,5.81573833940237e-05,0.000108949857973957,2.32718520826289,4.47655159769958
AT4G05470.1,5,1,1,211,85,78,256,-5.29100115224042,4.17382140969393,-9.14397656610938,8.78958199417021e-05,0.000156461853755146,1.8705033077821,-39.1516485855404
AT4G08590.1,1705,1783,1675,1689,1345,1534,257,0.182271699633512,10.6582335718292,1.23452671538616,0.262471999461241,0.283628432667185,-6.7468268590113,1.1346691546006
AT4G09580.1,1341,1067,1149,54,34,18,258,5.15323759660208,7.62947554627211,13.2564098338561,1.0068656590465e-05,2.6178507135209e-05,4.23575502982062,35.5859931943774
AT4G09900.1,2820,2136,2166,45,46,12,259,6.27541835182111,8.06390601786913,12.0087919943053,1.80362912063692e-05,4.27489995996265e-05,3.60801903326159,77.4620808601226
AT4G10160.1,136,83,95,864,550,443,260,-2.52718956366164,7.95536545065097,-8.10542751821046,0.000174492681086144,0.000290144806922309,1.10832807916375,-5.76447637194923
AT4G10640.1,5396,5218,4820,236,162,223,261,4.64593001593416,10.0045737830294,24.6734050923012,2.43466252318517e-07,2.45309715001692e-06,7.96063179311825,25.0359625101485
AT4G11130.1,4279,4129,3814,359,356,343,262,3.52496345808545,10.2284477673963,26.8547054835721,1.45873636134288e-07,2.26906084722603e-06,8.41630923481771,11.5111770706528
AT4G11320.1,187,197,208,2,0,1,263,6.76878070103899,4.24604451742655,17.073104922775,2.2321931269669e-06,8.4516382161732e-06,5.81368530738171,109.045067355433
AT4G11400.1,202,217,227,1877,1857,1562,264,-3.02606931363642,9.26850474219382,-20.5038281752935,7.4357827588126e-07,4.01892467813559e-06,6.91052845294817,-8.14587295352955
AT4G11510.1,838,707,718,619,392,476,265,0.625875049141253,9.24372264575008,3.01005539291698,0.0232441507249219,0.0282485571132903,-4.3193532279971,1.5431465183766
AT4G11940.1,53,24,28,775,410,715,266,-4.16999950535577,7.17057464836647,-10.9167189204914,3.15272723760847e-05,6.63450296907213e-05,2.99995425882288,-18.0009295831986
AT4G12080.1,984,971,987,51,66,21,267,4.53039970743268,7.67385336279506,10.9700445250702,3.06432819045198e-05,6.50790491932622e-05,3.03105812418208,23.1092688049343
AT4G12140.1,213,128,213,211,150,256,268,-0.159262838285538,7.57768516188462,-0.539101548298495,0.608929188953238,0.630991840726906,-7.37132124866712,-1.1167163931155
AT4G12590.1,3570,3340,3997,269,195,240,269,3.95627488842322,9.84627570334361,22.4191393596064,4.34150566991875e-07,2.9421683343704e-06,7.42566180800224,15.5223478829425
AT4G12790.1,1106,983,1265,126,129,145,270,3.05337954762283,8.59364879337163,19.2492130955716,1.08703381618456e-06,4.90881586466502e-06,6.53790016784835,8.30154319487949
AT4G13345.1,434,315,357,2,3,3,271,6.6558352051521,5.1895717694831,33.3804962101762,3.90453714531094e-08,2.17291669491327e-06,9.49923990779339,100.833778807919
AT4G13460.1,17179,14524,13799,4500,3723,3447,272,1.96562077990818,12.8995474786319,11.3620435592467,2.49572096553179e-05,5.51888811450071e-05,3.25511429008004,3.90580731860448
AT4G14690.1,18765,12846,12026,12036,8726,8010,273,0.594913891849394,13.5021985995787,2.37750807790444,0.0543042395439895,0.0626329204202638,-5.21746130980808,1.5103824347577
AT4G15040.1,1869,1633,1474,1968,1443,1698,274,-0.033352832638565,10.706514437005,-0.184193486665827,0.85983714165414,0.869976730588741,-7.51645922975307,-1.02338772389761
AT4G15050.1,33452,28063,30118,15503,13678,13915,275,1.08672743082717,14.3515253703435,7.49200126897427,0.000271266702799685,0.000435363095547669,0.616024841116163,2.12391706225552
AT4G15380.1,73,41,29,1,1,1,276,4.50288712800541,3.25144356400271,13.5659052902021,8.78285310625407e-06,2.38471138138164e-05,4.38168437352873,22.6727444293918
AT4G15900.1,7673,7159,6328,681,614,662,277,3.42944439493122,11.0650340605867,23.6526884241453,3.14243346708162e-07,2.54204718425157e-06,7.72715082670704,10.7737186834931
AT4G16760.1,66017,54424,51597,16284,13692,12726,278,2.00985647079957,14.7942655047085,11.5392694781182,2.27940266676225e-05,5.11970546618327e-05,3.35383872889861,4.0274215047734
AT4G17486.1,876,761,991,309,279,365,279,1.4610564232739,9.03756396513803,8.21411843750171,0.000161850187640994,0.00027122550975776,1.19212018623571,2.75309887376307
AT4G18400.1,486,462,528,29,14,25,280,4.43851644936616,6.72399852780246,15.8503198924652,3.48058872598935e-06,1.21396143369872e-05,5.35616090952048,21.683360360686
AT4G18800.1,4069,3738,3865,576,433,672,281,2.81581144050758,10.5173861988205,14.3002215495255,6.42419813098697e-06,1.87481700557375e-05,4.7138110889992,7.04115177348367
AT4G18870.1,1028,877,1091,1069,1270,1441,282,-0.330379102728372,10.1244767304806,-1.86481859639666,0.110711135102293,0.123044240826123,-5.94028180033556,-1.25734372834065
AT4G19120.1,34561,22350,20455,675,628,694,283,5.23550749267617,11.9973086832622,22.8542476380653,3.86616948545215e-07,2.81116391399825e-06,7.53453945032696,37.6742658282647
AT4G20800.1,10384,9547,9796,18534,16067,17966,284,-0.820536128899608,13.684041655034,-5.98482752787786,0.000922691167461,0.00133727875284044,-0.75356315979859,-1.76606216802501
AT4G20830.1,5076,4651,4861,1529,1831,1520,285,1.58380198027671,11.4550090446055,10.8402902877467,3.28462032005071e-05,6.80725660532249e-05,2.95510729589481,2.99758773593436
AT4G21430.1,1903,1835,1803,40,30,52,286,5.50482765346965,8.09897008325755,24.9994012859628,2.24900365899016e-07,2.41205642426694e-06,8.03235181580169,45.4065227425571
AT4G21630.1,15364,16893,14033,53,51,71,287,8.03432330249888,9.89224572516506,43.7494383292003,7.55317392707288e-09,2.17291669491327e-06,10.640539561465,262.163549786729
AT4G21760.1,2055,1473,1309,39,4,11,288,6.88589258807263,7.18588585753494,9.40074250827435,7.49758090472946e-05,0.000136870732260806,2.04654751158505,118.266083766456
AT4G22430.1,459,418,478,184,149,160,289,1.45635376708436,8.09188255991779,9.66357691502004,6.39667707533886e-05,0.00011879543139915,2.22208960018408,2.74413939239829
AT4G23110.1,20,1,39,1202,1188,1112,290,-6.61798209553253,6.88040622032164,-6.17604699705198,0.000780136451788712,0.00115661545159476,-0.565713675604093,-98.2225311525325
AT4G24640.1,140,6,29,289,196,368,291,-3.1585470151556,6.53053913093277,-3.02854089769816,0.0226920661036115,0.0276559555637765,-4.29349984255944,-8.9292995880306
AT4G24740.1,633,511,522,46,48,75,292,3.30725998571664,7.4593720626038,14.2358675251711,6.59863696790315e-06,1.91271301299355e-05,4.68546606558551,9.89884352319559
AT4G25280.1,460,484,446,69,38,73,293,2.98348543241699,7.36645558335389,11.0058946826812,3.00650987608908e-05,6.44896368421107e-05,3.05188334153543,7.90894593571785
AT4G25530.1,5172,4416,4612,96,71,17,294,6.55912110841261,8.92614816923022,10.5536469133342,3.83950807173748e-05,7.72772340983451e-05,2.78404341016769,94.2957673082311
AT4G26140.1,1730,1762,1677,387,571,574,295,1.77551048144313,9.86348934898732,9.00867496736999,9.57289791293866e-05,0.000169701372093003,1.77586043580209,3.42359128777629
AT4G26410.1,3080,2645,2921,305,322,119,296,3.65728399437548,9.6618649281861,9.16576729459334,8.67046468495178e-05,0.000154984556243513,1.88562311806611,12.6168861732549
AT4G26640.1,3004,2699,2328,142,98,69,297,4.73962563931488,9.00931647759176,16.659526729209,2.58494887809727e-06,9.64298320611938e-06,5.6633825751587,26.7158800971873
AT4G27890.1,1444,1248,1301,1338,1182,1268,298,0.075091438218811,10.3390960382778,0.53488256048571,0.611671995678498,0.632306713605001,-7.37383201359938,1.05342780024426
AT4G29530.1,620,526,724,39,28,42,299,4.07192398334765,7.23801993991284,18.7850154640841,1.25870263169741e-06,5.39959874266485e-06,6.39216180910098,16.8178803756924
AT4G29550.1,132,112,148,76,85,15,300,1.46719287432718,6.29794686896259,2.24514047731779,0.0651915604879581,0.0745791451982241,-5.40623705737439,2.76483401982894
AT4G31060.1,915,898,812,9,29,71,301,4.97324964791608,7.2862060546041,7.31112037533466,0.00031074104865076,0.000491911106535704,0.464224712753927,31.4121252135434
AT4G31080.1,3160,3152,2864,120,98,95,302,4.86660394671891,9.14436275938458,31.4090696803184,5.64806720782198e-08,2.17291669491327e-06,9.2098718305185,29.1738512977614
AT4G31180.1,6743,5180,5717,542,443,262,303,3.87385178345883,10.5763069728783,13.1163827309562,1.07212929258114e-05,2.75854340908346e-05,4.16851368159602,14.6603920891877
AT4G31720.1,452,582,426,52,23,69,304,3.43554853354597,7.19849625751609,8.37473698132796,0.000145049064446145,0.000244984443493686,1.31414534411876,10.8193995746736
AT4G31770.1,168,110,240,5,21,14,305,3.71896664129843,5.50991155897154,6.94318070531649,0.000413243465874767,0.00063541737225905,0.145455605976277,13.168021043505
AT4G32120.1,3251,2434,2961,554,570,473,306,2.42891312627833,10.2686012783054,14.0487355211348,7.13795348787094e-06,2.01459345151094e-05,4.60222772507424,5.3848760101682
AT4G32500.1,2264,1468,1615,190,44,66,307,4.39625146113949,8.57658276884414,8.12416536324297,0.000172234249271239,0.0002875038635695,1.12284459878439,21.0573423665455
AT4G32850.1,6290,6049,5553,473,385,285,308,3.99334430424707,10.5436960264384,18.4938517936059,1.38245156155662e-06,5.81442862654695e-06,6.29843951704865,15.9263559764951
AT4G33830.1,1884,1491,1547,2103,1715,1591,309,-0.133602354259946,10.7399913053152,-0.746158259780294,0.483345792466531,0.513255804376589,-7.22690916976542,-1.09702952492187
AT4G33840.1,11999,9765,9911,12406,10932,11484,310,-0.141157439830076,13.4303318266355,-0.925848462364237,0.389710094562593,0.420064398410433,-7.07067853402632,-1.10278950278985
AT4G34330.1,182,123,148,252,114,94,311,0.0969084783878156,7.18123398385045,0.245837014774059,0.813877504758881,0.827377842515545,-7.50119196155654,1.06947924016538
AT4G35050.1,1327,1059,1148,276,365,154,312,2.22849488461204,9.08276957884184,6.75573992725093,0.000480095276786397,0.000735574549076301,-0.0223119691711595,4.68644803148668
AT4G35740.1,1647,1568,1530,97,130,112,313,3.80469230786109,8.72511675661982,23.7729093675719,3.04769407670562e-07,2.51434761328214e-06,7.7553757449737,13.974185659263
AT4G36220.1,1526,1599,1491,117,95,29,314,4.4629587370451,8.35631141708639,8.68322281426043,0.00011810359122942,0.000205929348370549,1.54268570956011,22.0538516697431
AT4G36590.1,497,397,509,598,541,958,315,-0.540989416563402,9.1341547047719,-2.10293512067232,0.079427841336292,0.0899064483727421,-5.60789777354395,-1.45497001011132
AT4G36830.1,120,99,90,9,51,11,316,2.4877279178328,5.44630739683294,3.94872945923863,0.00731368693035342,0.00945051714795668,-3.05852324030275,5.60893909623741
AT4G38700.1,8448,7060,7616,12604,10586,11365,317,-0.57964094956321,13.1982300963178,-3.85701944478957,0.00814001477144623,0.0103622146497046,-3.17644605903098,-1.49447726462088
AT4G38960.1,575,418,378,46,31,25,318,3.73058563449801,6.95030234052191,13.3395673683582,9.70289831142072e-06,2.55370759239232e-05,4.27532500603386,13.2745001693095
AT4G39390.1,4315,3476,3166,212,206,209,319,4.10852185261751,9.76840829143919,25.0241257793484,2.23560731793947e-07,2.41205642426694e-06,8.03773696736007,17.249968862629
AT4G39650.1,50113,35688,39265,44169,33746,37203,320,0.11356332722251,15.2755886534191,0.584178173132876,0.580062679205854,0.605466884134577,-7.34338529055548,1.08189712795734
AT4G39690.1,3753,3918,3658,573,319,437,321,3.12869813720265,10.3182230956561,13.357177778017,9.62743087465098e-06,2.55370759239232e-05,4.28367050494535,8.74645340119479
AT4G39753.1,42,77,75,120,41,84,322,-0.253659036394374,6.1133610138665,-0.568487113030645,0.590019068901983,0.612876950505933,-7.35333873955988,-1.19222707051573
AT4G39955.1,5112,4391,3920,230,149,99,323,4.87773288484069,9.68034108298257,15.1782009573359,4.5067875989114e-06,1.46626732731621e-05,5.08681907713305,29.3997683967444
AT5G02630.1,1516,1283,1442,30,31,84,324,5.00823439844532,7.95864628139752,12.20372250161,1.64064930019456e-05,3.95414915608689e-05,3.71052528854457,32.1831670315146
AT5G02880.1,14840,13630,13185,849,722,683,325,4.21053348429368,11.6542745364342,27.835538961434,1.17405717492857e-07,2.26906084722603e-06,8.60389789324726,18.5138557884689
AT5G03020.1,560,590,502,199,254,297,326,1.15196924116537,8.52844400294793,6.00055466302573,0.000909905148041936,0.00132321799494912,-0.737945190092794,2.22217007925128
AT5G03240.1,39166,39922,39690,9004,6737,7271,327,2.37868535207583,14.0835932620744,14.8322790223183,5.16993620263492e-06,1.59561340354704e-05,4.94283148209341,5.20062621984859
AT5G03280.1,26532,20456,20121,1769,1027,1279,328,4.06506898433261,12.4048965885168,16.5453258669545,2.69348988611862e-06,9.96126863055939e-06,5.62109914741694,16.738159374323
AT5G03370.1,2831,1857,2128,502,387,406,329,2.37996271821968,9.93771883119614,11.2019127545141,2.71183073340867e-05,5.90545880524021e-05,3.16455042554062,5.20523290764538
AT5G04560.1,12801,12637,11972,814,740,979,330,3.89214509584745,11.6596138547327,24.5395786095871,2.51599707694043e-07,2.45309715001692e-06,7.93079943464472,14.8474687996299
AT5G06020.1,126,96,127,196,170,242,331,-0.792039769662921,7.25888572781789,-3.91315491645555,0.00762259946080711,0.00979070409786303,-3.10412026101056,-1.73152086188329
AT5G06500.1,2303,1898,2217,754,809,807,332,1.4318901423391,10.342719209415,9.9081354341002,5.53695979610256e-05,0.000104182269847719,2.38136051484516,2.6979996148561
AT5G06670.1,4108,3957,3537,592,484,689,333,2.72655468720653,10.5513379380319,15.1511566466241,4.5549235987825e-06,1.46921971720127e-05,5.07569696203907,6.61873122734629
AT5G07430.1,583,27,263,1172,1189,1574,334,-2.99743188973413,8.84590714496576,-2.78543574101027,0.0312451416645114,0.0370280822488271,-4.63585781299939,-7.98577204007773
AT5G07460.1,1252,920,956,165,38,66,335,3.77135743974409,8.12785566676103,7.23021044881918,0.000330507058016879,0.000519485273432383,0.395293420891869,13.6550002910798
AT5G08360.1,445,421,434,24,43,31,336,3.72786095698385,6.8983597479626,16.3001672550184,2.94487720003583e-06,1.07063755831811e-05,5.52915541441831,13.2494535735909
AT5G09490.1,628,536,592,563,551,712,337,-0.0494170987367166,9.21723614250526,-0.298168564351971,0.775477703332759,0.79209508268989,-7.48486907422608,-1.0348467236522
AT5G09900.1,4653,4215,4552,463,415,477,338,3.30640962327078,10.4729673187185,23.9570747641457,2.90892628050439e-07,2.51434761328214e-06,7.7982305863997,9.8930106033758
AT5G10220.1,1029,826,1038,1029,846,928,339,0.0423235041202101,9.88588894132192,0.255879199600558,0.806460885132078,0.821785557533638,-7.49829766285631,1.02977096923753
AT5G10440.1,360,266,419,520,450,620,340,-0.61659205583784,8.73189485333254,-2.72279533045338,0.0339716545485846,0.0400380214322604,-4.72477436088388,-1.53324904867341
AT5G10950.1,4042,3343,3460,1039,719,918,341,2.02913362862362,10.8006141345275,10.6970546088242,3.54938426723093e-05,7.21652061915673e-05,2.87019873863069,4.08159667453582
AT5G11310.1,462,477,564,50,76,67,342,2.95705584154227,7.48741949541004,14.6175404747495,5.63851452409562e-06,1.67980745197015e-05,4.85152528660509,7.7653763221604
AT5G11460.1,794,527,862,43,39,2,343,5.35536656815444,6.79979068882582,5.0968297198051,0.00212677129694639,0.0029337134610611,-1.68714356148752,40.937939023709
AT5G12840.1,1318,1206,1599,319,415,468,344,1.78349435807915,9.52368448755419,8.67727451778041,0.000118565382395165,0.000205929348370549,1.53834945231854,3.44258996825021
AT5G13620.1,148,114,118,141,165,135,345,-0.217591019129157,7.09528762113607,-1.26887135273373,0.250787170914632,0.271686101824185,-6.70715812766681,-1.16279036243023
AT5G14620.1,865,961,989,29,44,10,346,5.25374190096275,7.2462627206732,10.3613713849237,4.27261149620923e-05,8.40802904529248e-05,2.66668799717026,38.1534576267612
AT5G15140.1,45,32,26,166,180,349,347,-2.67063923793688,6.44293414482809,-7.60288944961819,0.000249923248493029,0.000404592730579282,0.707546900681956,-6.36711242332689
AT5G15380.1,121,77,61,15,14,74,348,1.67820886023587,5.55100752548607,2.50922497158293,0.0453412029619339,0.0527137562890777,-5.02926489851019,3.2003037906033
AT5G15470.1,7064,5776,5289,262,166,202,349,4.85455714420376,10.1232649717524,21.9237198902739,4.96773704000041e-07,3.1138288452163e-06,7.29816709721013,28.9312578569918
AT5G17320.1,4546,3389,3062,997,774,602,350,2.22051193365609,10.7092435326277,8.81556302327259,0.000108346642485408,0.000190494711582951,1.63846126227089,4.66058784050734
AT5G19600.1,1875,1547,1552,264,225,300,351,2.65560959814055,9.36235386194542,15.2602417706522,4.36433481166024e-06,1.45139506527306e-05,5.12042110504312,6.30112573556169
AT5G20810.1,1118,830,817,139,201,326,352,2.12067156516455,8.77388289098056,6.33711020676538,0.000679358514051224,0.00101548711682221,-0.410878538785283,4.34896339319438
AT5G21150.1,27654,27935,24124,2665,2688,2068,353,3.43176628411368,12.9785608203308,20.3154265822691,7.86056963624185e-07,4.06287273969609e-06,6.85646152782151,10.7910719847618
AT5G22440.1,4501,4454,4244,1981,1507,1711,354,1.35215998314918,11.4269563071934,8.66521493777681,0.000119508020404869,0.000206729599813261,1.52954975250207,2.55294062231825
AT5G22920.1,16154,23426,28290,352,458,405,355,5.77080754871822,11.5424739856492,23.5103828864364,3.25903485160458e-07,2.54204718425157e-06,7.69348292897289,54.59918642223
AT5G23210.1,75045,67430,60811,5491,4929,4354,356,3.78324516734767,14.1512708653067,23.2164639023241,3.51616555750681e-07,2.64687126923536e-06,7.62304606394471,13.7679815812485
AT5G23340.1,2830,2447,2338,268,199,45,357,4.22575983818749,9.1925067552232,6.46566024232664,0.00060952658485787,0.0009239819961273,-0.289463535911376,18.7102877110669
AT5G24240.1,13080,11066,10360,425,312,623,358,4.71263557816074,11.1263613510873,17.0556656768649,2.24588987562645e-06,8.4516382161732e-06,5.80743539825194,26.2207233063238
AT5G24380.1,775,554,407,373,315,403,359,0.626598484859853,8.8162614727021,2.37438250878008,0.0545382086670512,0.0627262507189409,-5.22192527295929,1.54392051927446
AT5G24460.1,6824,4870,4220,629,400,367,360,3.51991877053117,10.583368852232,12.361992495443,1.52078355462195e-05,3.74951807432653e-05,3.79249824564888,11.4709961032398
AT5G24810.1,21134,18340,16780,1573,1498,1327,361,3.67320943904313,12.3516193611223,23.2157458874751,3.51682196611691e-07,2.64687126923536e-06,7.62287249300554,12.7569314405296
AT5G25410.1,508,537,547,12942,11512,13599,362,-4.57372112105485,11.340532657725,-32.8464911114241,4.30579504943818e-08,2.17291669491327e-06,9.42367767874715,-23.8137203466401
AT5G25950.1,1904,1617,1935,2823,2442,2971,363,-0.593582169997264,11.1216025556937,-3.78622363793745,0.00884902894536384,0.0112314598152695,-3.26831070818168,-1.50898887535883
AT5G26250.1,1129,910,917,928,835,629,364,0.316554235889194,9.78031109689487,1.57198287519165,0.166244362514281,0.18381142143976,-6.3327227145644,1.245352566911
AT5G26630.1,549,496,550,692,474,599,365,-0.130338525768648,9.12060204906614,-0.711962159037206,0.502815440720824,0.529999539070364,-7.25352064085222,-1.09455050541654
AT5G26650.1,3539,3975,3760,55,131,143,366,5.20062074490486,9.27420172007189,13.8512040224809,7.76353899498071e-06,2.14874724441724e-05,4.51302301858733,36.7741666881204
AT5G26700.1,462,167,220,1710,1137,1738,367,-2.54062091289072,9.2820065782555,-6.21957158310247,0.0007513116229642,0.00111914127170709,-0.523570540090018,-5.81839367414377
AT5G27910.1,193,187,224,65,72,148,368,1.17163189546039,7.07027834729707,3.5440393942513,0.0118441848708055,0.0148565686222892,-3.58793357786492,2.25266361513548
AT5G27960.1,348,396,316,191,233,195,369,0.772793463024083,8.07640908631863,4.74060394306646,0.00305807966625298,0.0040997380525704,-2.09199865294084,1.70857486379977
AT5G28530.1,1975,1791,1750,102,45,68,370,4.73703286068581,8.47471207701571,15.6841989032539,3.70644697292977e-06,1.28231108982812e-05,5.29082983885703,26.667910044944
AT5G34940.1,9273,8183,8239,6466,6145,6404,371,0.432233087106864,12.8458818108434,3.22453624117813,0.0176398078822052,0.0217456252340978,-4.02154826676769,1.34932051790627
AT5G35490.1,88,61,36,10,7,2,372,3.19832966254126,4.28062953772345,5.71882855320666,0.00117325421975107,0.00167775353424403,-1.02239308587923,9.17895338782319
AT5G37290.1,656,701,636,157,163,140,373,2.10978074589641,8.3218517413462,15.1754867984717,4.51159177635756e-06,1.46626732731621e-05,5.08570388429456,4.31625693145283
AT5G37420.1,172,146,189,61,79,48,374,1.4377739771382,6.68249840503225,6.40267166987627,0.000642662240286172,0.000967375793272869,-0.348719042612432,2.70902550652765
AT5G37560.1,345,344,348,0,2,5,375,7.04741300135653,4.91368150115904,11.3277393381096,2.54028753085722e-05,5.58863256788588e-05,3.23582309997832,132.276503094548
AT5G38140.1,347,324,358,3,10,1,376,6.27188260631677,5.28908517603748,10.5832963081267,3.7773420479313e-05,7.64377235171004e-05,2.80195109219134,77.2724698533944
AT5G38195.1,2386,2168,2836,2575,2106,2834,377,-0.0223589575777012,11.2691620201317,-0.120799740057581,0.907733553658023,0.911985233066257,-7.52763658610853,-1.01561876598012
AT5G39260.1,73206,58224,61595,106947,87041,94142,378,-0.57964870884858,16.2563557357644,-3.54168481068317,0.0118783287586135,0.0148565686222892,-3.59108080268456,-1.49448530242958
AT5G39440.1,575,650,632,850,1067,721,379,-0.4890219520748,9.5186777840495,-2.61940708772353,0.0390422144378915,0.0456379018906144,-4.87197774441243,-1.40349308145365
AT5G39560.1,181,146,181,464,330,487,380,-1.31575000837725,8.06296221259988,-6.36832159408838,0.000661598065881166,0.000992397098821749,-0.381224840754681,-2.48931708206509
AT5G40600.1,708,597,636,68,60,60,381,3.34626464059666,7.66313203093298,23.0571804354327,3.66533592682178e-07,2.71108467690784e-06,7.58435995374255,10.1701188979265
AT5G40680.1,2340,1610,2616,9120,6648,8008,382,-1.8736520501369,12.0036087606907,-7.89782737402518,0.000201936816017409,0.000330652267448352,0.945477287867778,-3.66459064443039
AT5G41260.1,1583,1614,1644,147,205,267,383,3.00283461833785,9.15543167025891,12.7062310855953,1.29343127991133e-05,3.26401187695272e-05,3.96702770642531,8.01573391366652
AT5G41610.1,7668,7481,7004,981,956,978,384,2.9236936539196,11.3875532864279,22.779517583542,3.94332884627816e-07,2.81948012508888e-06,7.51604077314875,7.58786312101888
AT5G41750.1,2533,1336,1579,24,34,37,385,5.76554222737845,7.88979335374365,19.4510445737622,1.02098469501022e-06,4.7515666406004e-06,6.59989752275767,54.4002820889276
AT5G41830.1,919,777,842,16,5,13,386,6.22957498428119,6.60804758015029,15.6609893835407,3.73933820429781e-06,1.28334087171501e-05,5.28163851148351,75.039327025035
AT5G41850.1,1261,810,718,193,107,206,387,2.4688716525964,8.58386492691484,7.31827784201214,0.000309058830440739,0.000491060141700286,0.47029157185742,5.53610633012169
AT5G42670.1,660,579,674,47,35,85,388,3.58866899553175,7.5213852500544,10.9154487361364,3.1548685447336e-05,6.63450296907213e-05,2.99921151945542,12.03086939415
AT5G42690.1,3242,3587,3838,15,15,8,389,8.06955577559324,7.75808622161072,30.7408635709465,6.43444928551944e-08,2.17291669491327e-06,9.10500916099755,268.644739091685
AT5G43780.1,4966,4110,4372,518,308,456,390,3.41691206992069,10.4174907387338,14.8596778423373,5.1134618757235e-06,1.59561340354704e-05,4.95437410815882,10.6805354440583
AT5G45980.1,263,223,319,457,377,283,391,-0.459172065173096,8.28747841135435,-1.93647032585004,0.100178673359244,0.112504321652135,-5.84119376768393,-1.3747526477172
AT5G46230.1,489,427,311,63,104,34,392,2.70665953655163,7.30117261314618,6.42184202573405,0.000632364206357602,0.000955226213124688,-0.330636868753326,6.52808361660806
AT5G46540.1,21487,20098,18396,8573,7700,6569,393,1.39833405301202,13.5852538392804,8.6199596272081,0.000123123269559107,0.000212128042734365,1.49642729286864,2.63597018618085
AT5G46810.1,15644,14260,15463,20387,17531,19659,394,-0.34209460459139,14.0543231319236,-2.45810805379273,0.0486197449860138,0.0563726232405403,-5.1023041998229,-1.2675956417739
AT5G47620.1,4977,3902,3995,345,271,337,395,3.75102954168105,10.1831716058969,21.1016395630195,6.25425840741269e-07,3.57743580904006e-06,7.07790581861429,13.4639474113988
AT5G47770.1,7035,6612,7225,1027,912,898,396,2.87944586281613,11.3238138996389,21.0133038382671,6.41429136690866e-07,3.62069867947871e-06,7.05356541060948,7.3586742054542
AT5G47790.1,5160,4440,4602,358,240,240,397,4.10161459739736,10.1553468674597,19.9445648954352,8.78196061168828e-07,4.28695853565722e-06,6.74812312961597,17.1675778104417
AT5G48650.1,13611,13592,12604,534,447,426,398,4.82534464899295,11.282286412152,32.035216444024,5.01098028100461e-08,2.17291669491327e-06,9.30492686389043,28.3513327224616
AT5G48670.1,306,269,272,97,103,72,399,1.64223115406818,7.32277361741286,8.90021460899071,0.000102593186209334,0.000181121304048578,1.69903106526265,3.12148201631119
AT5G48970.1,1597,1560,1626,162,181,201,400,3.13452359113228,9.07217322129333,21.7233803758497,5.25037780281921e-07,3.21773153915635e-06,7.24551028489798,8.78184207868734
AT5G49160.1,1658,1616,1442,263,268,341,401,2.43878290737325,9.39729445262028,14.7384336443204,5.36892848655022e-06,1.61841979097555e-05,4.90311302393842,5.42184138261609
AT5G49810.1,26606,23770,21851,2299,2120,2211,402,3.44094273117245,12.8301656061186,23.9885786896585,2.88593089703498e-07,2.51434761328214e-06,7.80551550342006,10.8599287377243
AT5G49830.1,16454,15561,15361,1356,1235,1103,403,3.68428807151482,12.1042081991245,25.5136413966863,1.98855329091228e-07,2.41205642426694e-06,8.14281354163287,12.8552705803289
AT5G49890.1,6128,5634,5311,848,742,1032,404,2.71240387763473,11.1160231664696,15.5958626444568,3.83345638325625e-06,1.30520062572772e-05,5.2557632252236,6.55412813225238
AT5G49900.1,9011,7490,6728,335,415,396,405,4.33299942420981,10.7417504914592,24.5837249527899,2.48882234422488e-07,2.45309715001692e-06,7.94066583018121,20.1540716355187
AT5G50470.1,40,17,5,1341,1123,1021,406,-6.13644508352573,7.10570237735671,-9.17469640849933,8.62219313852132e-05,0.000154766563030362,1.8918089694824,-70.3483696398013
AT5G53150.1,3546,3269,3036,2235,1933,1800,407,0.725743570087262,11.3157581244524,4.71778003232743,0.00313192841692663,0.00417266239397989,-2.11856132059035,1.65375276667392
AT5G53250.1,1362,2145,2122,2146,1358,1635,408,0.12649987129973,10.7807143521725,0.478064423245811,0.649267682834987,0.669557297923581,-7.40587992872258,1.09164204845649
AT5G53870.1,5556,4099,3627,7056,5676,5478,409,-0.469663916454062,12.3236511115176,-2.19267248106421,0.0701113958725763,0.0799941192269554,-5.48082486527733,-1.38478683701374
AT5G54095.1,100,4,11,1238,939,1269,410,-5.96566270733494,7.17119871312091,-5.6468333445574,0.00125383939859709,0.00178111623178196,-1.09670231512274,-62.494733285573
AT5G54350.1,35,62,21,3296,2412,2256,411,-6.15236817716615,8.27839626977625,-15.372437462503,4.1778945956846e-06,1.40024748558492e-05,5.16604142026116,-71.1291085350053
AT5G54650.1,6318,5694,5463,1320,1005,977,412,2.41372748311735,11.2987037402269,13.8235459760989,7.85611290381696e-06,2.16043104854966e-05,4.50042095797009,5.32849268335626
AT5G57900.1,5326,4451,4658,126,139,134,413,5.16345558574787,9.64665555979659,36.106138330969,2.42497313738492e-08,2.17291669491327e-06,9.85534545450737,35.8389281527643
AT5G58030.1,2152,2109,2300,119,116,89,414,4.33803224815476,8.92538559458458,25.9837372423661,1.78070578185132e-07,2.26906084722603e-06,8.24102404106243,20.2245016427652
AT5G58550.1,1925,1880,2061,120,110,171,415,3.88632029346932,8.98967476617693,19.2102903016587,1.10033519894745e-06,4.91712292029643e-06,6.52584993507357,14.7876438071649
AT5G58760.1,515,464,430,240,125,218,416,1.3196339670589,8.21480242330647,4.82185646192101,0.00281068256447142,0.00379176987471145,-1.9980505631868,2.49602773852868
AT5G58840.1,16731,14787,13133,21251,20379,17667,417,-0.411849398277674,14.0604181493833,-2.53825751464259,0.0435835683851759,0.0508080185794578,-4.98779381067574,-1.33039015552197
AT5G60440.1,961,1163,972,1401,1590,1285,418,-0.465533086736725,10.2397880171882,-2.89796467816258,0.0269188424552434,0.0322709805231637,-4.47678737357111,-1.38082748534872
AT5G60760.1,1885,1586,1727,2154,1789,1700,419,-0.114431858705906,10.8132452212442,-0.711954125559347,0.502820075528294,0.529999539070364,-7.25352676897004,-1.08254864792185
AT5G62140.1,478,335,300,28,34,54,420,3.25373173989248,6.88307377847864,10.756933095591,3.43580653977114e-05,7.05244500268812e-05,2.90583164217316,9.53829722710839
AT5G63740.1,146,156,192,479,553,582,421,-1.70707823462071,8.21578916097571,-9.99036845306101,5.2784411598646e-05,0.000100093121345618,2.43406251200293,-3.26498923398781
AT5G64400.1,6562,5812,5396,793,727,680,422,3.01028268587133,11.0225749513869,20.0588079666839,8.4853659301278e-07,4.27800060675761e-06,6.78177007761516,8.05722300155011
AT5G65160.1,2071,1701,1776,81,62,39,423,4.96276385079861,8.36696859973443,17.5149977119135,1.91546024679286e-06,7.47029496249216e-06,5.96954557733739,31.1846432764445
AT5G65870.1,1071,731,658,13,1,13,424,6.77707127987822,6.26010558797751,8.6076302477828,0.000124129951515345,0.000213006996800332,1.48737582513986,109.673508764547
AT5G66100.1,1527,1167,1050,208,218,145,425,2.71094319677196,8.91279518190667,11.586957680675,2.22495530503225e-05,5.02371487294124e-05,3.38013812712247,6.5474956531222
AT5G66250.1,2069,1857,1813,51,138,68,426,4.59066777721836,8.60463563782344,12.5273258866417,1.40626211636987e-05,3.50747934838764e-05,3.87695650473858,24.0950982252508
AT5G66750.1,1486,1296,1340,386,351,265,427,2.05244713597523,9.39652483808191,10.9705776637498,3.06345898551714e-05,6.50790491932622e-05,3.03136832479103,4.14808982666873
AT5G66910.1,4405,3524,4111,207,195,60,428,4.88279965708303,9.52336212848124,9.98453854292601,5.29630269124831e-05,0.000100093121345618,2.43034010305693,29.5032024637259
AT5G66985.1,667,1155,704,16,13,17,429,5.65178888583688,6.84747536450186,22.1874164291358,4.62223415842763e-07,3.05067454456224e-06,7.3665045806259,50.2756835274157
