AT1G02790.1,79,114,20,1876,2349,1205,1,-4.91631219985761,8.31140128946564,-8.46761996031773,1.82987547647649e-05,2.96232671474874e-05,3.28945290394654,-30.1965578704068
AT1G02940.1,7876,9403,7108,1056,1145,1071,2,2.8878933743268,11.5353600806959,13.0468432430236,5.65288026322564e-07,1.35479644297419e-06,6.89073942494917,7.40188835061665
AT1G04540.1,2823,2553,1904,888,1343,729,3,1.32584425999289,10.5629586917884,4.50446282565611,0.00164724577345711,0.00219462247457484,-1.49114873021258,2.50679541583727
AT1G05160.1,10301,11273,9451,4206,3830,3413,4,1.43947461153932,12.6128468911765,6.57226983642641,0.000124472134831214,0.000180400492711456,1.25518916137536,2.71222076143993
AT1G06470.1,3328,3063,2939,116,86,111,5,4.89433701309974,9.15405621904645,21.5735289632704,8.3436481314959e-09,1.11133165567219e-07,10.9006700301799,29.7400880396979
AT1G07690.1,70,173,102,77,70,64,6,0.607224663713748,6.45611804898867,1.83181273254789,0.101651556693467,0.113563848493483,-5.68549993624817,1.52332594119597
AT1G07705.1,2989,3416,2514,463,508,457,7,2.63069345230247,10.2115822692513,11.6932494026212,1.38862540969116e-06,2.86403990748801e-06,5.97674729578095,6.19323612764472
AT1G08030.1,9029,10280,7824,481,499,237,8,4.5428623007053,10.862594945086,14.0677424028349,3.03101184887969e-07,8.66869388779591e-07,7.51514667147247,23.3097608955978
AT1G08065.1,185,222,135,125,121,135,9,0.477347149988511,7.23716694243197,1.90046352416295,0.091244397432391,0.102470802352083,-5.5843580637338,1.39218134660857
AT1G09380.1,915,2675,1194,236,257,230,10,2.56538051528965,9.19993010622401,6.77653135804826,9.93878762987461e-05,0.000146018489493706,1.49473493615479,5.91911101501043
AT1G09550.1,1810,2032,1464,1840,1944,1528,11,-0.00718358749325176,10.7798085537815,-0.0303692483439158,0.976463720935853,0.976463720935853,-7.25735520057791,-1.00499170065001
AT1G10010.1,1627,1764,1161,1753,1635,1235,12,-0.0290404291538451,10.5600974831867,-0.110703392870751,0.914384857442845,0.920824187424837,-7.25106726957715,-1.02033325200774
AT1G11420.1,424,610,468,92,89,51,13,2.70944669592679,7.59854055648966,9.15377141401964,9.93399766859701e-06,1.67782874008981e-05,3.93274477653863,6.54070748765737
AT1G11580.1,25086,30891,22492,132,78,64,14,8.20178515654027,10.5613695771724,26.6951861966953,1.36228982582705e-09,6.3825117686807e-08,12.4160465639028,294.430875335018
AT1G14580.1,620,1517,1194,79,83,69,15,3.74189063396432,8.15212149518586,11.0965655808152,2.12649366727553e-06,4.12789947177015e-06,5.53850133932285,13.3789281469965
AT1G17770.1,1699,2262,1795,2224,2738,2118,16,-0.300759836261854,11.045683763142,-1.27848127238511,0.23441186556103,0.250779776373272,-6.42713727866641,-1.23179300125227
AT1G17860.1,3100,3869,2569,444,340,320,17,3.10215645457513,10.0636512079543,12.1510671500403,1.01439421368869e-06,2.22028121261453e-06,6.29777050438345,8.58701346832714
AT1G17950.1,3374,2819,2837,4,7,1,18,9.44362733776164,6.82912303384327,20.8453180819051,1.11627419187882e-08,1.2279016110667e-07,10.6433086354227,696.329984353965
AT1G18250.1,648,931,643,456,520,379,19,0.702044055033502,9.16137053607259,2.76660786140906,0.0227532406493931,0.0267428499687387,-4.22166675294514,1.62680807272938
AT1G18350.1,262,526,467,245,140,114,20,1.3411289839435,7.97974979486589,3.63291907620543,0.0058643540108594,0.00731339497284501,-2.82622094894854,2.53349500407932
AT1G19140.1,3116,3676,2602,115,187,159,21,4.35390585184674,9.42178557315422,16.3399961866769,8.69414306850866e-08,3.48578259475721e-07,8.73802989260416,20.4482553446833
AT1G19640.1,4769,11634,9714,166,117,72,22,6.17192784031413,9.90468788706237,15.0117017983877,1.76602543276794e-07,5.65391724371228e-07,8.0490700186702,72.1000242863315
AT1G20140.1,3514,4737,3061,726,606,530,23,2.58856590457349,10.5622603892799,10.078268318445,4.62101936397108e-06,8.15809591417116e-06,4.73360002883322,6.01500486626977
AT1G20690.1,2145,2541,1826,562,663,474,24,1.93687644924784,10.1030429735057,7.92358048326867,3.05785529801195e-05,4.735811995838e-05,2.74650836146949,3.82875792829367
AT1G20730.1,12879,15022,10092,46,39,15,25,8.65076026102854,9.2842191127026,21.3883078494845,8.97664894390799e-09,1.11133165567219e-07,10.8363496713502,401.918802598573
AT1G20910.1,1017,1270,862,572,697,483,26,0.842716372672822,9.59747078375013,3.30797783885262,0.00966377033191171,0.0118450213496861,-3.34509790210094,1.7934237056659
AT1G20940.1,886,1483,1036,124,133,106,27,3.1909751294047,8.51993438520935,12.1810857427009,9.94092241492262e-07,2.18700293128298e-06,6.31837927565587,9.13228022443354
AT1G21790.1,1351,1761,1071,83,51,24,28,4.83778450165527,7.99776336105916,11.3487239695653,1.77173122528773e-06,3.55174156845063e-06,5.72654309929674,28.596853305199
AT1G22015.1,1849,2038,1446,1256,1397,1337,29,0.405008280504862,10.5794308003982,1.76056086732551,0.113624002228126,0.124986402450939,-5.78873734743575,1.3240965101693
AT1G22040.1,2797,2959,2617,120,77,106,30,4.79669288236277,9.04692392202738,19.6357578437569,1.85127444184009e-08,1.41366824289669e-07,10.1878551835292,27.7938326071735
AT1G22180.1,1813,2088,1886,64,64,24,31,5.34894746978815,8.23733767350462,14.2152932329479,2.77953943517743e-07,8.05690822764269e-07,7.60123083418032,40.7561952027506
AT1G22420.1,256,218,164,592,673,567,32,-1.53716879073056,8.4841623363789,-6.23911172654453,0.000181611886765336,0.000258842190771858,0.852877428189592,-2.90224394911578
AT1G23320.1,103,112,68,246,217,139,33,-1.07223047865737,7.0791629517735,-3.51525509880666,0.0070166167003367,0.00872501033172303,-3.01309083229338,-2.10268170658862
AT1G23360.1,1060,1328,826,29,93,60,34,4.24228702150439,7.91854910570188,10.3790711484227,3.6491873702664e-06,6.52292242435119e-06,4.97930678897573,18.9258608943313
AT1G27000.1,5930,7032,5220,341,415,338,35,4.04688696853429,10.5312547163216,17.5048352009068,4.87708672210771e-08,2.40490828021174e-07,9.28920826999396,16.5285351837682
AT1G27130.1,10761,11451,9222,333,216,283,36,5.25099609484761,10.7238322622315,21.2235495231068,9.58491171558769e-09,1.11133165567219e-07,10.7784889609883,38.0809112025361
AT1G27600.1,5599,6306,4794,137,120,56,37,5.81366224046382,9.52692368963774,16.6942570036343,7.26312650001534e-08,3.05938882955628e-07,8.91059434821881,56.2453623573593
AT1G28460.1,266,290,162,545,825,496,38,-1.38185257502489,8.55569276378808,-4.43848691348827,0.00180654750958281,0.00238464271264931,-1.5887739959084,-2.6060279824019
AT1G29080.1,772,853,525,1275,1319,1060,39,-0.787869305362602,9.85104660362718,-3.03312719851845,0.014879737666559,0.017930919828522,-3.78931557614338,-1.72652270330297
AT1G32120.1,7671,7867,6960,1722,1817,1257,40,2.24549580987167,11.7480011307019,9.4866791961804,7.48678731188546e-06,1.28989227180677e-05,4.22941796553868,4.74200048334499
AT1G34170.1,820,865,813,501,415,314,41,1.04571844009721,9.17992298354165,4.26909410128314,0.00229639542979114,0.00299438796164256,-1.84216205423111,2.06439413942546
AT1G34180.1,569,786,559,214,186,270,42,1.50902820022453,8.54692621705592,5.91628120566418,0.000265385591578804,0.000375743956393752,0.448851131628624,2.8461825559887
AT1G34650.1,682,1032,683,1810,1769,1541,43,-1.11882423459817,10.1748183913128,-4.46889830951481,0.00173115207149422,0.00229217357614512,-1.54369884641264,-2.17169911561617
AT1G35660.1,6727,8182,6333,688,688,586,44,3.42978008011799,11.0662023862319,15.26664641884,1.53460352600311e-07,5.10434865655885e-07,8.18670755617412,10.7762257958417
AT1G43020.1,109,108,83,0,3,0,45,5.98062048702678,3.65697691018006,11.8286846956782,1.26400634207081e-06,2.65813098406067e-06,6.0730481301605,63.1460456572451
AT1G43800.1,870,801,437,122,71,30,46,3.37404619249551,7.7092350353039,6.85000755144577,9.17676419137997e-05,0.000136222554951627,1.57961395424598,10.3678596783366
AT1G44130.1,4112,4730,3581,3499,3205,2831,47,0.377716985680259,11.8179596484925,1.65928572745662,0.1329018513582,0.145446158756805,-5.93210015054614,1.29928415613008
AT1G44750.1,4763,5198,3984,202,173,121,48,4.82777446534216,9.76022614953668,18.273328972697,3.396783087583e-08,1.86784482575985e-07,9.62862152928683,28.3991228472852
AT1G47490.1,922,1152,733,582,533,507,49,0.768089065493514,9.46295542996683,3.13776195815039,0.0126140616486122,0.0153298369610613,-3.61982169648565,1.70301254857653
AT1G48910.1,738,929,753,1103,1126,824,50,-0.328702797557787,9.8139974565823,-1.37729525304523,0.203109433080155,0.218929514551222,-6.30629915103191,-1.25588363614079
AT1G49290.1,534,682,668,3363,3912,2871,51,-2.42428738958631,10.5004767781998,-10.2861379217375,3.92283057177471e-06,6.95410874087334e-06,4.90413338746839,-5.3676380441491
AT1G49600.1,1542,1921,1528,892,785,789,52,1.01055898275367,10.1874830615249,4.56396771040815,0.00151648051441451,0.00203303168963695,-1.40361945718556,2.01469155589726
AT1G52460.1,90,81,48,0,0,0,53,6.160018829644,3.080009414822,22.1558276205987,6.65587528562474e-09,1.09821942212808e-07,11.0980024542864,71.5073101235385
AT1G53520.1,1214,1687,1052,209,208,252,54,2.53451042792824,9.06878795544456,9.97125142528295,5.03332454468778e-06,8.81345399865737e-06,4.64449269474485,5.79380218388202
AT1G54570.1,368,430,365,20,7,43,55,4.31432395400583,6.4410783241416,8.15568350174398,2.44814579633645e-05,3.86122995083947e-05,2.98187820051928,19.8948615484408
AT1G55050.1,1056,1097,739,106,112,102,56,3.14321899496821,8.32099165615062,13.0635830011671,5.59341472914249e-07,1.35479644297419e-06,6.90140275293322,8.83493178057252
AT1G55560.1,142,123,29,4696,5917,3892,57,-5.8780420820084,9.27934045526213,-10.8040775432214,2.64011150827449e-06,4.92397675518856e-06,5.31496557540896,-58.8121400104501
AT1G55920.1,4625,5287,3612,121,66,76,58,5.69980816095359,9.27110843671531,19.4784957391103,1.9814653120977e-08,1.44076037099986e-07,10.1259089631052,51.9772413534379
AT1G57590.1,605,477,338,2,0,0,59,8.32140658462296,4.6890241258852,18.6605448170225,2.84634179177334e-08,1.73063545817662e-07,9.79288572658086,319.884346226508
AT1G57820.1,7460,10109,7348,2723,2940,2334,60,1.62972400481662,12.189131632907,6.83743702007731,9.3024536162566e-05,0.000137612158668072,1.56514042288652,3.09453792899976
AT1G59800.1,100,192,171,32,69,64,61,1.4936294417967,6.47882970400897,4.055859028117,0.00312448337403857,0.00403735954054983,-2.16654868944479,2.8159650764293
AT1G59890.1,2968,3697,2987,2283,2462,1712,62,0.589132678744765,11.3498521006876,2.42974589492001,0.0391147653485794,0.0454748897955029,-4.76438104440672,1.50434209319851
AT1G59930.1,222,527,408,31,62,44,63,3.01737267746364,6.99839734534168,8.00905386564666,2.81575403330111e-05,4.40860759228531e-05,2.8338456907782,8.09691693636824
AT1G60220.1,3190,3746,2902,556,632,470,64,2.56915451861798,10.3869700781027,11.0173953933791,2.2536139162393e-06,4.27787774365779e-06,5.47857820812665,5.93461532322334
AT1G60400.1,204,365,308,698,630,552,65,-1.13171251496628,8.72140391271443,-4.13315330489227,0.00279238224246619,0.00361912985503926,-2.04828504178742,-2.19118685280997
AT1G60440.1,4096,4377,3297,137,72,66,66,5.47311529799425,9.19137038436911,17.3810123953665,5.17706951912683e-08,2.51466466451226e-07,9.23278210934009,44.4193167909149
AT1G60970.1,185,321,193,15,32,17,67,3.418556470203,6.11405127536842,9.84716535364306,5.56316090433957e-06,9.66233209701083e-06,4.54003264852786,10.6927161808755
AT1G61330.1,1404,2516,1755,1210,1135,731,68,0.874830312773858,10.4065585255479,2.85385685552146,0.0197891573251759,0.0235820791458346,-4.08017039952025,1.83379238632377
AT1G62340.1,3842,5696,4052,1718,1561,1386,69,1.52483125734555,11.360510508654,6.20705060491999,0.000188472024241997,0.000267730127151711,0.813385310591482,2.87753057430447
AT1G62660.1,7691,7577,7619,878,763,605,70,3.36399919585906,11.2154403201469,14.5685862364666,2.2665150308425e-07,6.84742921289741e-07,7.80332763153521,10.2959082395926
AT1G63010.1,10281,10340,8300,278,287,200,71,5.24596426857315,10.6046814691034,21.4604596333908,8.72391654240006e-09,1.11133165567219e-07,10.8614961047107,37.9483240981398
AT1G63090.1,10068,10744,8258,244,270,151,72,5.47801585099145,10.4945794234291,19.5276769543678,1.93968589477979e-08,1.43469870493195e-07,10.1453518926212,44.5704570774524
AT1G64630.1,4563,5479,3931,480,501,370,73,3.36679294871185,10.4889671458031,13.8068149993714,3.54002876673855e-07,9.79788607052154e-07,7.36042107338791,10.3158653967778
AT1G64750.1,2853,3484,2533,269,238,208,74,3.62262394408663,9.70632581774747,15.3670604497626,1.45288488774778e-07,4.98630093475038e-07,8.24018866780185,12.3173836942381
AT1G65300.1,2976,4832,3651,2371,2795,2020,75,0.65697576311627,11.5424513969919,2.49262486381448,0.0353459833183941,0.0412049642488888,-4.66377484633581,1.5767738585187
AT1G65360.1,376,628,586,713,639,619,76,-0.341759716977565,9.18839772957478,-1.30544018052574,0.22549243699248,0.241840638674435,-6.39476111641031,-1.26730143350224
AT1G65860.1,106,79,115,28,58,119,77,0.757953812106049,6.26148178608567,1.62897917481189,0.139227974981784,0.151981682613703,-5.97416523003816,1.69109043361382
AT1G66630.1,638,761,681,1432,1442,1066,78,-0.910691900704428,9.89099502950704,-3.91708161099603,0.00383110763604143,0.00490610500257245,-2.38074384830338,-1.87994688415192
AT1G67500.1,3746,4055,3197,608,737,650,79,2.45867575522681,10.6041009299909,11.0260958558998,2.23924006876995e-06,4.26948439778803e-06,5.48518445940918,5.49711916947961
AT1G67820.1,2391,5794,4710,3651,3602,3380,80,0.184574649818488,11.8831834206774,0.552944545612881,0.594341477637007,0.609982042837981,-7.09105162282766,1.13648185457454
AT1G67830.1,14598,16334,13218,21271,20206,16888,81,-0.401148564083156,14.0404363445095,-1.78900257983431,0.108695333207904,0.120491725959149,-5.74775053968678,-1.32055882090256
AT1G69530.1,22053,22402,14881,79,62,62,82,8.15498330122172,10.1696542979066,31.8995734597523,2.97351871127463e-10,3.26465584240232e-08,13.5559072787561,285.03263507705
AT1G69860.1,463,712,589,350,392,233,83,0.865410987891362,8.74739797466121,3.04478366051026,0.0146077096875252,0.0176526970590093,-3.77041785572288,1.82185859541175
AT1G70560.1,79,83,63,79,57,64,84,0.170656204874247,6.15275373678492,0.713126821006226,0.494609787287364,0.511295418665733,-6.98354005471221,1.12557033006536
AT1G70890.1,13773,14472,12355,9,20,5,85,10.2881508256071,8.577144752266,24.8254967835056,2.52965915504278e-09,6.78264860945845e-08,11.9164532285536,1250.37994229166
AT1G71100.1,2291,2600,1504,98,113,37,86,4.78420521221967,8.62882732200582,11.1738745302104,2.00999101254096e-06,3.93737965470353e-06,5.59660498010368,27.5542931333514
AT1G71210.1,2186,2653,1896,332,308,249,87,2.91385614806401,9.66246996724458,12.0777085299133,1.06597180879395e-06,2.30960558572023e-06,6.24718310113906,7.53629870518033
AT1G71270.1,10139,11431,9610,611,530,437,88,4.31142937069774,11.1839623363815,18.629622841243,2.88643872973166e-08,1.73063545817662e-07,9.77992835365468,19.8549850670456
AT1G71850.1,2000,2425,1501,210,177,204,89,3.29574188845383,9.27330851728659,13.0947459262743,5.48455473175125e-07,1.33686021586437e-06,6.92121448909788,9.82012840194214
AT1G71940.1,6856,7463,5691,307,322,332,90,4.36741992059467,10.510895047784,19.8045871846336,1.72201045243001e-08,1.39385374357071e-07,10.2536364650334,20.6406989579457
AT1G72540.1,132,77,63,93,174,107,91,-0.473334270436666,6.68356202000615,-1.35371667604386,0.210235373818673,0.226042544782484,-6.3356668442233,-1.38831435225983
AT1G73500.1,4033,4878,4079,101,112,74,92,5.50109852617176,9.32435692804673,22.4105355162962,6.04025537318512e-09,1.03650782203857e-07,11.1820585928156,45.2893059736722
AT1G73560.1,5413,7072,4726,3336,3152,2085,93,1.01464199971781,11.9584439559874,3.66505221650889,0.00558570191082023,0.0070066260811166,-2.77541736020777,2.02040147442854
AT1G74000.1,1147,1243,1077,868,1041,684,94,0.437169017539329,9.9546885444166,1.81762846666397,0.103936614167606,0.11581508435819,-5.7061978222684,1.35394488986273
AT1G76250.1,13940,16956,12230,160,183,150,95,6.43400364404144,10.5812963465196,27.7078629013831,9.91457067085074e-10,5.38342990529943e-08,12.6647297477229,86.4625598020712
AT1G76290.1,1670,1826,1325,1685,1489,1052,96,0.204615613161316,10.5358995256864,0.773823923903007,0.459720221620611,0.476376751389474,-6.93646328203911,1.15237926981621
AT1G77000.1,1638,1687,1205,93,44,57,97,4.57709685885728,8.2566894104736,14.6086099810685,2.21536784209343e-07,6.74037449828428e-07,7.82587231693198,23.8695069109492
AT1G78830.1,15543,16055,27577,150,150,86,98,7.24212410870908,10.5943130458542,22.0434361187301,6.94950020802632e-09,1.1041983663864e-07,11.0604804370818,151.389790868956
AT1G79530.1,16530,19975,13240,482,571,418,99,5.06834459933116,11.4630246827701,20.1298242003606,1.50036886365156e-08,1.3135882500133e-07,10.3782950658815,33.552412523472
AT1G80190.1,1183,1389,1047,191,289,158,100,2.53533032958561,8.96025001346629,9.0315415031612,1.10448044495066e-05,1.85086762063998e-05,3.82135653611298,5.79709581002975
AT2G02960.1,6228,6579,4693,267,214,176,101,4.73445708736732,10.1278577403937,18.3755643626067,3.24075145609942e-08,1.85370983288887e-07,9.67241907744551,26.6203399029341
AT2G03040.1,939,983,816,684,755,577,102,0.445365145160093,9.60839200076993,1.97394577672298,0.0812269402681286,0.092186130621765,-5.47444686231949,1.36165870780754
AT2G03090.1,4245,4961,2722,491,500,432,103,3.02339047652681,10.4014967426838,11.0265165080421,2.23854769872925e-06,4.26948439778803e-06,5.48550372853535,8.13076149940083
AT2G03190.1,2172,3529,2688,2613,2283,2184,104,0.220323680555484,11.3110978154598,0.872365830803919,0.406640550801912,0.424449626019514,-6.85300166610519,1.16499493339102
AT2G03770.1,1156,1423,985,844,921,626,105,0.577866104016957,9.91018375347545,2.24872421462053,0.0523492159682718,0.060208615684688,-5.05111873880796,1.49263984552669
AT2G04620.1,2955,3691,2708,136,184,171,106,4.242494590605,9.47314006136215,17.608677230489,4.64038646929285e-08,2.3420303474431e-07,9.33614899158389,18.9285840661931
AT2G04750.1,119,265,200,82,41,84,107,1.47882564400842,6.798328752092,3.87050972245803,0.00410488744636117,0.00521004945115071,-2.45314085609013,2.78721760960789
AT2G07040.1,45,40,15,1168,1625,753,108,-5.17849250306675,7.54961757175841,-11.6440860846504,1.43718676136495e-06,2.93596724107411e-06,5.94150655583002,-36.2144234764288
AT2G13560.1,29142,32647,24860,400,432,295,109,6.27067682419953,11.6737167477033,25.3899928195875,2.08872351070559e-09,6.40044561494785e-08,12.0731499842137,77.2079137040229
AT2G15280.1,4730,5351,4065,361,373,283,110,3.79556629317411,10.2966123020789,16.1367458274035,9.65520591699715e-08,3.76553030762889e-07,8.63698303331702,13.8860685471711
AT2G17750.1,962,1145,988,2869,2862,2475,111,-1.40677751613906,10.7112587671894,-6.48378834443581,0.000137428144126997,0.000198507319294552,1.14976121320626,-2.65144259933686
AT2G17990.1,9927,10852,8424,605,586,375,112,4.24285837058753,11.119755694714,16.0167988947092,1.02775078295412e-07,3.88004553266959e-07,8.57663571166716,18.9333575685629
AT2G18280.1,6167,5880,5725,259,303,167,113,4.6443773436085,10.2097262548879,17.2121811377366,5.61971810442698e-08,2.6005870111908e-07,9.15504038950547,25.0090325391054
AT2G18880.1,611,703,480,19,33,35,114,4.34913220250666,7.03433808044667,14.6860324512329,2.12002971691195e-07,6.56311245435434e-07,7.86928428510949,20.3807071219517
AT2G19400.1,159,224,162,23,12,11,115,3.53802424025069,5.72580035998648,11.1856943996398,1.99281072374697e-06,3.92163211232776e-06,5.60545302693285,11.6158614080084
AT2G19480.1,4736,5783,3992,499,590,378,116,3.31067150238495,10.568286632196,12.5834623894783,7.6134965309119e-07,1.73733511263894e-06,6.58958959410432,9.9222788494194
AT2G19500.1,8234,9812,8030,5540,5559,4672,117,0.72415408753344,12.7177214241598,3.27266299023922,0.010210433902818,0.0124794192145554,-3.40196535727055,1.65193175558143
AT2G19970.1,1751,2763,2027,1681,1843,976,118,0.565457071446637,10.7816617632743,1.81270173469176,0.104741497584851,0.116409591875391,-5.71337035975381,1.47985627977551
AT2G20160.1,4060,5228,4136,3632,3368,2883,119,0.438467365409414,11.8988689536307,1.90823446530877,0.0901319481066784,0.101487154167362,-5.57281251191205,1.3551639158213
AT2G20780.1,8523,7881,6284,58,96,34,120,7.00250634424482,9.37186614162039,19.1567766584635,2.28080065713719e-08,1.49325269657557e-07,9.99712279640647,128.222563246935
AT2G21420.1,532,909,681,38,6,4,121,5.96221905035407,6.4526712704461,8.83301465664643,1.31533624495093e-05,2.18712887241841e-05,3.63752937512465,62.3457386794802
AT2G21930.1,33,44,37,127,23,52,122,-0.495213168086918,5.52335440105133,-0.946047705132248,0.369874410475579,0.387961178713993,-6.78515311843144,-1.40952900733429
AT2G23990.1,4603,6594,4509,4298,4109,2913,123,0.47041584826567,12.0963723360051,1.76290406833808,0.11321022575956,0.124851380079309,-5.78537211867575,1.3855087752239
AT2G24740.1,1905,2190,1589,764,379,644,124,1.71539677561677,10.0184740198822,5.62205862859897,0.0003794557846059,0.000531982129398468,0.0680720808297375,3.28386945364497
AT2G25700.1,2840,4019,3185,3032,3388,2325,125,0.201961456066581,11.5932504232271,0.798003215498345,0.446284500136486,0.463573972296737,-6.91677772086345,1.15026116185113
AT2G26280.1,6468,7335,5901,443,346,229,126,4.31613178552281,10.5176318160523,15.1357137467337,1.64893909854663e-07,5.35905207027656e-07,8.11635549875964,19.9198072929367
AT2G26410.1,15,18,4,485,729,525,127,-5.63520951277817,6.34088995916607,-11.8367437245722,1.25699206525019e-06,2.65813098406067e-06,6.07874268037996,-49.701225246549
AT2G27040.1,28914,33598,24270,1417,1323,1032,128,4.52321777456282,12.545926808252,18.5571499432845,2.98290265573292e-08,1.73063545817662e-07,9.74945166859044,22.9945135805264
AT2G28380.1,4721,5834,4147,159,145,101,129,5.18324048329924,9.65301290689591,19.6307825859908,1.85524428380218e-08,1.41366824289669e-07,10.1859053878954,36.3338032572449
AT2G29570.1,6280,8082,5814,559,690,403,130,3.62766025419935,10.8871755937947,13.2433541511333,4.99678488881384e-07,1.24629111470996e-06,7.01499515552322,12.3604576399207
AT2G29940.1,3044,4175,2995,958,1084,1098,131,1.68603747150771,10.8732994035203,7.18606018974452,6.42097157648818e-05,9.69928452927264e-05,1.95935190647258,3.21771705731597
AT2G30160.1,2225,2516,1820,104,207,231,132,3.658525451515,9.25348480273576,11.033467980726,2.22714026125585e-06,4.26948439778803e-06,5.49077804362694,12.6277478343479
AT2G30590.1,4484,6381,5841,172,114,129,133,5.32681523810185,9.76423631625411,20.5919364771301,1.2381087379882e-08,1.23066034822989e-07,10.5508747521498,40.1357301453914
AT2G30900.1,356,406,292,440,339,252,134,0.0554675821093547,8.42007357651785,0.201696047322425,0.844831300466341,0.854793933726557,-7.23533187444596,1.03919585544726
AT2G31360.1,67075,81258,46512,1980,2300,1296,135,5.12935806788009,13.3850194330618,16.5330627651935,7.87890202118345e-08,3.2816009389201e-07,8.83262771345781,35.0018207944024
AT2G32370.1,6530,17427,10853,4322,4401,3770,136,1.3685515994126,12.7051064616827,3.92161706847233,0.0038055023773369,0.00490258414377637,-2.37370694687104,2.58211203582166
AT2G32750.1,11935,13882,9597,751,806,579,137,4.04721961615599,11.4872507430681,16.154706556982,9.56568413959073e-08,3.7648426567747e-07,8.64597338631167,16.5323466696884
AT2G32990.1,1484,1391,1325,38,13,4,138,6.64579017861407,7.12779016790944,10.7465612377536,2.75651820323799e-06,5.05361670593631e-06,5.27030457184861,100.134143783515
AT2G34200.1,1695,2079,1455,54,110,55,139,4.62498413528599,8.44020223495379,14.353784195179,2.56445538523772e-07,7.58725076046194e-07,7.68112148435484,24.6751018632594
AT2G34260.1,2008,2617,2059,236,302,176,140,3.24513902343163,9.48907710586722,12.0829937965673,1.06216007697352e-06,2.30960558572023e-06,6.25083845456185,9.48165581094385
AT2G34880.1,460,491,328,77,70,22,141,3.06478997502662,7.18529875232129,6.75967507300245,0.000101232302028845,0.000148220674301619,1.4751672656935,8.36746130956223
AT2G34890.1,228,346,211,117,113,76,142,1.34119883033897,7.33137261657665,4.66528652923013,0.00131883679067427,0.00177918548175869,-1.25573120901881,2.53361766325022
AT2G35670.1,1037,1431,1007,76,103,39,143,4.0638440251329,8.1283067971409,11.2290311313276,1.93119925019122e-06,3.83557628857424e-06,5.63781371765161,16.7239534197434
AT2G36010.1,2651,3406,2380,422,455,304,144,2.83814463258144,10.0224287495357,10.9209568045237,2.4199769678247e-06,4.55337771577542e-06,5.40500313088842,7.15099816239998
AT2G36310.1,6289,6739,5718,115,164,123,145,5.54680828275963,9.8329039812999,23.5637093823132,3.94331585358447e-09,8.45841250593869e-08,11.546326394285,46.7472075453953
AT2G36560.1,1344,2352,1507,1661,2069,1463,146,-0.0259075938347078,10.7303193888963,-0.0916398964134263,0.929077322676933,0.933428972900244,-7.25320654718099,-1.01811998599865
AT2G36760.1,2085,4164,2754,10,7,5,147,8.47802223562424,7.25380915759827,25.5060631358127,2.00909897877769e-09,6.40044561494785e-08,12.1047222403955,356.565234592085
AT2G37390.1,528,586,475,1,3,2,148,7.51806528927029,5.28735347820886,25.8619100181609,1.78531797725334e-09,6.3825117686807e-08,12.2001760059344,183.300293954345
AT2G38220.1,5004,6020,4007,1086,1161,783,149,2.31012270881843,11.1161414952582,8.75781633200611,1.4065163508694e-05,2.32971241128561e-05,3.56694018767512,4.95925259239365
AT2G38810.1,468,613,493,176,154,150,150,1.70059049826264,8.17767348069209,7.54093899503828,4.46241524868665e-05,6.78856787832118e-05,2.34579012166725,3.25033968440281
AT2G39220.1,8110,9574,6567,187,171,142,151,5.58374477311267,10.1721140342757,22.8524699074672,5.11696895231957e-09,9.96320876718196e-08,11.3247516866393,47.9595019998572
AT2G39300.1,1033,1385,998,164,134,122,152,3.00980685453623,8.63345419948008,12.3267472707148,9.01773394487017e-07,2.02544914259126e-06,6.41763216767335,8.05456599719946
AT2G39650.1,1171,1793,997,144,144,97,153,3.33069633684456,8.65685750980397,11.2301363368948,1.92965585738757e-06,3.83557628857424e-06,5.63863736312171,10.0609618877489
AT2G40030.1,8506,10443,7900,376,243,279,154,4.91139998643906,10.6618470158117,19.3254990096589,2.11798031139822e-08,1.49325269657557e-07,10.0650117472124,30.0939168463514
AT2G41040.1,66,100,85,7,3,0,155,4.71685514263722,4.02509423798528,7.30914320652556,5.65117259728318e-05,8.5666185308639e-05,2.09504064034216,26.2975253928093
AT2G42340.1,143,198,169,106,118,78,156,0.758625020079155,7.02600100933498,2.97757181511743,0.0162500579637054,0.0194185929427009,-3.87942100151053,1.69187738957831
AT2G43660.1,2877,3857,2355,2155,1677,1539,157,0.743743009948423,11.1636658712324,2.77980991962932,0.022277108293968,0.026327491620144,-4.20026726725016,1.67451466391991
AT2G43670.1,1901,2182,1566,1394,1419,1122,158,0.516106858938246,10.6083423739722,2.17381623591724,0.059040038207464,0.0675418037093389,-5.16818004467735,1.43009090780196
AT2G45110.1,14216,15709,9890,2824,3262,2201,159,2.25533616702691,12.5412071427955,8.30411610482352,2.12916586497938e-05,3.38300798546724e-05,3.12946375412921,4.77445535377069
AT2G46650.1,475,757,663,41,8,3,160,5.7578896028683,6.39969227617451,7.98855132434852,2.87183796054259e-05,4.48006721844645e-05,2.81296686205188,54.1124854673045
AT2G46990.1,385,328,202,0,0,1,161,7.87324557606283,4.26995612136475,21.878075064176,7.40810229765334e-09,1.11133165567219e-07,11.0047866690713,234.467731507011
AT2G47030.1,57,77,15,1248,1811,920,162,-4.93786637791857,7.85006092695589,-8.90960160405294,1.22913512599587e-05,2.05174696129271e-05,3.70887733663425,-30.6510879549672
AT3G01240.1,59,31,18,1036,1367,740,163,-4.93818810565095,7.52070008917618,-11.6729939810682,1.40840879302863e-06,2.89094436463771e-06,5.9622464195757,-30.6579240529529
AT3G01270.1,153,87,29,5427,6516,4308,164,-6.17207530440164,9.29707390384772,-11.7020506049425,1.38012555884753e-06,2.86026021616228e-06,5.98304006735685,-72.1073943176881
AT3G03260.1,5423,7375,4891,2616,2727,1943,165,1.27261148347169,11.8670186222952,4.89391381796618,0.000967686019660888,0.00130958139569249,-0.927398293271446,2.41598497649872
AT3G03305.1,2541,2738,2183,102,64,104,166,4.80027504958413,8.87450881075133,18.1494132434179,3.597223061657e-08,1.90519591784056e-07,9.57511826319079,27.8629295823076
AT3G04100.1,175,180,121,191,209,119,167,-0.105361256904136,7.34935224287986,-0.358005123114965,0.728944914986132,0.744565163164406,-7.1872268306999,-1.07576373249551
AT3G05610.1,135,86,40,6810,8233,4950,168,-6.37552484746833,9.48374853763988,-14.9697693408342,1.8076848107127e-07,5.74442062070926e-07,8.02617352030015,-83.0279312784067
AT3G05860.1,269,476,344,234,230,167,169,0.761510064654019,8.08761616924695,2.69798410684227,0.0254007047804719,0.0297729572426843,-4.33280467177682,1.6952641243752
AT3G06860.1,10379,11856,8683,790,837,774,170,3.67424047583513,11.4825845106955,16.3768742805297,8.53143665569762e-08,3.45281728801347e-07,8.75620270855068,12.7660515707929
AT3G07190.1,2373,2911,2256,111,130,50,171,4.78262876582196,8.89571547143316,13.2624591689017,4.93765203529815e-07,1.23874428253971e-06,7.02696869655578,27.5242007430117
AT3G08040.1,610,585,486,49,26,4,172,4.88563053316592,6.68303919552481,6.88267877382177,8.85872418010334e-05,0.000131958078932789,1.61713922105546,29.5611508890237
AT3G08620.1,2290,2562,1938,213,273,230,173,3.23840949464177,9.51628745091346,14.0082647300394,3.13944886007122e-07,8.86068132217469e-07,7.4801601877425,9.43753110731927
AT3G08840.1,934,874,783,24,23,14,174,5.37365410650183,7.06539681528572,20.2488438573308,1.42735759903944e-08,1.30284342550621e-07,10.4232468426296,41.4601694149645
AT3G09340.1,100,53,47,38,32,48,175,0.684518434433501,5.65709461132872,2.10176855250404,0.0662604003701573,0.0753997659384548,-5.27968664180164,1.60716542684847
AT3G10900.1,417,551,317,62,51,56,176,2.87271896277922,7.27322936665819,10.9061488735465,2.44670705371032e-06,4.58356910935252e-06,5.39364876894434,7.32444254980508
AT3G11200.1,5481,6164,4390,385,525,179,177,3.99582549611748,10.3723224556888,10.3334970585481,3.78064348054433e-06,6.72985914171583e-06,4.94252349971603,15.9537701867492
AT3G11490.1,982,783,885,55,31,68,178,4.14368032005835,7.7104666196411,13.3134077491624,4.78372407578745e-07,1.2288728314448e-06,7.05880782462228,17.6755146894869
AT3G12110.1,8409,8799,6927,797,822,503,179,3.53237587604579,11.2002790980709,13.2181143338455,5.07611548140301e-07,1.25875927255601e-06,6.99914799827446,11.5704725047702
AT3G12700.1,3848,4488,3595,1821,2044,1733,180,1.08851436246261,11.407284032849,4.94727623589002,0.000901211445517186,0.0012234800953382,-0.851846218537071,2.12654938987238
AT3G13280.1,68,111,59,45,41,78,181,0.534369949143803,6.00707168357619,1.58259700070984,0.14943976576526,0.162714871861158,-6.03774428060627,1.44830951362474
AT3G13400.1,270,222,57,10023,13116,8443,182,-6.09100060117158,10.2925102793864,-11.4177107711455,1.68648932252247e-06,3.41275433661386e-06,5.77725558196099,-68.1669534223684
AT3G14205.1,9545,11452,8889,727,645,472,183,4.03106829453294,11.2584946033438,16.0106463429442,1.03106105063947e-07,3.88004553266959e-07,8.57352577945692,16.348295203374
AT3G16320.1,1623,1932,1389,600,643,559,184,1.44380331041217,9.95237534712968,6.31464185487951,0.000166505901835013,0.000238899772198062,0.94536975813894,2.72037079822959
AT3G16720.1,1550,1941,1487,127,120,119,185,3.74523847822673,8.81453718340774,16.9276829538026,6.46416704102521e-08,2.81694375586521e-07,9.02189453113284,13.4100106530945
AT3G17250.1,1345,1520,1371,28,48,37,186,5.22223784860709,7.85132504186567,20.4081087922309,1.33577302804204e-08,1.24575354136964e-07,10.4828497909115,37.3293335926155
AT3G18210.1,2938,4008,2750,160,146,119,187,4.49279898385294,9.39222609811297,18.0081132636176,3.84201227394112e-08,2.01002837258627e-07,9.51354347674783,22.5147567205864
AT3G19350.1,3492,4260,3174,346,271,269,188,3.61889928308018,10.0104730718332,15.3258791728977,1.48579860562405e-07,5.05879049057713e-07,8.21830457562341,12.2856244479763
AT3G21580.1,5314,5930,4298,270,219,163,189,4.58621275611851,10.0334599645581,17.2056617236252,5.63763617810594e-08,2.6005870111908e-07,9.15201957821756,24.0208076788672
AT3G21700.1,122,158,106,30,30,30,190,2.04475850528804,5.97657556303089,8.72376958224432,1.45007692559838e-05,2.39262692723732e-05,3.53480438247965,4.12604199553835
AT3G22680.1,412,552,388,62,26,70,191,3.17428181382409,7.2144457553014,8.40146005789014,1.94499192681274e-05,3.11343856941293e-05,3.22503726670425,9.0272202907251
AT3G22810.1,927,1100,700,236,348,249,192,1.70474654097752,8.95291019041209,6.31723155910329,0.000166012947794725,0.000238899772198062,0.948527561520242,3.25971659792506
AT3G22968.1,32119,37521,29528,460,417,289,193,6.42686236597138,11.7920615704941,25.0341073620005,2.35564234494253e-09,6.73713710653563e-08,11.9749766517426,86.0356313800378
AT3G23060.1,1167,1335,986,46,54,34,194,4.68506784788773,7.83094445132629,18.1957581558913,3.52075589515428e-08,1.88800534877648e-07,9.59518258965002,25.7244414590837
AT3G23780.1,6235,6837,5028,198,222,163,195,4.94891441104264,10.0728160472153,20.599601056913,1.23421304420063e-08,1.23066034822989e-07,10.5536932703983,30.886712364336
AT3G24790.1,732,871,728,1523,1434,1062,196,-0.772926457783267,9.98500613463752,-3.22975152322229,0.0109184427183452,0.0133068520629832,-3.47116414142784,-1.70873237593511
AT3G25170.1,21,28,0,686,818,346,197,-6.07442172309083,6.14301506613371,-5.47086744315231,0.000458067673316273,0.000638022830690523,-0.132354860977655,-67.3880896509347
AT3G25250.1,265,335,218,29,20,5,198,4.1127387995909,6.01775957283159,7.68172369616726,3.87650761643426e-05,5.96065149623763e-05,2.49510519745551,17.3004636775646
AT3G25260.1,26504,34352,21193,207,139,86,199,7.62027581283777,10.9010266500638,21.8133325998055,7.59675964090836e-09,1.11133165567219e-07,10.9828215817387,196.757635515937
AT3G25280.1,608,1121,560,879,836,663,200,-0.117156872766,9.56324921609098,-0.379374984049711,0.713581441633912,0.730612024966463,-7.17861371428547,-1.0845953368983
AT3G25420.1,8433,9242,7143,6169,6302,4618,201,0.544140195626946,12.7341509485735,2.27641086559138,0.0500697664466295,0.0577417467892582,-5.00759097085695,1.45815106951712
AT3G25540.1,732,749,642,32,68,50,202,3.85724906091229,7.53707250315885,12.972563406812,5.92535673684672e-07,1.39669123082816e-06,6.84324411229232,14.4926454627801
AT3G25710.1,1189,1107,739,66,15,7,203,5.59859343143434,7.1546597792031,8.42998934923734,1.89439970859304e-05,3.05525366536246e-05,3.25286776006559,48.4556648029755
AT3G26110.1,42,44,16,271,413,239,204,-3.22741990069202,6.61557018110672,-7.93780855393959,3.01601103430236e-05,4.68793019462215e-05,2.76110073329267,-9.36591471252818
AT3G26410.1,3887,4521,3365,398,467,342,205,3.2839009399029,10.2861752772776,13.7872549100437,3.58185525490787e-07,9.80221785950858e-07,7.34869164826531,9.73985935616938
AT3G26590.1,1130,1063,765,241,303,226,206,1.92884233113562,8.96220091157084,7.64421324553773,4.02386316250059e-05,6.14319322673578e-05,2.45553862571004,3.80749549871581
AT3G26990.1,4584,5499,3791,435,452,330,207,3.50480873301656,10.4064840237184,14.0187327889974,3.12005536509425e-07,8.86068132217469e-07,7.4863298097487,11.3514818138532
AT3G27150.1,272,262,118,9,1,1,208,5.90152193287758,4.72473699806791,9.44303875595011,7.76585094007984e-06,1.3326200213177e-05,4.19107509499797,59.7771385153215
AT3G27440.1,64,59,80,39,52,9,209,1.29911058906123,5.44014750930992,2.34770039075763,0.0446419341277603,0.0517605128129977,-4.89493584451274,2.46077131145746
AT3G27640.1,502,696,389,161,143,107,210,1.92069908097772,8.04857037598566,6.6584702579048,0.000113127018760604,0.000164513528977285,1.35692819950375,3.78606474076226
AT3G27980.1,2644,3053,2266,2,4,2,211,9.53341731106978,6.59732635431145,34.3370656628344,1.58285333821234e-10,3.26465584240232e-08,13.9883032727154,741.044983750576
AT3G28750.1,259,382,217,10338,13008,8161,212,-5.20866191815089,10.7282485323189,-17.7433229733957,4.35229434046718e-08,2.22277889531003e-07,9.39650399928382,-36.9797077518117
AT3G28980.1,94,173,40,1779,2003,1069,213,-4.15312409717991,8.53334575152254,-8.35174066484332,2.03676314060755e-05,3.2482207707087e-05,3.17634123533872,-17.7915968451006
AT3G42830.1,193,372,207,143,190,234,214,0.406504534846801,7.74454252610442,1.26741067444267,0.238159198028067,0.254154965059803,-6.44029965814087,1.32547047543526
AT3G43520.1,7498,8541,6143,543,535,318,215,4.01561284866568,10.8314613061572,14.1490957191014,2.88937239402465e-07,8.31906548346694e-07,7.56273425015854,16.1740923473224
AT3G43540.1,5021,5738,4339,290,230,285,216,4.22253785952263,10.1767675034622,18.2461735573316,3.43962100780951e-08,1.86784482575985e-07,9.6169359430749,18.6685485494704
AT3G43920.1,9055,10458,8352,1307,1290,1048,217,2.93432506391301,11.707902223084,12.9864850417816,5.87319749715292e-07,1.39204515264011e-06,6.85216802150039,7.6439856179778
AT3G44370.1,559,829,390,24,54,9,218,4.56337711409995,6.86406988977889,8.04447002323922,2.72169659198874e-05,4.27695178741088e-05,2.86980717802035,23.6435885390603
AT3G45090.1,5892,6299,4414,870,832,655,219,2.80928892935986,11.0133956642074,11.3822920310071,1.7296712493111e-06,3.48370406551392e-06,5.75125795082195,7.0093901545488
AT3G45870.1,11885,9506,11556,36,39,14,220,8.60331912718669,9.11441691563495,22.8026515211893,5.21274009394736e-09,9.96320876718196e-08,11.3088624662969,388.917172377316
AT3G48950.1,1287,1621,1105,1729,1355,1162,221,-0.0799075048556865,10.4084906366167,-0.309142795854901,0.764550676327466,0.779078955212549,-7.20509459090688,-1.05695027440195
AT3G49500.1,3964,4823,3460,133,255,131,222,4.61186975294688,9.67609597974552,14.8129870143908,1.97341304272818e-07,6.17951967394444e-07,7.9399076932889,24.4518167133449
AT3G49660.1,2046,2428,1441,169,162,179,223,3.49644180806722,9.16487829959976,13.663548795101,3.85945216158905e-07,1.04132388510799e-06,7.27408116081116,11.2858393077665
AT3G49680.1,8248,9774,6538,706,861,621,224,3.48061919409827,11.2396033417255,13.7847311470738,3.58729185068263e-07,9.80221785950858e-07,7.34717690392739,11.1627392684013
AT3G49730.1,546,578,375,15,13,50,225,4.44920838281011,6.71786427941475,9.43622640006301,7.81044250505503e-06,1.33493220504725e-05,4.18507499346419,21.8446544992654
AT3G49770.1,100,154,122,330,333,323,226,-1.40579710293354,7.66184868258853,-5.89775445349755,0.000271336539475034,0.000382905840246019,0.425230954550609,-2.64964136886933
AT3G50060.1,6368,8011,7576,322,245,250,227,4.74758682700283,10.4569428848294,20.4363289383994,1.32023780432716e-08,1.24575354136964e-07,10.4933459166254,26.8637131817319
AT3G50720.1,72,286,206,2703,2663,2256,228,-3.95741002116342,9.32811115826672,-8.64213115741197,1.56072400831405e-05,2.55553663956767e-05,3.45729727858172,-15.5345658904964
AT3G51895.1,8627,10894,7265,148,82,29,229,6.93734538005387,9.63570553916614,13.4276388327465,4.457610896445e-07,1.1589788330757e-06,7.1297138406614,122.560083924535
AT3G53000.1,3096,3460,2649,100,98,72,230,5.0826709588222,9.03379969998158,21.0340694069074,1.03418836538675e-08,1.16754423355504e-07,10.7111821878556,33.8872570273855
AT3G53370.1,681,962,575,221,219,159,231,1.8657470811826,8.56544143217868,6.80251947710187,9.66160645142219e-05,0.000142433992015812,1.52483338651964,3.64456613777726
AT3G54100.1,2921,3794,2839,189,234,106,232,4.22882010206709,9.51035656479924,13.1467417547416,5.30812012397773e-07,1.3012477332494e-06,6.95415749510192,18.7500183455078
AT3G54800.1,158,132,140,926,1361,676,233,-2.72107726567609,8.52977754723282,-9.38525126436121,8.15323950689958e-06,1.38799196367457e-05,4.14005108918334,-6.5936498028801
AT3G55320.1,6550,7770,5479,106,86,55,234,6.34319291773695,9.50218492697097,21.5109915675166,8.55163485781660e-09,1.11133165567219e-07,10.8790384215586,81.1879053090133
AT3G55420.1,6183,5106,5319,22,26,10,235,8.18397146705601,8.3379460924806,23.7224056912513,3.72449882873847e-09,8.45841250593869e-08,11.5944545945315,290.817740072029
AT3G57220.1,2415,2911,1966,249,207,198,236,3.46171066615183,9.49847154085819,14.245358263106,2.73119542167385e-07,7.97063153672163e-07,7.61864849898167,11.0173906014332
AT3G57270.1,15306,16864,13258,9322,8938,7038,237,0.848233977419055,13.4553273400726,3.64834542768846,0.00572879053409887,0.00716516367092833,-2.80181859371574,1.80029580930565
AT3G58470.1,717,964,603,111,193,33,238,3.04863309993617,8.02256008513311,5.43120776318748,0.000481509374104788,0.000668503305795967,-0.185470270744741,8.2742761058625
AT3G59640.1,1203,1360,951,143,171,128,239,2.97715726000132,8.69105096718988,12.2211852798949,9.67672527947803e-07,2.15094048958346e-06,6.34582632373444,7.87433046558021
AT3G59790.1,1251,2789,2124,730,656,508,240,1.64143879240371,10.1090523969853,5.02973892703117,0.000808007052466199,0.00110042865240635,-0.735902240918048,3.11976809650717
AT3G61620.1,763,976,641,105,175,200,241,2.33255643424901,8.44574613858431,7.6502081642914,3.99990435944213e-05,6.12842489357383e-05,2.46187266713175,5.03697103296695
AT3G61740.1,1124,1434,1017,91,120,93,242,3.53901736957797,8.4351800331254,14.5142243136835,2.33810029140518e-07,7.01430087421554e-07,7.77259359647714,11.6238603432176
AT3G62130.1,1077,1346,938,97,129,101,243,3.34505131558447,8.44235999083062,13.6404073391471,3.9139921284152e-07,1.04943913943132e-06,7.26004117123947,10.1615692933083
AT3G62230.1,51,54,38,7130,8796,5717,244,-7.20559261315684,9.19186352342109,-27.667403956417,1.00390301264325e-09,5.38342990529943e-08,12.6550691309368,-147.604471153172
AT4G00220.1,2526,3406,2212,7,10,8,245,8.17330909892084,7.29644008948696,31.812413208761,3.04396815142408e-10,3.26465584240232e-08,13.5393845845424,288.676348093461
AT4G00231.1,2125,2318,1778,158,279,180,246,3.36268397404391,9.32867927345947,12.1889816353934,9.88827344732237e-07,2.18663366438211e-06,6.32379126098146,10.2865263313187
AT4G00540.1,376,518,343,76,84,104,247,2.20461773394331,7.56578319847123,8.64536235172747,1.5561715806522e-05,2.55553663956767e-05,3.46037711785343,4.60952385532473
AT4G00550.1,1381,1502,1170,77,65,78,248,4.18203982280268,8.30221227353394,18.6321576382026,2.88312827050879e-08,1.73063545817662e-07,9.78099155592854,18.1517887970371
AT4G00570.1,21117,23003,18798,1218,977,977,249,4.31176243036874,12.1955024553593,19.195286513975,2.24244559314821e-08,1.49325269657557e-07,10.012686299484,19.8595693055642
AT4G00690.1,155,271,176,16,19,25,250,3.24354665197226,5.9917168774124,11.1865582457176,1.99156151513814e-06,3.92163211232776e-06,5.60609931195468,9.47119622775378
AT4G00730.1,14370,18476,12236,721,757,505,251,4.50612513349274,11.6013634466639,16.8527983566816,6.70929018722312e-08,2.87828549031872e-07,8.98639310515117,22.723688611433
AT4G00780.1,2752,2032,2190,9,6,2,252,8.59977054858813,6.87130044684944,20.6732906865497,1.19744738246143e-08,1.23066034822989e-07,10.5807194796574,387.961733289263
AT4G01840.1,4389,4282,4062,183,194,100,253,4.78787902766214,9.65697409801721,16.4087432039742,8.39355665794072e-08,3.42936743453007e-07,8.77186757495208,27.624549413631
AT4G02700.1,846,923,664,42,31,21,254,4.68982711926581,7.30681235074603,15.8459729446659,1.12422274152055e-07,4.08721657722303e-07,8.48975778517891,25.8094433179117
AT4G03110.1,682,1275,1162,385,297,223,255,1.76593642791344,9.08929504055267,5.51864236749765,0.000431463989382613,0.000602925249006974,-0.0686697214770433,3.40094677487275
AT4G05470.1,3,43,12,426,401,300,256,-4.82096409692691,6.13043916072292,-6.7126160410517,0.000106583271845999,0.000155524570142632,1.42034898725264,-28.2653782232327
AT4G08590.1,2634,3274,2579,782,818,735,257,1.8532905643861,10.5313619805227,8.4165909863648,1.91797641239727e-05,3.08169243789674e-05,3.23980767878596,3.61323368663135
AT4G09580.1,1397,1547,1110,19,67,45,258,5.07667620357141,7.84932239918394,12.068206573688,1.07286285559891e-06,2.31285510076348e-06,6.24060724752268,33.7467392258737
AT4G09900.1,4133,4226,3255,59,44,53,259,6.19133162020694,8.81354287480402,26.280205221748,1.55705469968465e-09,6.3825117686807e-08,12.3098548304295,73.0762967610515
AT4G10160.1,365,591,495,1058,1157,794,260,-1.06045598261781,9.42334449607553,-3.91398838009234,0.00384867576009265,0.00491393422940401,-2.3855444819479,-2.08559059568021
AT4G10640.1,4122,5449,3874,208,170,146,261,4.67220528789518,9.7777306412153,18.6742477674757,2.82877161129024e-08,1.73063545817662e-07,9.79861895059936,25.4961107851227
AT4G11130.1,3822,4350,3436,278,221,221,262,4.00720062607269,9.90791799454615,17.5662809251154,4.73544551948946e-08,2.36221642774532e-07,9.31702581288139,16.0800571186656
AT4G11320.1,325,661,1548,10,2,0,263,7.75738095682314,5.56015518486439,9.2617377763508,9.05493522715521e-06,1.53540206025675e-05,4.03002263237463,216.373642306309
AT4G11400.1,1437,1954,1548,1541,1422,1202,264,0.240731452601999,10.5529417008402,1.02300201123723,0.334144434306338,0.352206295620194,-6.70956848462131,1.18159158161225
AT4G11510.1,536,419,380,633,453,344,265,-0.0695563619836665,8.82033517537345,-0.243054636103231,0.813645069648754,0.827141551846719,-7.22517725296036,-1.04939393860809
AT4G11940.1,148,223,199,331,369,350,266,-0.897122826624438,8.00535462407705,-3.75287839850528,0.00489318503254037,0.00617404817341123,-2.63709794843441,-1.86234818751557
AT4G12080.1,828,1131,834,58,33,37,267,4.44249517254443,7.62725872095747,15.7598482902573,1.17664908114675e-07,4.22647276021771e-07,8.44553579474409,21.7432421498218
AT4G12140.1,144,352,257,234,220,67,268,0.634259457167533,7.56775717765269,1.23286600973001,0.25017405447659,0.266314316055724,-6.48086393780465,1.55214082356709
AT4G12590.1,3571,4194,2698,228,249,190,269,3.95092127370683,9.76959960378501,15.6121695729859,1.27299470831309e-07,4.47635024480587e-07,8.36904133783091,15.4648536298366
AT4G12790.1,1170,1325,1077,124,97,77,270,3.59154517857559,8.41773803850097,14.2702994314237,2.6917992343923e-07,7.90946487365957e-07,7.63306641807136,12.0548782782682
AT4G13345.1,1403,2039,1456,7,14,12,271,7.11704516849277,7.09429935549626,23.6555918812696,3.81493108090132e-09,8.45841250593869e-08,11.5742488529435,138.817454418129
AT4G13460.1,22728,25513,18553,2449,2491,1918,272,3.28096577050409,12.7897473462885,13.7191706278746,3.73178367082903e-07,1.01325012328206e-06,7.30772011643548,9.72006371350878
AT4G14690.1,7719,10340,6451,6626,7621,5100,273,0.33311515237132,12.8021104036142,1.22817017743875,0.251845311560382,0.267429798661891,-6.48631783739458,1.25973052452818
AT4G15040.1,1114,1559,957,822,924,632,274,0.596640096346604,9.91302666992452,2.19140255813242,0.057397659155542,0.0658384913842981,-5.14079499432727,1.51219070975167
AT4G15050.1,19788,21678,16547,12376,12057,9318,275,0.783918141149972,13.8383045700437,3.3144532132808,0.00956689795433681,0.0117598831587693,-3.33467905561248,1.72180067853772
AT4G15380.1,489,729,563,0,0,0,276,9.19598064838958,4.59799032419479,39.1754396491302,5.11167697018348e-11,2.19290942020871e-08,14.7013397542211,586.497296723055
AT4G15900.1,5936,6906,4882,550,420,279,277,3.86334867337842,10.58263031955,12.9458434257473,6.02691418794788e-07,1.41286676865008e-06,6.82608743427357,14.5540490550289
AT4G16760.1,83819,89317,72699,11679,11354,10108,278,2.88839752060276,14.8729138967307,13.2653315875745,4.9288288872723e-07,1.23874428253971e-06,7.02876728416519,7.4044753745008
AT4G17486.1,913,1140,750,235,380,179,279,1.8655530652254,8.91549097700764,5.82890160630495,0.000294762613042585,0.000414600527853341,0.337030934052383,3.6440760435968
AT4G18400.1,694,670,618,57,71,52,280,3.44966909063074,7.64344336235973,15.2663239335777,1.53487407155266e-07,5.10434865655885e-07,8.18653514056875,10.925815724315
AT4G18800.1,4679,5094,3559,558,560,254,281,3.35063530035562,10.4262892736148,9.6876769131273,6.33695493202819e-06,1.09619099429036e-05,4.40393768790647,10.2009760973074
AT4G18870.1,1027,1349,1034,804,793,610,282,0.626304851185031,9.82677533891374,2.61212478028008,0.0291593105598236,0.0340854066217012,-4.47154227072282,1.54360631501727
AT4G19120.1,61832,54663,46596,1134,1064,742,283,5.8066698503099,12.8174458244316,22.7372167710044,5.34158045792972e-09,9.96320876718196e-08,11.2879174205566,55.9734144018364
AT4G20800.1,3299,4145,3162,5221,5023,3962,284,-0.421517397470824,11.9883695489887,-1.78208684914297,0.109875103984318,0.121485617549671,-5.75774446755994,-1.33933550022807
AT4G20830.1,4926,5573,5168,1184,1316,1165,285,2.09519916103982,11.3012872629341,9.92092423058153,5.24117002112486e-06,9.14008918318115e-06,4.60227417095606,4.2728514497051
AT4G21430.1,1948,2362,1795,28,24,24,286,6.26660018309863,7.84853121644165,27.8317366833115,9.54408034142684e-10,5.38342990529943e-08,12.6941694639332,76.9900543027054
AT4G21630.1,13985,15290,10607,898,882,669,287,4.0194972566937,11.6719033678495,16.0927875575488,9.87826551566798e-08,3.81781613173114e-07,8.61492904831839,16.2176992273826
AT4G21760.1,6063,5206,2977,44,43,8,288,7.44373635057806,8.42893808075879,12.3876919063662,8.66005668245176e-07,1.95534964040621e-06,6.45879482585238,174.095650594222
AT4G22430.1,234,682,413,281,302,147,289,0.797855656951239,8.26298739564252,1.86132463891352,0.0970475745972253,0.108703419065822,-5.64221291839754,1.7385151713364
AT4G23110.1,292,706,336,506,468,275,290,0.0297058447055392,8.67078975778507,0.0768819572444173,0.940471417510062,0.942668780635085,-7.25458635335057,1.02080396979215
AT4G24640.1,28,36,1,402,462,279,291,-4.85711768932555,6.11770363158162,-5.10017444530763,0.000736639113120993,0.00100642732334046,-0.637647520411172,-28.9826516496302
AT4G24740.1,790,1003,627,52,48,18,292,4.4343801250644,7.41404266657286,10.930982369633,2.40206344043807e-06,4.53958244910983e-06,5.41268183106124,21.6212814339356
AT4G25280.1,845,927,705,60,42,24,293,4.34838697982633,7.50781291725974,12.9255703361878,6.10525834307281e-07,1.42345425498817e-06,6.8130448346317,20.3701822066248
AT4G25530.1,6486,8273,6001,47,39,31,294,7.44068065790109,9.02263719415338,29.3556548672587,6.05291075415673e-10,5.19339742706648e-08,13.0399512113359,173.727298443976
AT4G26140.1,1281,1302,1344,297,320,248,295,2.18653081099277,9.2617987187139,10.0190832978037,4.84421246668422e-06,8.51707847626037e-06,4.68443140852515,4.55209545654582
AT4G26410.1,4412,4794,3509,299,279,174,296,4.10093387593341,9.9869045443911,14.6806486767636,2.12650962973252e-07,6.56311245435434e-07,7.86627396228809,17.1594793684564
AT4G26640.1,3437,4236,2830,141,84,75,297,5.15207056922058,9.17839047430561,17.0990151669993,5.93995929542643e-08,2.68236056603993e-07,9.10240367898692,35.5572185506605
AT4G27890.1,916,1782,1198,1072,1055,689,298,0.442067940951254,10.0684609810691,1.41109718665536,0.193256596680066,0.208833954598862,-6.26363784571106,1.35855026135702
AT4G29530.1,605,748,490,31,18,20,299,4.69711005667468,6.89530334041146,16.5118762217231,7.96407009246391e-08,3.28517891314136e-07,8.82231194082396,25.9400626108187
AT4G29550.1,151,224,137,65,102,55,300,1.21066119761317,6.78474712167301,3.9175255955559,0.0038285930164671,0.00490610500257245,-2.38005488549441,2.31443684799253
AT4G31060.1,812,1190,814,12,35,5,301,6.03346608958434,6.83517545156036,10.7098483944958,2.83379022482388e-06,5.17317449552955e-06,5.24167420046125,65.5019562756766
AT4G31080.1,3171,3597,2835,148,88,77,302,4.97783139130139,9.14901708574763,17.1595671937849,5.76615227216585e-08,2.63157374974377e-07,9.13062117153572,31.5120431246661
AT4G31180.1,7366,8477,5475,529,438,355,303,4.00387246654913,10.7698226032587,15.0554895584298,1.72365888986699e-07,5.55977190791685e-07,8.07290107135993,16.0430047189077
AT4G31720.1,529,733,518,64,75,65,304,3.09146202827372,7.65062749608036,13.0066620442542,5.7985044858055e-07,1.38197690245031e-06,6.86508342138978,8.52359490200596
AT4G31770.1,162,174,168,14,15,29,305,3.12901250370952,5.8357666489271,10.4568996627734,3.43624180608744e-06,6.2200326363355e-06,5.04176337945204,8.74835948080149
AT4G32120.1,3331,3881,2884,399,420,453,306,2.97701053049334,10.2178656319573,13.2679686333061,4.92074414741147e-07,1.23874428253971e-06,7.03041811839452,7.87352964638469
AT4G32500.1,4116,5728,3554,134,183,87,307,5.0757566761717,9.55781472866756,15.6407131413,1.25370891089612e-07,4.44496795681353e-07,8.38389244396223,33.7252369932509
AT4G32850.1,5548,6278,4975,263,224,155,308,4.73050814177362,10.0797799140327,17.9162169038814,4.01114655812339e-08,2.07323117281318e-07,9.47317032706553,26.5475743275393
AT4G33830.1,1072,1118,880,1004,1045,734,309,0.151059842872117,9.91727904211505,0.620809264712555,0.550776929454763,0.567988708500224,-7.04853347963302,1.11038489134773
AT4G33840.1,7444,7479,6207,7024,6923,5446,310,0.127957619742951,12.7129517002724,0.560303271200791,0.58952846047231,0.606493308255686,-7.0866613941935,1.09274563840056
AT4G34330.1,211,341,108,131,115,56,311,1.05956405519175,7.10820373714613,2.29116829139469,0.0488950666926804,0.0565390393831803,-4.98433676554662,2.08430160493942
AT4G35050.1,1507,1682,1196,109,164,148,312,3.37786572110316,8.81121634329579,13.1485246140497,5.30218326702601e-07,1.3012477332494e-06,6.95528456049491,10.3953449074847
AT4G35740.1,1424,1994,1420,107,91,67,313,4.18189925827371,8.54625372896046,15.5901681358699,1.28808550486257e-07,4.49259090720361e-07,8.35757231401795,18.1500203197947
AT4G36220.1,1662,2395,1939,30,11,29,314,6.467258725478,7.71564583164452,16.9163424913529,6.50063943661202e-08,2.81694375586521e-07,9.01653053722777,88.4787271131153
AT4G36590.1,906,1231,866,532,476,416,315,1.06396423741197,9.41856236944244,4.39633730548788,0.00191693208804114,0.00252258854530567,-1.65145835461538,2.09066837473936
AT4G36830.1,189,224,172,34,2,17,316,3.97803150269209,5.61707259104886,5.28178116711449,0.000582270160769264,0.000798063574984071,-0.387623366268539,15.7582071788187
AT4G38700.1,14002,16433,11544,6903,6993,4853,317,1.16758256786629,13.1738170249424,4.55073173890095,0.00154456996997013,0.00206423837108158,-1.42304610037307,2.24634974890429
AT4G38960.1,255,329,182,30,36,31,318,2.90612412550468,6.50761195475761,10.7591440516509,2.73057395770612e-06,5.03846432069087e-06,5.28009511221423,7.4960164838322
AT4G39390.1,5214,5945,4229,203,187,153,319,4.81293216632601,9.90439966127769,19.9549523788436,1.61530580646356e-08,1.3587572372017e-07,10.3116037501152,28.1084533290635
AT4G39650.1,22451,27567,20628,24193,23901,20597,320,0.0334091815508906,14.4958452750141,0.146953473012446,0.886546515734455,0.894890482941368,-7.24589128333439,1.02342769624775
AT4G39690.1,4286,5145,3893,302,345,295,321,3.81159001184414,10.2015468648349,16.9308808651202,6.45392334695457e-08,2.81694375586521e-07,9.02340633825045,14.0411579484865
AT4G39753.1,101,159,89,79,32,52,322,1.13065462145984,6.26340820033292,3.08182622240726,0.0137769162737075,0.0166957544672896,-3.71038724600683,2.18958069724506
AT4G39955.1,3169,3147,2489,394,342,260,323,3.15224579056085,9.93468276388281,12.6284814713231,7.39320303612128e-07,1.70520650671829e-06,6.61936228913312,8.89038434641896
AT5G02630.1,1817,1973,1449,117,133,97,324,3.90447928653933,8.8067203379146,16.1947726557617,9.36929109883254e-08,3.72169063092515e-07,8.66598581852505,14.9749500587267
AT5G02880.1,14941,17755,14353,476,498,330,325,5.18694699238794,11.3372831189106,20.7702533764042,1.15091539615247e-08,1.23066034822989e-07,10.6160838590866,36.427270492236
AT5G03020.1,313,446,405,194,235,138,326,1.05172441714172,8.06216702051585,3.81994368651188,0.00442584233612795,0.00560084472625041,-2.53202926500782,2.07300617965163
AT5G03240.1,81509,96176,79851,5451,5887,4247,327,4.05481160641428,14.3569724210959,17.3421077399884,5.27552027520055e-08,2.51466466451226e-07,9.21495050612406,16.6195752524171
AT5G03280.1,21925,26695,20364,1180,1020,1007,328,4.41988495446243,12.2695559184895,19.6216257401,1.86257548974283e-08,1.41366824289669e-07,10.1823151374654,21.4051338884378
AT5G03370.1,3257,3826,2917,262,408,228,329,3.5094844772603,9.93943550874048,12.6096973757613,7.48424767933272e-07,1.71697446761162e-06,6.60695343005365,11.3883314094709
AT5G04560.1,10567,12367,9811,858,929,661,330,3.74792741326273,11.5333932512784,15.750932101234,1.18223014271824e-07,4.22647276021771e-07,8.44094136566031,13.435027909615
AT5G06020.1,244,359,241,99,160,67,331,1.42837278782239,7.40159836362442,4.15214145613109,0.00271670592203773,0.00353171769864904,-2.01934900846156,2.69142978411855
AT5G06500.1,702,721,700,204,225,218,332,1.7106868061495,8.61349211024869,8.26590290118411,2.20665616783129e-05,3.49319371217574e-05,3.09168392173176,3.27316607945602
AT5G06670.1,4757,4994,3982,172,118,183,333,4.86968011215581,9.7191760384118,19.1864619727025,2.25117081264453e-08,1.49325269657557e-07,10.0091235009891,29.2361231818037
AT5G07430.1,111,113,7,2596,3509,1676,334,-5.73043588373744,8.41196625394284,-6.25827009109254,0.000177643240713667,0.000254029834220544,0.876410431309802,-53.0924894270454
AT5G07460.1,792,955,992,94,75,143,335,3.16666188266541,8.24590031573833,11.1633363778367,2.02544687434937e-06,3.94962140498127e-06,5.58870847841965,8.97966660969867
AT5G08360.1,419,611,339,31,53,23,336,3.68039143120395,6.95347904989685,10.4153170685666,3.5482494878957e-06,6.39579424498848e-06,5.00844998048966,12.8205960464683
AT5G09490.1,373,621,463,334,424,290,337,0.460478188622444,8.66497631407072,1.68456988600568,0.127826032431423,0.140249022795602,-5.8967025218238,1.3759978240529
AT5G09900.1,4416,5310,3441,415,479,376,338,3.35563309538497,10.3997335566986,13.4827382872767,4.30920172322821e-07,1.12722410930787e-06,7.16368015776112,10.2363756758955
AT5G10220.1,1256,2517,1507,992,975,710,339,0.930719740232501,10.2520575350198,3.01818823392168,0.0152360491617977,0.0183088657994712,-3.8135394533615,1.90622674858129
AT5G10440.1,667,946,620,448,435,445,340,0.723239502241514,9.15483837093355,2.99297103879945,0.015857646937888,0.0190025992635585,-3.85443964112141,1.65088485817411
AT5G10950.1,4686,6014,4166,1466,1590,1089,341,1.8430359301921,11.3363458636523,7.17347040673071,6.5059935657852e-05,9.79323242007667e-05,1.94537163373736,3.58764198744109
AT5G11310.1,681,816,518,122,61,33,342,3.37441242285043,7.6819307637507,7.70223274511934,3.79846012120982e-05,5.86165248920508e-05,2.51667239181935,10.370491909545
AT5G11460.1,1129,1225,669,63,34,22,343,4.71234087777883,7.57378542989007,11.7188019122455,1.364106829746e-06,2.84078558233512e-06,5.99500369154428,26.215367726814
AT5G12840.1,1852,2078,1548,275,369,280,344,2.56670346671993,9.54146247919843,10.6843392216737,2.88889395686403e-06,5.25142164192656e-06,5.2217241720235,5.92454132954918
AT5G13620.1,156,154,112,149,201,103,345,-0.0655152582692393,7.16306566799497,-0.219982895417382,0.831003081246172,0.842790358994344,-7.23107225426036,-1.04645861556205
AT5G14620.1,976,1023,720,18,31,32,346,5.04458285613572,7.28639863900187,17.3445586488003,5.26925696413515e-08,2.51466466451226e-07,9.2160753158088,33.0043174204475
AT5G15140.1,209,269,264,553,507,432,347,-1.00658013446019,8.45025995528593,-4.36058110026898,0.00201625479818433,0.0026451783132143,-1.70482555037132,-2.00914283769681
AT5G15380.1,134,119,118,26,12,2,348,3.61274474498052,5.15313561283217,5.40698902819829,0.000496463712567226,0.000687041718359161,-0.218016828293871,12.2333255978761
AT5G15470.1,13813,14071,9706,258,341,208,349,5.54572437258115,10.8202021645084,20.1617828891996,1.48036391997553e-08,1.3135882500133e-07,10.3904000470962,46.7120991246488
AT5G17320.1,4292,5143,4090,156,207,88,350,4.9746297695549,9.64424618411049,15.2212196935417,1.57324158548523e-07,5.19169723210125e-07,8.16237859163935,31.4421892916986
AT5G19600.1,1381,1851,1269,336,204,267,351,2.48528299805431,9.29003285607552,9.10670992353028,1.03463578414608e-05,1.74062255450459e-05,3.89001706830431,5.59944173724974
AT5G20810.1,401,551,399,273,263,145,352,1.02372719217761,8.28928051648847,3.35598675436417,0.00896922477634013,0.0110568891639365,-3.26791747453669,2.03316484694654
AT5G21150.1,41069,48675,35464,1522,1960,1449,353,4.66630580665361,13.0037899805207,19.2972699516895,2.14429598530332e-08,1.49325269657557e-07,10.0537070156986,25.3920647427859
AT5G22440.1,7059,8296,6314,1887,2102,1791,354,1.90005415050108,11.8594374439676,8.48431892040853,1.80202242161659e-05,2.92828643512695e-05,3.3056430179699,3.73227205161447
AT5G22920.1,10057,10608,18857,330,412,405,355,5.04864155151776,11.0996612075628,17.2239702359068,5.58747744021552e-08,2.6005870111908e-07,9.16049937026388,33.0972983131425
AT5G23210.1,82938,92401,66185,14517,13794,10876,356,2.62107731215213,14.9726739948939,10.7983920671536,2.65137209894769e-06,4.92397675518856e-06,5.31056128756436,6.15209299891535
AT5G23340.1,2900,3157,2526,112,134,111,357,4.57533016782646,9.18911491108777,20.545096782967,1.26221574177425e-08,1.23066034822989e-07,10.5336195231671,23.840294753923
AT5G24240.1,2433,3122,1875,1339,1516,980,358,0.94604747914609,10.7707344001768,3.36416915450384,0.00885616052908654,0.0109625713119903,-3.25477884188833,1.92658719105128
AT5G24380.1,6663,6347,4888,446,292,334,359,4.06755920908606,10.4960813248599,15.8484914832503,1.12272924890747e-07,4.08721657722303e-07,8.49104669278748,16.7670759309226
AT5G24460.1,8042,8693,6433,372,408,298,360,4.42261069274648,10.6923021888383,18.3406417476461,3.29313463313786e-08,1.85888783896861e-07,9.65749309869216,21.4456136450732
AT5G24810.1,27710,30853,21764,1133,1225,845,361,4.64986714251073,12.3687542518397,18.3032675008414,3.35024181792866e-08,1.86656329856025e-07,9.64147928332062,25.1043791691348
AT5G25410.1,6392,8884,6502,399,313,182,362,4.65738212363659,10.4800833208018,14.4024387677179,2.49333733048893e-07,7.42806746374826e-07,7.70898265467905,25.2354887561315
AT5G25950.1,1228,4769,3243,806,727,510,363,1.99506729035623,10.3846666399828,4.27720082137604,0.00226996271628453,0.00296894513806726,-1.82994713249701,3.98634697865235
AT5G26250.1,599,1066,924,1098,1052,952,364,-0.299041696386972,9.86334508376815,-1.10994602426869,0.297010487684599,0.314611109177019,-6.61866792248885,-1.23032690281703
AT5G26630.1,778,1226,779,1110,1223,926,365,-0.252575702411031,9.95086430636358,-0.951727161024055,0.367144478880371,0.386041621175684,-6.77973684423925,-1.19133215145385
AT5G26650.1,6706,6729,5983,280,419,249,366,4.38676033785031,10.4648655431082,16.9200453423893,6.4887054698923e-08,2.81694375586521e-07,9.01828245325226,20.919266155514
AT5G26700.1,198,289,185,2452,3174,1929,367,-3.48385500186444,9.52715834148776,-12.2926172573585,9.22518252580492e-07,2.06125172060954e-06,6.39448686816049,-11.1878041745952
AT5G27910.1,255,300,183,81,57,57,368,1.8945558793145,6.97178260461499,6.91529512015841,8.55324562817827e-05,0.000127851650679041,1.65446949210539,3.71807501832549
AT5G27960.1,3131,3178,2512,71,94,62,369,5.27512007367883,8.87658021459714,21.2452891202495,9.50208318833846e-09,1.11133165567219e-07,10.786158768889,38.7230335898861
AT5G28530.1,2011,2199,1781,91,96,64,370,4.57704713615563,8.67047110516868,18.5675204939217,2.96888160276594e-08,1.73063545817662e-07,9.75382206093368,23.8686842589785
AT5G34940.1,9158,10300,7420,4599,4281,2993,371,1.18984110399742,12.5213691294239,4.56740610196547,0.00150927383788317,0.00202971309232565,-1.39857690617669,2.28127616198464
AT5G35490.1,377,335,277,6,1,0,372,7.08871533255525,4.81347597363016,11.7704438944574,1.31600718436371e-06,2.75398576630259e-06,6.0317757667657,136.11812113772
AT5G37290.1,1614,1733,1178,77,57,29,373,4.85676027539484,8.11180474089687,13.3428681039539,4.6971543229089e-07,1.21390313525778e-06,7.07715791295127,28.9754723635626
AT5G37420.1,155,234,88,9,53,40,374,2.40109499824158,6.01200336634376,3.88602545083417,0.00401143518489416,0.00510654508700176,-2.42899329020216,5.28203916307357
AT5G37560.1,367,403,392,3,4,1,375,6.82607694872669,5.18701450599246,20.0286485939551,1.56571344502922e-08,1.34338213583507e-07,10.3398036771349,113.462909083245
AT5G38140.1,400,480,339,6,1,9,376,6.27915314313923,5.51600424388461,11.8336783641623,1.25965493776097e-06,2.65813098406067e-06,6.07657715226551,77.6628713892743
AT5G38195.1,2874,4132,2440,2497,2537,2043,377,0.387454290829369,11.3914650108769,1.46436911692986,0.178570253449205,0.193451107903305,-6.19511030926678,1.30808318653913
AT5G39260.1,34832,38111,27360,26481,25025,20694,378,0.468366319609059,14.7811362225346,1.96576371403855,0.0822881937527102,0.0931441559892155,-5.48676441967787,1.38354188424456
AT5G39440.1,678,843,724,431,436,423,379,0.791968903875645,9.14741692734691,3.69134958028366,0.00536807497187609,0.00675338464203767,-2.73391736519642,1.73143581093908
AT5G39560.1,267,525,280,181,230,131,380,0.945165566332598,7.94056205015737,2.81277120579801,0.0211323035068673,0.0250435309515085,-4.14682026692561,1.92540983709408
AT5G40600.1,994,1030,797,78,61,54,381,3.85642983231094,7.94132717351835,15.8634713264258,1.11389167961403e-07,4.08721657722303e-07,8.498707898965,14.4844182082212
AT5G40680.1,2601,2923,2201,2940,3044,3032,382,-0.23237192269011,11.4374298267566,-1.05403259089137,0.320501249900981,0.338657724649067,-6.67777903820178,-1.17476478320946
AT5G41260.1,2082,2652,2003,99,100,117,383,4.39393738519206,8.92520559989215,19.2390606978679,2.19971706963202e-08,1.49325269657557e-07,10.030328182235,21.0235935637688
AT5G41610.1,5898,7061,5203,698,730,635,384,3.12725394989793,10.9888800404864,13.8270745878017,3.49727787980681e-07,9.74241695089039e-07,7.3725505715123,8.73770228164188
AT5G41750.1,185,241,192,53,158,111,385,1.05845123538176,7.15426741085936,2.76860611654472,0.0226805114860296,0.0267306028228206,-4.21842806204073,2.08269450314178
AT5G41830.1,366,409,399,17,5,7,386,5.36269501331997,5.93297667404781,13.9644148853968,3.22215547422395e-07,9.03467123164756e-07,7.45426017151959,41.1464201700205
AT5G41850.1,1201,1192,895,26,79,56,387,4.44974960641615,7.86144334027993,11.4754770789059,1.61860364722511e-06,3.29090504577996e-06,5.81948168693172,21.8528510066897
AT5G42670.1,482,478,406,76,82,73,388,2.54578895705581,7.5566542577515,11.8645785342906,1.23309585121367e-06,2.63183144363514e-06,6.09838020160149,5.83927378885181
AT5G42690.1,4177,4652,3431,39,25,15,389,7.31166942443181,8.32995731655873,21.3542139371835,9.09890202614757e-09,1.11133165567219e-07,10.8244266369642,158.86631251112
AT5G43780.1,2860,3440,2545,387,269,293,390,3.22284395962907,9.90355557450597,13.0553145006403,5.62270006932066e-07,1.35479644297419e-06,6.89613751176454,9.3362549604667
AT5G45980.1,336,494,316,288,285,222,391,0.506843869029623,8.2986542409146,1.94853241627241,0.0845666402267365,0.0954712859401842,-5.51264159060805,1.4209382584466
AT5G46230.1,1355,1482,1185,33,7,5,392,6.82630243272183,6.97062633035141,11.9905452476832,1.13107483316994e-06,2.42615551714953e-06,6.18665897711929,113.480643995151
AT5G46540.1,30403,35566,24908,5535,5152,3786,393,2.65397995429068,13.5445449140367,10.3858820000557,3.62998032037574e-06,6.51573873406356e-06,4.98479049173893,6.294012109271
AT5G46810.1,13094,13350,11408,8886,8263,7621,394,0.611071381179588,13.3142220920932,2.8426129498035,0.0201478006811854,0.0239429542721012,-4.09841292830617,1.52739306793123
AT5G47620.1,4840,5464,4128,227,357,253,395,4.12109379479838,10.1623437234662,16.0207946498617,1.02560727326242e-07,3.88004553266959e-07,8.57865468730699,17.4009455150162
AT5G47770.1,10935,11438,8718,531,591,500,396,4.25167173774197,11.2036367336461,18.8149776557261,2.65514818344074e-08,1.70008741894937e-07,9.85718903203248,19.049374715149
AT5G47790.1,6722,7160,5374,134,184,181,397,5.26563070921094,10.0048125871941,21.6074951690783,8.23304917380354e-09,1.11133165567219e-07,10.9123826896605,38.4691676411252
AT5G48650.1,14169,19690,13153,403,495,283,398,5.32561997982292,11.2501949607926,18.5554225096288,2.9852453124725e-08,1.73063545817662e-07,9.74872338474873,40.1024918687823
AT5G48670.1,397,468,387,34,44,51,399,3.26280191461014,7.07192623444365,13.5165294995344,4.22090578375582e-07,1.11485309641927e-06,7.18443578935503,9.59845307853969
AT5G48970.1,1263,1567,1167,174,193,147,400,2.94924594384131,8.89481541180346,12.5266984610604,7.9017167341643e-07,1.79356427458015e-06,6.55188819129917,7.72345274452219
AT5G49160.1,1451,1914,1476,272,288,201,401,2.66983807313351,9.3102171386242,10.7562541329739,2.73650859375518e-06,5.03846432069087e-06,5.27784749704925,6.36357758740936
AT5G49810.1,27780,28001,23733,1899,1559,1125,402,4.14453855967682,12.6176376561878,15.9862999030071,1.04427703388762e-07,3.8956073698938e-07,8.56120544433361,17.6860327405024
AT5G49830.1,15642,16801,13299,1135,1170,908,403,3.83243487008644,11.9733537564432,16.6912609212081,7.27407134300093e-08,3.05938882955628e-07,8.90915351775034,14.2455050929247
AT5G49890.1,7358,7814,6461,676,762,595,404,3.41245647385315,11.1054681672171,15.2766586679859,1.52623018321493e-07,5.10434865655885e-07,8.19205846685158,10.6476007345534
AT5G49900.1,19997,19065,16202,490,451,334,405,5.44749351849901,11.4396719132745,22.4489488913264,5.95304081287919e-09,1.03650782203857e-07,11.1946189034076,43.6374084065115
AT5G50470.1,617,916,576,794,1000,681,406,-0.243665592628997,9.5500556163628,-0.895319203036735,0.394918245933879,0.413219335379595,-6.83235287222566,-1.1839971371725
AT5G53150.1,4249,5152,4118,1186,994,717,407,2.24434181501258,11.0086698971383,8.631113476458,1.57635771251413e-05,2.57132113562191e-05,3.44678811668568,4.73820892933256
AT5G53250.1,4777,4686,3851,1538,1569,1336,408,1.57964069852609,11.3195237193299,7.13686750865537,6.76029032485187e-05,0.000101404354872778,1.90461868404817,2.98895400914675
AT5G53870.1,9853,10340,8533,1278,1480,1170,409,2.87163546697667,11.7847116783789,12.8823395863978,6.27612661685411e-07,1.45538287493536e-06,6.78515901178169,7.31894379696876
AT5G54095.1,49,65,31,1306,1736,1149,410,-4.86453110040146,7.99501565324512,-15.4441892960323,1.39339949000456e-07,4.82071275170934e-07,8.28099238025513,-29.1319647687644
AT5G54350.1,90,317,422,864,895,605,411,-1.75396459315055,8.72537944610961,-3.36336823516193,0.00886716141086391,0.0109625713119903,-3.25606468564238,-3.37284166317211
AT5G54650.1,8828,9912,7636,651,745,462,412,3.84510076448077,11.1714265014892,14.865420692621,1.91617818591175e-07,6.04441501291281e-07,7.96887421369346,14.371121676562
AT5G57900.1,4340,5369,4272,74,129,68,413,5.72528024050142,9.31587710701821,19.6021195381884,1.87830046259001e-08,1.41366824289669e-07,10.1746597330267,52.903095679808
AT5G58030.1,2247,2483,1813,128,122,60,414,4.45111847354818,8.85371893621589,13.6181244682556,3.9673189946862e-07,1.05713034082011e-06,7.24649727233727,21.8735954083517
AT5G58550.1,1599,1892,1572,97,95,82,415,4.19163535490361,8.62072160284623,19.1404202929492,2.29731184088549e-08,1.49325269657557e-07,9.99050019288281,18.2729208354025
AT5G58760.1,601,815,477,117,203,51,416,2.5171345724125,8.01040332269773,5.39864546600007,0.000501731923539889,0.000692099663018046,-0.229248893971841,5.72444002230029
AT5G58840.1,37724,43937,33183,29053,29397,22977,417,0.495589953672775,14.9670767032763,2.12250185229002,0.0640988771665242,0.0731340912352098,-5.24771557998016,1.40989717909315
AT5G60440.1,1877,2095,1494,1657,1641,1443,418,0.19400412937199,10.7211093080729,0.839349087624189,0.423928571008846,0.441420769327173,-6.88191304965198,1.14393424743928
AT5G60760.1,2620,3209,2547,1035,1297,692,419,1.50793809492383,10.6858338800695,5.34558921419466,0.000536687087822225,0.000737944745755559,-0.300907055164508,2.84403278301787
AT5G62140.1,2062,2070,1964,12,5,7,420,7.89385044079691,7.04205929335254,26.1151690785893,1.64298384034048e-09,6.3825117686807e-08,12.2669027151415,237.840475231056
AT5G63740.1,77,132,75,111,174,107,421,-0.474947122748792,6.7670109506434,-1.5226072774136,0.163644505107522,0.177730361243359,-6.11846846043137,-1.38986727788583
AT5G64400.1,7078,7919,6041,751,549,604,422,3.46758568384524,11.0333488393398,14.6308241699885,2.18753448726916e-07,6.70323067884621e-07,7.83835489994705,11.0623476679161
AT5G65160.1,2035,2509,1681,101,98,54,423,4.6392712698644,8.68068286012412,15.140876484529,1.64425541874942e-07,5.35905207027656e-07,8.11914284087396,24.9206755066245
AT5G65870.1,3287,3242,2640,12,26,18,424,7.33657391485215,7.90270520200879,24.48362205685,2.84669081697943e-09,7.18370800284809e-08,11.8189457490751,161.632545955635
AT5G66100.1,1470,1546,965,162,195,138,425,2.98377977348995,8.85268291043491,11.0450107242671,2.20834057962586e-06,4.26746895792566e-06,5.49952860117278,7.9105596968085
AT5G66250.1,2167,2359,1873,36,107,45,426,5.22357419980427,8.44108804118528,13.5107276079809,4.23592202135993e-07,1.11485309641927e-06,7.18087613164555,37.3639273281893
AT5G66750.1,1588,1933,1464,224,196,209,427,2.97262730326514,9.20300649441242,13.3030716375271,4.81451575675809e-07,1.22942098788644e-06,7.05235924608065,7.84964442126103
AT5G66910.1,3316,3694,2746,138,106,99,428,4.82213296399934,9.24582123163279,19.8647104173288,1.67843042259476e-08,1.38470509864068e-07,10.2768841477144,28.2882880249625
AT5G66985.1,24,36,6,3,2,0,429,3.02523399224671,2.70760449636374,4.47009215463416,0.00172826214051175,0.00229217357614512,-1.54193196818798,8.14115785281813
