AT1G01530.1,769,689,642,37,22,49,1,4.31083215176681,7.29386462897518,15.0931563762118,1.2253154585234e-06,3.56783030570048e-06,6.23394171859015,19.8467675861278
AT1G02580.1,112,117,109,180,136,180,2,-0.537847377275083,7.0969842637381,-3.20740342788558,0.0147090179239402,0.0174863542970276,-3.97955175884548,-1.45180468534534
AT1G02940.1,1334,1545,1380,4414,4981,4011,3,-1.65078889487701,11.2948765256911,-10.5643266489041,1.38556553900242e-05,2.58813185587244e-05,3.63601781405286,-3.14005296679413
AT1G04540.1,539,792,646,65,71,37,4,3.52778930683432,7.58464353149861,12.5410293579748,4.3527329492422e-06,9.84961284514235e-06,4.88753488372844,11.5337464445042
AT1G06470.1,2666,3632,3025,245,215,138,5,3.98493365065231,9.59791451873489,15.9921929622105,8.22375487165077e-07,2.56425742454623e-06,6.65077506978095,15.8337782925994
AT1G07690.1,134,166,96,193,226,102,6,-0.350843041649752,7.19556576472888,-1.03201102497339,0.336067237427487,0.3596827730305,-7.02438212300761,-1.27530563695054
AT1G07705.1,3455,4103,3334,1342,1828,1355,7,1.27598305050998,11.1823996626925,6.87833170071375,0.00022532096597963,0.000326839203399024,0.576400487125631,2.42163771714453
AT1G08030.1,337,347,258,40,51,27,8,2.9984281916669,6.78766297743904,11.6579514743986,7.14123346506988e-06,1.47287940217066e-05,4.35450202769398,7.99128879015359
AT1G08065.1,82,69,59,279,353,367,9,-2.23641249306152,7.25527726116423,-11.7219201053419,6.88184733023721e-06,1.42681232605965e-05,4.39445264164916,-4.71223828142918
AT1G09380.1,680,719,560,225,260,134,10,1.70344016297155,8.49335360016441,6.37662273106698,0.000360206064977581,0.000514951630798274,0.0594097601284149,3.25676622067707
AT1G09550.1,1783,2356,2027,1717,2161,1927,11,0.0839744716902473,10.9545053908795,0.482485434372375,0.644039064348788,0.660724014202383,-7.45866408780734,1.05993402783023
AT1G10010.1,327,244,179,443,547,444,12,-0.968022145071356,8.41269208585245,-4.00058406269082,0.00507971504541558,0.00644733063456593,-2.8387838716013,-1.95615697327036
AT1G10190.1,34565,36031,26500,9085,9161,6586,13,1.97051135414671,13.984016434527,9.58360481195653,2.65094535647471e-05,4.64501929718578e-05,2.92836789114361,3.91907003382457
AT1G11420.1,421,363,364,94,73,122,14,2.00627433445804,7.5770783269954,9.39302027025328,3.02749107860976e-05,5.16761408245459e-05,2.78307095924312,4.01743403210625
AT1G11580.1,4207,6590,4685,120,73,214,15,5.34761081026896,9.63264188929881,13.7680918824424,2.3022427871983e-06,5.77017812487675e-06,5.5677304177421,40.7184520027384
AT1G11810.1,33,39,29,1165,1438,1070,16,-5.14222139431495,7.67653787440621,-27.5975299107316,1.83708986637505e-08,4.279338747556e-07,10.3669996664445,-35.315298710491
AT1G14230.1,2972,3225,2696,394,355,366,17,2.98976525014161,10.0352421340288,20.2697662189136,1.58898541637183e-07,8.73941979004507e-07,8.32400488306715,7.94344733074871
AT1G16290.1,110,95,86,36,54,16,18,1.58134864750535,5.81676629722066,3.91217130153775,0.00569267452190634,0.00717929653081182,-2.96202642155888,2.99249460767135
AT1G17950.1,390,667,668,17,6,0,19,6.80110385564099,5.72631190232046,7.13892348552794,0.000178415602854728,0.000264616399739596,0.833605326275271,111.515764017865
AT1G18250.1,564,697,530,897,888,703,20,-0.474761509297286,9.45130019942076,-2.61395003932054,0.0344056069466635,0.0397219252212209,-4.87018807174302,-1.38968847262166
AT1G18350.1,274,300,299,971,1302,1280,21,-2.00992081894932,9.19353580136386,-11.7762174747884,6.67004638091134e-06,1.40496721640473e-05,4.42819337741467,-4.02760114280803
AT1G19140.1,2753,3372,2682,193,161,143,22,4.14235764663318,9.44107477215461,22.9838757585506,6.61250467166833e-08,5.9161025196836e-07,9.17892818848236,17.6593170737893
AT1G19640.1,20322,24855,14573,1755,2054,1099,23,3.61898464907182,12.4382548633747,12.2357150815523,5.146125188146e-06,1.13214754139212e-05,4.7076469740816,12.2863514245814
AT1G20140.1,5188,6063,5059,1193,1364,1338,24,2.06300130863173,11.3725715217813,13.5130205911239,2.61640757576543e-06,6.39566296298216e-06,5.43167437284666,4.17854684170804
AT1G20690.1,2066,2094,1908,534,549,445,25,1.99235859993176,9.98537356317282,12.9803504231412,3.44307670947073e-06,8.11582367232387e-06,5.13868322962605,3.97886954967748
AT1G20730.1,5099,5031,3866,66,23,76,26,6.53745285194483,8.90800583659702,15.1527666834038,1.19252187882125e-06,3.52416913442698e-06,6.26241360665775,92.8900942805835
AT1G21670.1,657,638,486,709,716,544,27,-0.146074361997892,9.27616846658714,-0.751435299796822,0.476650759833283,0.495416537779475,-7.27982183112659,-1.10655438765057
AT1G21790.1,662,747,689,26,59,20,28,4.43203885037167,7.23405126536942,11.9788934139123,5.94228740170283e-06,1.27197070868882e-05,4.55278022994408,21.5862218375286
AT1G22015.1,1332,1498,1208,1913,2223,1707,29,-0.529854728181354,10.6548754515193,-3.11635303388377,0.0167126517682341,0.0196970538697045,-4.11485928609685,-1.44378380675102
AT1G22040.1,2253,2629,2144,159,183,107,30,3.98850108787698,9.19437639497444,17.5132623013076,4.38708156716569e-07,1.56512099152938e-06,7.29965882187954,15.8729798592726
AT1G22180.1,1215,1478,1020,92,81,80,31,3.84584672760324,8.33511030333853,21.0868100483555,1.20648768808221e-07,8.00065871216905e-07,8.59575166024865,14.3785543622725
AT1G22420.1,793,661,618,6349,6231,5746,32,-3.14971184175985,11.0006819886014,-19.8827354928392,1.81725043386223e-07,9.34585937414864e-07,8.19055634753559,-8.87478298521265
AT1G22590.1,880,856,802,1232,1344,1079,33,-0.520919119449143,9.98559481990798,-3.42290366991161,0.0109204334551639,0.0131844257568442,-3.66237617277904,-1.43486909054035
AT1G23360.1,627,688,476,123,114,68,34,2.570871853164,7.92150619928514,9.59781497518687,2.62506540899739e-05,4.64074063376325e-05,2.93909485373946,5.9416838914009
AT1G27000.1,7798,10145,8103,623,607,634,35,3.79272427528124,11.1776763089624,23.7074211742309,5.32435447736317e-08,5.16991683135978e-07,9.38535341385911,13.8587407970728
AT1G27130.1,4528,7021,5348,134,82,129,36,5.6111579172836,9.63031990578387,21.9322321294768,9.17115039607342e-08,7.26355111369015e-07,8.86351193845911,48.8795099891765
AT1G28460.1,228,211,155,383,353,314,37,-0.833083202556348,8.03405042178564,-4.29908306953042,0.00348791295857133,0.00454346556445476,-2.43076489106191,-1.78148853957615
AT1G29080.1,2060,1925,1539,1032,1073,669,38,1.01327177025646,10.3297759191934,4.37950962297985,0.00315911386827299,0.00414241421137783,-2.32300479014288,2.01848346730808
AT1G32120.1,2890,3405,3202,479,523,437,39,2.72044101306105,10.2652540587796,17.8125997533659,3.90083406994537e-07,1.44367316981156e-06,7.41978026968007,6.59074253428607
AT1G34170.1,1326,1412,1033,1306,1626,1122,40,-0.100221765949835,10.3342838416479,-0.490077951184832,0.638917900714692,0.657172697877969,-7.45459679785816,-1.0719382244035
AT1G34180.1,2370,2098,1830,359,445,413,41,2.3663141736074,9.8452370713868,13.9722647680332,2.08148048621787e-06,5.2501036467661e-06,5.67473696426921,5.15622126251554
AT1G34650.1,27,40,19,1295,1481,1362,42,-5.59963818681087,7.62876410059312,-21.1790342711713,1.17032688825109e-07,8.00065871216905e-07,8.62560698903787,-48.4907676137587
AT1G35660.1,5584,7024,5779,752,754,627,43,3.10367273832613,11.0223229150884,18.5938504864843,2.89595146427154e-07,1.18226472149642e-06,7.72254544883595,8.59604323086482
AT1G43020.1,807,923,589,0,1,1,44,8.90484388947235,5.11908861140284,28.0004054282625,1.65952305221343e-08,4.10731955422823e-07,10.4577396340794,479.319521878493
AT1G43800.1,275,741,591,1,14,7,45,6.3154542011398,5.79335729910607,8.59431910138627,5.42468186781272e-05,8.8767521473299e-05,2.14364989762222,79.6418153571107
AT1G44090.1,683,764,691,842,977,851,46,-0.318664138672506,9.63659762937047,-2.16521071023365,0.0667017702352411,0.0759020144056192,-5.54318136136182,-1.2471751940685
AT1G44130.1,5436,6299,5024,4886,5474,4584,47,0.162852149973801,12.3601202940219,1.01350274609365,0.344237028634721,0.366445869191799,-7.04314988921689,1.11949815455704
AT1G44750.1,8443,9556,7203,1413,1627,1244,48,2.55475133882382,11.7495028080889,14.1882632778481,1.87372705783346e-06,4.84964650262778e-06,5.78615230533523,5.87566172386856
AT1G48910.1,6,15,12,229,131,165,49,-3.91904298715035,5.46211970697474,-11.2838759314988,8.89972557605e-06,1.7621456640579e-05,4.11644393152143,-15.1268845883347
AT1G49290.1,30,18,28,2396,2540,2098,50,-6.50452549534554,7.93896435399211,-29.4125056556277,1.1749927292338e-08,3.53094462318217e-07,10.7616465336639,-90.7940275877866
AT1G49600.1,537,579,493,626,685,689,51,-0.315033422161385,9.2240962724661,-2.1666830624767,0.066556307844008,0.0759020144056192,-5.54100223707995,-1.24404047299956
AT1G52460.1,54,85,84,0,0,2,52,5.6773509678811,3.36699631751427,12.6680744939639,4.06427819713062e-06,9.35729166316119e-06,4.96107875727371,51.1744209524557
AT1G53520.1,1404,1360,1263,751,819,674,53,0.845924623889369,9.96723319298511,5.65648438925366,0.000742369318308549,0.00102075781267426,-0.736800999810409,1.7974163416271
AT1G54170.1,2405,2784,2306,405,554,405,54,2.46688967749288,10.0491167706157,13.3592025647855,2.82932086886921e-06,6.83177478092809e-06,5.3483199670438,5.52850604655859
AT1G54570.1,292,404,274,20,17,19,55,4.02521741383261,6.30733221328578,20.9728428823434,1.25294557435495e-07,8.00065871216905e-07,8.55863294294096,16.2821286020463
AT1G55050.1,848,996,647,95,175,146,56,2.59561799221368,8.37916448417178,9.53438156123874,2.74285091983771e-05,4.7430959137805e-05,2.8910968249451,6.04447899814119
AT1G55560.1,201,251,171,3311,2882,2442,57,-3.79317468876923,9.58383939803588,-18.728174967015,2.75472173384799e-07,1.14568753740405e-06,7.77309714543113,-13.8630682107788
AT1G55920.1,4552,4973,5318,107,93,145,58,5.43681031504494,9.55150546176285,27.2680009166106,1.99854583021743e-08,4.39680082647834e-07,10.2913818079151,43.3154654555511
AT1G57590.1,274,472,286,69,117,107,59,1.79569251331894,7.48678411281623,6.20261512046574,0.000426590767990082,0.000603321229014545,-0.126936562473089,3.47182087011947
AT1G59670.1,644,550,494,1005,1269,873,60,-0.888722755705636,9.57447756913573,-4.5342374196993,0.00261825871550289,0.00346766037237172,-2.11832526580647,-1.85153619911423
AT1G59800.1,498,524,377,929,1047,676,61,-0.912069962998677,9.30980566220328,-4.08835713130239,0.00454177293849503,0.00583942234949361,-2.71750142677346,-1.8817434673157
AT1G59890.1,3249,3837,2848,1342,1463,1104,62,1.34394294111071,11.0108961645521,7.24782700192203,0.000162153535106304,0.000242312452460741,0.938904525925952,2.5384413741693
AT1G59930.1,1089,1486,1242,103,76,69,63,3.93713421899607,8.33407020142502,18.817719177254,2.66493261804213e-07,1.14568753740405e-06,7.80655885980755,15.3177683307239
AT1G60220.1,14234,16556,14464,4252,5009,3993,64,1.77470286706904,12.9901776485853,11.1013136127851,9.93307351447419e-06,1.92818485869205e-05,3.99743084578309,3.42167531267417
AT1G60400.1,49,25,15,1448,1577,1091,65,-5.62439486752481,7.59362940306768,-14.0448885299137,2.00883771462491e-06,5.13225635478365e-06,5.71240036129595,-49.3300507869878
AT1G60440.1,1980,2503,1927,83,59,61,66,4.9671723397593,8.56805427947104,25.1214383019325,3.54989559605856e-08,4.41096901209233e-07,9.76585245777055,31.280080920914
AT1G61330.1,3565,3827,3245,3222,3452,2857,67,0.159433364550077,11.7092544466113,1.03430764962983,0.335064189893274,0.359581081836685,-7.02203579259985,1.11684839657048
AT1G62340.1,4021,4324,3816,4480,4427,3472,68,-0.0178686527945935,11.9924027447081,-0.1084609725999,0.916643693201825,0.9212967068729,-7.58235629259264,-1.01246262557507
AT1G62660.1,1522,1635,1772,111,119,165,69,3.65044971043822,8.85498650489013,18.9585090154553,2.53041462520214e-07,1.11888099593789e-06,7.858790935601,12.5572592489643
AT1G63010.1,8173,10399,8408,307,326,326,70,4.80192025799969,10.7253201928969,30.5237538290122,9.05609080520371e-09,3.28421231882184e-07,10.9863048650043,27.8947217992153
AT1G63090.1,8804,10622,7372,583,456,584,71,4.03629307701787,11.0908691146452,20.5734767390691,1.43260292954375e-07,8.34280529557832e-07,8.42656637070047,16.4076085996793
AT1G63220.1,5463,7005,5641,1139,1103,897,72,2.52606459703544,11.2876703653749,14.2925664269622,1.78191960258482e-06,4.67311365975887e-06,5.83930875946287,5.75998317298871
AT1G64630.1,3217,3506,3039,1107,787,742,73,1.90827118275434,10.7118063867252,9.81765228890927,2.25901932720373e-05,4.02960204312017e-05,3.10320355935184,3.75359028041426
AT1G64750.1,15534,18338,14301,1756,2337,1736,74,3.05248384407308,12.4370218317867,16.3410700430272,7.08518072239444e-07,2.33810963839016e-06,6.80558585668248,8.29639074496818
AT1G65300.1,2364,2194,2020,3019,2627,2475,75,-0.301798231573278,11.247060215463,-1.94881020572827,0.0919129043480782,0.102817825202935,-5.85961910635698,-1.23267991669181
AT1G65330.1,201,159,130,1778,1791,1750,76,-3.45486883552724,9.06528861082249,-18.2158706333529,3.3397435600423e-07,1.31774892349293e-06,7.57795892033068,-10.9652654733229
AT1G65360.1,18,26,34,934,1288,1014,77,-5.35200836088572,7.38670352462687,-20.9451312321499,1.26454796105646e-07,8.00065871216905e-07,8.54956956740438,-40.8427572988672
AT1G66630.1,0,1,8,532,760,447,78,-7.75572476229267,5.26783738162711,-10.5414859961225,1.40578942733192e-05,2.61358034377202e-05,3.62025579603082,-216.125390792967
AT1G67500.1,1936,2311,2173,235,202,247,79,3.22616495639912,9.44714090384419,20.4390538408821,1.49954758743707e-07,8.44708866135269e-07,8.38140271035367,9.35777121004044
AT1G67820.1,1596,1542,1644,16235,18555,16484,80,-3.41961006983357,12.3486526391183,-24.1922613698938,4.62136925478403e-08,4.94611412133643e-07,9.51912941516278,-10.7005279194758
AT1G67830.1,3691,4494,4106,8398,10177,7500,81,-1.07795802855233,12.5350328376184,-6.15915232243471,0.000445240324584107,0.000627456115784009,-0.17406793079751,-2.11104601900717
AT1G69530.1,4854,4743,4349,3,8,25,82,8.8911929469642,7.73571804667657,14.7248273801561,1.45223429214174e-06,4.02684052515515e-06,6.05526004372629,474.805536327141
AT1G69860.1,528,374,389,555,417,376,83,-0.0598399689420575,8.76498698821999,-0.275155046209162,0.791063884240486,0.803234097844185,-7.54617702102578,-1.04235013165994
AT1G70560.1,38,19,32,125,113,104,84,-1.95756367407424,5.86268998140647,-7.49847692975475,0.00013069018927031,0.000198288563030815,1.17651917680078,-3.88405511832072
AT1G70580.1,3523,3937,3103,264,300,203,85,3.79008829294245,9.88034200253181,19.32111029828,2.21815650047529e-07,1.06092865989972e-06,7.99121634939293,13.8334422817448
AT1G71940.1,1386,1539,1327,101,126,68,86,3.87729055124366,8.52852343746244,16.2066166768517,7.50128343273356e-07,2.43484281914958e-06,6.74636483374732,14.6953778711386
AT1G72540.1,119,149,158,14,50,28,87,2.33709843622705,5.98098152901606,5.61288109688397,0.000777171512040633,0.00106491321373042,-0.787186061131146,5.05285379584449
AT1G72580.1,814,814,693,961,1031,552,88,-0.0840505528709556,9.63539339337386,-0.325462641283937,0.754249941120023,0.769801486297755,-7.52919455847834,-1.05998992540829
AT1G73500.1,695,2084,2056,50,20,57,89,5.18412582760928,7.89963750043059,9.57506066062701,2.66664518631526e-05,4.65194490652353e-05,2.92191103724263,36.356107207416
AT1G73560.1,3720,4129,3484,5282,5375,4460,90,-0.414088955972113,12.0871590387155,-2.64414819363397,0.0329207879002619,0.0381188070424085,-4.82458918452901,-1.33245698129866
AT1G76250.1,11435,13952,10764,402,317,451,91,4.95198179423465,11.0718902125265,25.630916604788,3.08428314671063e-08,4.41096901209233e-07,9.89600243856218,30.9524519476806
AT1G76290.1,731,803,782,937,805,823,92,-0.144986880490849,9.6657001158301,-0.999731756509204,0.350415704458441,0.371028392955996,-7.05694948428402,-1.105720598127
AT1G77000.1,1597,1498,1627,168,149,155,93,3.31520699983392,8.96263694846373,23.6406417014408,5.43041961971661e-08,5.16991683135978e-07,9.36664674352962,9.953521268618
AT1G78830.1,5776,7022,11090,902,1080,991,94,2.95338301082644,11.427001270614,11.6165187236812,7.31515701362148e-06,1.49624986297171e-05,4.32850948401261,7.74563227493443
AT1G79530.1,12726,14892,11711,571,609,583,95,4.4704300175681,11.4360021181536,29.010309784353,1.29422168192555e-08,3.53094462318217e-07,10.677258317057,22.1683581270924
AT1G80190.1,1009,1049,745,339,448,226,96,1.50427798409271,9.10097601143627,5.40737509430218,0.000967655460923982,0.00131229987166403,-1.0281401253174,2.83682662949127
AT2G02960.1,2294,2600,2450,1058,1067,950,97,1.25526651819018,10.6284613712752,8.73317224888764,4.88577028259189e-05,8.02807067181074e-05,2.25851370171704,2.38711243172778
AT2G03090.1,7585,11328,7567,1480,1883,1513,98,2.42215475525401,11.8697735992561,11.343382901679,8.58968776988121e-06,1.72665804917409e-05,4.15482931254747,5.35970930507495
AT2G03190.1,5794,5579,3862,3908,3935,2990,99,0.480212581698142,12.047276480765,2.21984243972434,0.0615123380426021,0.0704014042337296,-5.4621365022074,1.39494919753628
AT2G03770.1,973,1082,894,968,1097,750,100,0.0802183566359123,9.89800394229614,0.424150340766025,0.684061992612959,0.699970411045819,-7.48791675439389,1.05717803582335
AT2G04032.1,192,210,159,286,217,166,101,-0.227103741021344,7.65871331079822,-0.976594852059743,0.360989609307638,0.381205027428865,-7.07981360830529,-1.17048280528785
AT2G04750.1,246,240,138,294,288,180,102,-0.299715024431649,7.80992339239521,-1.00517499417504,0.347963248035538,0.369419426868829,-7.05151183721241,-1.23090124939139
AT2G07040.1,68,79,76,168,234,121,103,-1.17029820934988,6.81756213546175,-4.70152342884502,0.00214565230647613,0.0028705348424478,-1.90094782825278,-2.25058212331092
AT2G13560.1,50528,61801,51461,11556,12771,10264,104,2.24292921619511,14.6090053319432,13.6391442774598,2.45535545408723e-06,6.07700474886588e-06,5.49928335777763,4.73357183526235
AT2G15280.1,3757,4071,3975,445,458,398,105,3.18029268650053,10.3513114031024,22.3242450309646,8.10416941274877e-08,6.68593976551774e-07,8.98329838483903,9.06490993782714
AT2G15325.1,732,743,520,1284,1274,882,106,-0.782712013985195,9.75201192749938,-3.45035227594897,0.0105188057782611,0.0127383703002794,-3.62232263542512,-1.72036181400698
AT2G15660.1,106,84,37,77,39,60,107,0.286905928223312,5.98947551454915,0.679619001985362,0.518367759106726,0.537365530382889,-7.33435980167273,1.22002095549625
AT2G17750.1,501,472,385,5301,5384,3937,108,-3.42020067188071,10.5266659907931,-17.7479207505185,4.0004703085374e-07,1.46683911313038e-06,7.39402373701928,-10.7049093356892
AT2G17990.1,2844,3699,2957,326,335,271,109,3.34166724672317,9.94847598653731,19.1158166099222,2.38917563036528e-07,1.10013203444727e-06,7.91660875234438,10.13776166233
AT2G18280.1,3904,5372,4249,243,358,194,110,4.11665279883778,10.0669622944641,16.0714018573158,7.94802248538481e-07,2.54856076390588e-06,6.68625182894024,17.3474631724597
AT2G18880.1,417,435,326,17,45,44,111,3.54778340950896,6.83567172269748,9.49929488817116,2.81056420881348e-05,4.83905837691364e-05,2.86442172679404,11.6947037401925
AT2G19400.1,393,371,372,170,146,182,112,1.19033925093778,7.97291119147099,7.87844879521545,9.52617617951793e-05,0.000147358037776918,1.52462712056905,2.28206399789294
AT2G19430.1,607,823,651,97,87,149,113,2.66006534720317,8.09768605801771,10.9846890985707,1.06643052205286e-05,2.05003148899483e-05,3.92039883389892,6.32061678221181
AT2G19480.1,5919,7620,6283,1229,1697,1407,114,2.19703952113665,11.583018081374,11.8099057116827,6.54235916988069e-06,1.3854407653865e-05,4.44904961843382,4.58537435277501
AT2G19500.1,4576,5403,4305,8001,8622,7116,115,-0.73501381951619,12.5782172897893,-4.50870138688211,0.00270001427735956,0.00356401884611462,-2.15186577133111,-1.664413412694
AT2G20160.1,445,516,364,2479,2870,2003,116,-2.46848526322467,10.0098003062799,-12.0036647787295,5.85968919127132e-06,1.26289220658337e-05,4.56786248685333,-5.53462382261959
AT2G20780.1,1530,1740,1677,268,276,165,117,2.83274736521266,9.26978833592391,12.4649038965811,4.5366907056082e-06,1.01498842905133e-05,4.84310234355775,7.12429553820551
AT2G21420.1,686,722,721,24,91,44,118,3.91953397016499,7.5128573991363,9.11514025223858,3.69005646665656e-05,6.19178966438982e-05,2.56633480521555,15.1320334986233
AT2G21930.1,39,48,21,96,113,60,119,-1.32249021209163,5.79326829192577,-3.71315657082414,0.00738837576624512,0.00922964291303807,-3.24327858095826,-2.50097426467723
AT2G23990.1,3037,3407,2665,3367,3940,2821,120,-0.146815963328201,11.6347669282697,-0.792032177977113,0.454087960430151,0.473207453500894,-7.24693044825251,-1.10712334583971
AT2G24740.1,3613,3917,3263,665,747,469,121,2.54163934719326,10.5384162647713,12.1557293934933,5.38030778275331e-06,1.17066037470896e-05,4.65976845484336,5.82250247299601
AT2G25700.1,313,321,312,784,802,737,122,-1.29257518447261,8.95147308354926,-9.54898884343179,2.71520640172303e-05,4.71588480299263e-05,2.90217564482339,-2.4496492346565
AT2G26280.1,2877,3475,3319,446,376,338,123,3.06111252406688,10.1197873278962,17.9995998960985,3.62829206412998e-07,1.36838443561473e-06,7.49364175157939,8.34615968775183
AT2G27040.1,21567,25811,21620,8673,9659,8169,124,1.378698385812,13.7948190477791,8.81322786341224,4.60269425470666e-05,7.59444552026598e-05,2.32400819972124,2.60033660203257
AT2G28380.1,4217,4766,3969,276,302,307,125,3.86414329722555,10.1399725453518,25.9529855661464,2.82595539591113e-08,4.41096901209233e-07,9.97648253694047,14.56206750637
AT2G28700.1,83,90,60,111,106,118,126,-0.537596757075451,6.54574817871784,-2.82652290454362,0.0252653832271033,0.0294267404645086,-4.54940105446919,-1.45155250455312
AT2G30160.1,1459,1910,1313,232,223,215,127,2.78172856939727,9.19967380765709,15.3864820906639,1.07323244761941e-06,3.24427518517012e-06,6.37287548993672,6.87675796565211
AT2G31360.1,35143,40145,32427,1529,1709,1471,128,4.51208444601069,12.8702617241421,28.874732096414,1.33747902393264e-08,3.53094462318217e-07,10.6484294881982,22.8177470416592
AT2G32370.1,2611,2165,1782,10495,11009,9725,129,-2.26662067750958,12.210592904348,-12.4172629737337,4.65630337969649e-06,1.03589670694371e-05,4.81515480361099,-4.81194675023206
AT2G32750.1,10752,11776,9671,583,648,845,130,3.96644050244624,11.4020246112228,21.021856689336,1.23272006470281e-07,8.00065871216905e-07,8.57462714448483,15.6321087338965
AT2G32990.1,1352,2082,1436,16,4,16,131,7.13946127236216,7.06868189531043,14.7328478179244,1.44680977999055e-06,4.02684052515515e-06,6.05920221263377,140.991196414843
AT2G34200.1,1072,1062,872,44,23,9,132,5.49748479799296,7.21499029630921,11.0668937125854,1.01427954335265e-05,1.95929121545195e-05,3.97477832172796,45.1760052191585
AT2G34260.1,1133,1479,1216,346,288,352,133,1.95015264327405,9.33415695775373,11.3020799129841,8.8035528590592e-06,1.75186277999369e-05,4.12820759941462,3.86415413802137
AT2G34440.1,99,71,61,34,43,51,134,0.826274382626853,5.84285530922121,3.47766356190061,0.0101349265786362,0.0123111378071777,-3.58255260395059,1.77310058797053
AT2G34880.1,646,835,692,69,113,52,135,3.26386636351256,7.86196434364725,11.3033463484905,8.79690619622923e-06,1.75186277999369e-05,4.12902529566333,9.60553762007987
AT2G34890.1,233,220,182,26,47,16,136,2.91555142437464,6.26687999356564,8.08309533806705,8.07580951418004e-05,0.000126905578079972,1.70634062002812,7.54515963399255
AT2G35010.1,7683,9302,7392,997,999,837,137,3.10119319643337,11.4304255061163,18.7135186783093,2.76974386258992e-07,1.14568753740405e-06,7.76760223208905,8.58128200765306
AT2G35670.1,1787,1892,1868,26,41,45,138,5.62929122987764,8.0382345752719,25.2480641796598,3.42709968557981e-08,4.41096901209233e-07,9.79853049482109,49.4977564616552
AT2G36310.1,5742,7720,6875,837,1114,862,139,2.8542211652757,11.2893943085332,15.0654323160918,1.24091602166848e-06,3.5868813473045e-06,6.22065800092585,7.23113026194429
AT2G37390.1,570,600,545,33,45,11,140,4.42844598632179,6.9462187591704,9.58603529192049,2.64649849660456e-05,4.64501929718578e-05,2.93020364827585,21.5325307484269
AT2G38220.1,3452,3868,2822,2335,2407,1920,141,0.60110233548035,11.4109131808419,3.2900356095463,0.0131117698729971,0.0156865887302322,-3.85738999717858,1.51687513889642
AT2G39220.1,7976,9890,7984,198,135,114,142,5.87567680484353,10.1276975733346,25.1710282940205,3.50121749686848e-08,4.41096901209233e-07,9.77867636995335,58.7157973751783
AT2G39300.1,235,229,235,34,74,59,143,2.11526128220623,6.8126280754529,7.5825829745807,0.00012172194259288,0.000186560257701346,1.25480603119324,4.33268479070337
AT2G39650.1,402,1464,1608,89,68,60,144,3.76405156596343,8.05906407987196,7.27233951647648,0.00015872740184392,0.00023809110276588,0.962431644063412,13.5860255370941
AT2G40030.1,7146,8301,6635,771,870,780,145,3.18343292549532,11.2477713574173,20.409957063414,1.51450327009101e-07,8.44708866135269e-07,8.37157877461695,9.0846625435849
AT2G41040.1,154,184,107,36,14,6,146,3.21289816155298,5.58101537520818,5.6826364982537,0.000722331480391269,0.000996666432874365,-0.70670420226674,9.27211308264348
AT2G43660.1,2708,3021,2131,4607,5620,3803,147,-0.832337761917261,11.7571103296673,-3.92653290250827,0.00558784945793692,0.00706961145477003,-2.94193448083964,-1.78056828207915
AT2G43670.1,3991,4603,3753,5042,5815,4437,148,-0.305263652591192,12.154558845729,-1.79369332708195,0.115521298542978,0.128863194994421,-6.0803026777659,-1.23564443057618
AT2G43690.1,89,91,55,13,0,10,149,3.85199447791646,4.34825941918987,4.09733867365745,0.00449034075361567,0.00579210077665083,-2.70515170756179,14.4399563686759
AT2G45110.1,561,740,489,8306,9403,8012,150,-3.86096781085602,11.1319485692711,-19.8939574919274,1.81012718315304e-07,9.34585937414864e-07,8.1944699734049,-14.5300504881378
AT2G46650.1,1982,1805,1200,11,20,4,151,7.23428785234269,7.05021326563377,14.4479126410249,1.65450751579656e-06,4.4875683305167e-06,5.91771482220672,150.569719319027
AT2G46990.1,394,564,476,1,2,19,152,6.58625692025467,5.59542532533017,8.34415592660671,6.57401752047185e-05,0.000104132437524274,1.93254793082775,96.086172084029
AT2G47230.1,1282,1567,1363,311,356,217,153,2.27342547352026,9.31450167264956,10.471451150985,1.46991753469975e-05,2.7200343165472e-05,3.57172144641234,4.83469699172153
AT3G01060.1,1303,1334,1132,333,415,231,154,1.9783864402946,9.3032348887282,8.4580413427939,6.01977618942743e-05,9.69037142688319e-05,2.02932416109735,3.9405211382253
AT3G01240.1,19,78,29,404,209,58,155,-2.24202240870899,6.29854435057882,-2.92043468612186,0.0220753824619796,0.0259402120324746,-4.40808332718847,-4.73059747856953
AT3G01270.1,57,291,214,3481,2781,2008,156,-4.12795687910986,9.32931124075395,-7.11306602196842,0.000182541238564819,0.000267936720913223,0.808416511590717,-17.4839212387256
AT3G04100.1,422,372,273,25,60,46,157,3.0599372829847,6.92522394395289,9.14268564081094,3.61753480328269e-05,6.09593098765934e-05,2.58808415497091,8.33936354901654
AT3G06860.1,7659,10108,8211,725,857,763,158,3.46130361843874,11.3393479437297,20.4916012721037,1.47296261321907e-07,8.44708866135269e-07,8.39910094671016,11.014282549538
AT3G07190.1,2220,2608,2209,233,194,263,159,3.35133880265058,9.51636578555578,19.3142220473254,2.22366360534538e-07,1.06092865989972e-06,7.98872841421355,10.2059516187413
AT3G08040.1,192,197,99,13,19,10,160,3.42565173718005,5.57573074711745,10.2439858393008,1.70223829433896e-05,3.1207702062881e-05,3.41192785316662,10.7454331731214
AT3G08620.1,3219,3574,2980,403,440,380,161,2.99388654791454,10.1691077792248,19.7973198862377,1.87252746504397e-07,9.50667789945399e-07,8.16068012289696,7.9661715484133
AT3G09340.1,376,431,362,87,138,59,162,2.11062355548619,7.5503995400662,7.02765073187119,0.000196951326047679,0.00028673795998118,0.724693404083088,4.3187791869661
AT3G10900.1,1298,1453,1303,600,487,360,163,1.5133039594791,9.64258982812663,7.14470892792876,0.000177506938582329,0.000264258449919557,0.839231275838716,2.85463038632141
AT3G11200.1,4297,5009,4301,639,774,567,164,2.78703625012659,10.7500940299145,16.0432785308855,8.04469938101605e-07,2.54856076390588e-06,6.67367805174671,6.9021041810775
AT3G11490.1,720,1084,912,105,127,76,165,3.13903294376626,8.23441880363583,12.8252993467951,3.73689697043961e-06,8.75627929168098e-06,5.05105474251287,8.80933394255901
AT3G11740.1,195,145,84,72,108,67,166,0.72281787140855,6.70989951067337,2.14688416895389,0.0685392334783227,0.0777694454367214,-5.57028009682453,1.65040245389951
AT3G12110.1,2884,3805,2766,414,663,499,167,2.59491037872451,10.31005227011,11.4627356711015,8.0040731868085e-06,1.61714948060009e-05,4.23122510756813,6.04151502724347
AT3G13280.1,66,97,44,42,106,72,168,-0.0616347230268692,6.08836807181432,-0.154487439519718,0.881542530214396,0.890537862155359,-7.57548390778499,-1.04364765208329
AT3G13400.1,216,397,200,3751,2934,2809,169,-3.59990525715134,9.81636180996469,-12.5721177712817,4.28005560572587e-06,9.74081620613473e-06,4.90560141658095,-12.1249362524203
AT3G14205.1,9218,9964,8912,1150,1068,1117,170,3.07244043463373,11.6553611268822,22.1112318104555,8.66525565099903e-08,7.00294130162371e-07,8.91854230752388,8.41195093180552
AT3G16320.1,435,604,501,336,364,419,171,0.452638752758098,8.76718702725084,2.49347751301771,0.0410548910211272,0.0472608629196697,-5.05197184798921,1.36854109090756
AT3G16720.1,680,1088,1168,154,124,62,172,3.15738994260813,8.31842450911615,8.49713792071857,5.84182830557279e-05,9.52001649797048e-05,2.06228638576118,8.92214096818799
AT3G17250.1,640,762,581,152,197,82,173,2.27427041408079,8.22439650508012,7.08187856890105,0.000187660706074177,0.000274220072344553,0.777939124838896,4.83752934917781
AT3G18210.1,638,752,566,109,94,119,174,2.58842572769901,8.04691483633755,14.7220224030052,1.45413685630603e-06,4.02684052515515e-06,6.05388080693952,6.01442045750886
AT3G19160.1,209,218,148,676,604,548,175,-1.6787548656709,8.40877779874527,-8.46645942496879,5.98095009357307e-05,9.66716831450994e-05,2.03643261117472,-3.20151521361011
AT3G19350.1,1194,1829,1539,444,621,680,176,1.38639806254178,9.8565134592697,5.89938356994777,0.000577658688583983,0.000805467748870624,-0.460766543399894,2.61425172197578
AT3G21580.1,1599,2056,1655,727,734,478,177,1.47013076671346,10.0461576919096,6.69481301562797,0.000266675896295884,0.000382621938163659,0.390699394619917,2.77047004184949
AT3G21700.1,125,212,160,32,50,53,178,1.85706648611565,6.41910223088896,6.87158530883857,0.000226707137234984,0.000327649731186327,0.569641659853125,3.62270287926796
AT3G21720.1,95,142,113,1,8,22,179,3.96141229805499,4.8785351348606,4.99528280954213,0.00152749039469472,0.00206445800784679,-1.52905152842446,15.5777212020093
AT3G22810.1,476,467,536,256,238,229,180,1.02833568181844,8.43149497694889,7.11218226888712,0.000182684127895379,0.000267936720913223,0.807554332927876,2.03966989486872
AT3G23060.1,1224,1425,1189,98,87,85,181,3.81267238837004,8.41135385865802,24.9117096829141,3.76448201840471e-08,4.4261441317808e-07,9.71123873566973,14.0516962270613
AT3G23780.1,6352,8543,6902,1313,1512,1325,182,2.38370503726064,11.6237894828475,13.9752278201916,2.07845885208098e-06,5.2501036467661e-06,5.6762776901364,5.2187526941633
AT3G24790.1,228,293,305,163,303,239,183,0.261297953985258,7.96810568154936,1.02319219315334,0.339940804743446,0.362847867057694,-7.03335600265942,1.19855652882368
AT3G25250.1,370,696,827,7,14,2,184,6.39397469455296,6.02760504605304,10.8733240995628,1.14200294534297e-05,2.16379505433405e-05,3.8460956211769,84.0965490375756
AT3G25260.1,66045,75681,57936,371,285,524,185,7.43527992158891,12.2960412142744,30.1288958321877,9.92326069434246e-09,3.28421231882184e-07,10.9078728946977,173.078165182872
AT3G25280.1,1853,1616,1312,1660,1303,1091,186,0.244953013292925,10.5022503910176,1.13323819313044,0.294070781209263,0.316445731953446,-6.91741955162409,1.18505417463499
AT3G25420.1,2051,2498,2524,2554,3383,2858,187,-0.310966153118581,11.3528223679661,-1.77500714691659,0.118732232698875,0.131702980808837,-6.10644919809869,-1.24053819326817
AT3G25540.1,1014,1462,1084,110,85,45,188,3.94707160547789,8.22161666177535,11.7427460350563,6.79972060218669e-06,1.41720492550838e-05,4.40741237318928,15.4236424285815
AT3G25710.1,495,542,515,21,27,13,189,4.65869683028733,6.6873955693945,18.0140241554172,3.60818679323349e-07,1.36838443561473e-06,7.4993019823476,25.2584959652297
AT3G26590.1,681,627,684,625,603,591,190,0.130110634625682,9.31101430127506,0.950612817801497,0.373153533060344,0.393002125244405,-7.10500154012696,1.09437762157153
AT3G26650.1,21140,28122,27967,7209,7280,6422,191,1.87465744347729,13.7022407281077,10.8524389407562,1.15684218655326e-05,2.18147383750043e-05,3.83207890523461,3.66714533479106
AT3G26990.1,4246,4855,4514,396,566,544,192,3.18932627674061,10.5514339856201,17.2397304853275,4.89252498688477e-07,1.72985704893426e-06,7.18780746131007,9.12184892559691
AT3G27640.1,873,937,859,454,437,407,193,1.03873043164891,9.27834359471069,7.43510684184872,0.000137939768306529,0.00020848911545567,1.11705881008221,2.0544189735928
AT3G27785.1,537,435,408,710,730,646,194,-0.603150509096357,9.14010982797328,-3.65982043118266,0.00793104233343741,0.00984543186219817,-3.31952641987998,-1.51903015430217
AT3G28980.1,481,747,789,117,414,176,195,1.67942550450098,8.52211812747687,3.6826030566094,0.00769413228799678,0.00958137228316581,-3.28691316635205,3.20300378844113
AT3G42830.1,184,191,128,361,259,248,196,-0.784881471839673,7.76829780814008,-3.41371824927617,0.0110584937495261,0.0133105274310405,-3.6757981436199,-1.72295076035062
AT3G43520.1,11452,13803,12188,793,910,668,197,3.98645466462093,11.6099489461726,22.8574964681194,6.87224030064256e-08,5.9161025196836e-07,9.14200925578866,15.8504804348679
AT3G43540.1,5062,6327,5252,598,611,626,198,3.17203828475128,10.8447263651368,20.7833190880519,1.33479082934776e-07,8.25901825658926e-07,8.4963495320005,9.01319300761378
AT3G43920.1,1142,1246,1033,399,460,513,199,1.31959074298705,9.49249659795951,8.01111771466174,8.5554572621994e-05,0.000133911504973556,1.64287671942779,2.49595295705161
AT3G44370.1,3237,3498,2949,387,345,386,200,3.10979421090357,10.0984740474412,20.9544863655539,1.26061749592899e-07,8.00065871216905e-07,8.5526309174391,8.63259443253414
AT3G45090.1,6028,7930,6797,3925,4229,3642,201,0.808562347747094,12.3430137356123,4.91311277755606,0.00167773709767358,0.00225214878196182,-1.63182189187167,1.75146522955386
AT3G45870.1,4245,6938,7295,65,38,58,202,6.81095044461498,9.14295501816834,23.6796781770251,5.36812903936925e-08,5.16991683135978e-07,9.37759024956855,112.279477464097
AT3G48950.1,7404,7688,6276,8398,8516,6194,203,-0.103432092207115,12.8446239720276,-0.554838724636911,0.596111077156257,0.616344612412213,-7.41751439547041,-1.0743261878883
AT3G49500.1,3202,4065,3393,460,652,494,204,2.73750886507311,10.4190367115175,14.2631000695439,1.80732680947021e-06,4.70856195098818e-06,5.82433375468613,6.66917758405028
AT3G49660.1,1450,1689,1593,350,321,442,205,2.09555608741752,9.57358037270016,12.0011593000781,5.86798399018538e-06,1.26289220658337e-05,4.56633842517762,4.27390869466588
AT3G49680.1,4568,5219,4009,1534,1830,1330,206,1.55871648934707,11.3796028686625,8.41382095618004,6.22846380598478e-05,9.9857152517003e-05,1.99188201783813,2.94591639913505
AT3G49730.1,129,170,117,11,17,14,207,3.22036175983473,5.49744024584136,14.6690305941879,1.49061834167069e-06,4.0992004395944e-06,6.02777075695016,9.32020546646469
AT3G49770.1,12,12,10,356,405,412,208,-4.99160103257142,6.11590420125887,-32.4786768957043,5.85468270715984e-09,3.28421231882184e-07,11.3533816219251,-31.8142461691207
AT3G50060.1,5277,24607,16109,534,693,616,209,4.38565689462195,11.449932984983,8.40347839260413,6.27844413570545e-05,0.000100252575715297,1.9831001559202,20.9032722021191
AT3G50720.1,19,26,16,2290,2752,2090,210,-6.81808318206288,7.7971344037985,-31.516940246207,7.23182450232815e-09,3.28421231882184e-07,11.1770834672954,-112.835965854379
AT3G51895.1,20561,26530,23244,117,100,173,211,7.51463972951194,10.7519192074101,32.142746848909,6.29855085377941e-09,3.28421231882184e-07,11.2927136345094,182.865578905741
AT3G53000.1,415,453,392,22,45,43,212,3.54627272564643,6.94198820640699,12.6464139128311,4.11188492695627e-06,9.41217590216579e-06,4.94859332936086,11.6824643180313
AT3G53370.1,580,732,597,220,438,283,213,1.06944620243499,8.77329870402799,4.01042590058386,0.00501606663882201,0.00638701732788912,-2.82513135509967,2.09862762664894
AT3G54100.1,1957,2143,2025,180,155,228,214,3.4537402682734,9.2683540988175,19.0102494434343,2.4829354564038e-07,1.11732095538171e-06,7.87787071426588,10.9566911036986
AT3G54800.1,72,90,59,216,318,105,215,-1.40079150202844,6.90189901590996,-3.53295950578084,0.00940314330451428,0.0114927307055175,-3.5022920380701,-2.64046405516699
AT3G55320.1,5673,6548,5334,152,189,231,216,4.94775248684897,10.0356177254749,25.1067924309155,3.56441940371097e-08,4.41096901209233e-07,9.76205854340795,30.8618467001487
AT3G55420.1,5272,9056,7923,355,402,263,217,4.42882513655043,10.6060004278928,17.08521122738,5.2072074512338e-07,1.80445583898471e-06,7.12371999505209,21.538190390004
AT3G57220.1,1315,1742,1440,272,271,325,218,2.3644023705448,9.35851723073949,13.7066258902461,2.37383090173857e-06,5.91218262319795e-06,5.53518800221298,5.14939296498888
AT3G57270.1,28348,31580,26551,24187,26172,21968,219,0.257778416745815,14.6825482493032,1.68126906279597,0.136164073954359,0.150617243815437,-6.23596598573896,1.19563614514713
AT3G58470.1,2065,2417,1863,559,412,411,220,2.20354256574028,9.93703178805268,11.5423712105727,7.63854587987202e-06,1.55121239406632e-05,4.28176329403752,4.60608988829458
AT3G59640.1,968,1057,1042,138,166,133,221,2.80842188479785,8.59378912761737,18.1992828232839,3.36092528466632e-07,1.31774892349293e-06,7.57153331494888,7.00517885031109
AT3G59790.1,2188,2173,1985,2238,2135,1894,222,0.0201751647126738,11.0358598748892,0.137466512394452,0.894494602384721,0.90132280545636,-7.57830428865341,1.01408259707996
AT3G61740.1,955,1077,909,157,182,90,223,2.82581859305315,8.52200103874653,10.4084501754303,1.53044974579886e-05,2.81887488063417e-05,3.52779632406579,7.09016200838376
AT3G62130.1,893,1096,943,120,121,89,224,3.14822273659373,8.35459592535259,17.1555743977139,5.06113888651266e-07,1.77363805226462e-06,7.15298515088184,8.86562743476323
AT3G62230.1,57,204,129,4036,3696,3581,225,-5.02597597133075,9.3662642882192,-11.8649930925865,6.33949578256377e-06,1.34969910209422e-05,4.48302638289563,-32.5813837318286
AT4G00220.1,3283,3520,2885,8,7,22,226,8.08812551687761,7.60855841093858,20.6833219664662,1.38041952931183e-07,8.34280529557832e-07,8.46320415313531,272.124966932447
AT4G00231.1,4823,4998,4695,1415,1550,1380,227,1.74085619043884,11.3697901370118,12.521093064642,4.40007674875646e-06,9.90017268470203e-06,4.87592517572257,3.34233465117997
AT4G00550.1,1725,1757,1618,110,79,92,228,4.17944020075981,8.6415543578284,24.6448594182588,4.05922343083472e-08,4.59272136745872e-07,9.64085449907436,18.119110164246
AT4G00570.1,21777,27649,21460,1499,1548,1248,229,4.04019313803761,12.4982385609457,23.0536905170855,6.47382791695457e-08,5.9161025196836e-07,9.19921103575211,16.452023562246
AT4G00690.1,105,169,95,18,51,63,230,1.59130221994579,6.11177352050112,3.39518839866928,0.011342749644132,0.0136112995729583,-3.70290218224337,3.01321208357335
AT4G00730.1,14643,16087,13726,1358,1307,1453,231,3.42972001555819,12.1372893811741,23.6079346833516,5.48324512416947e-08,5.16991683135978e-07,9.35745945408832,10.7757771523194
AT4G00780.1,2209,1758,1334,24,13,8,232,6.88395277835034,7.31568842693339,18.0460587616193,3.56398739655366e-07,1.36838443561473e-06,7.51185385140696,118.107173165182
AT4G01840.1,1781,1921,1897,273,304,251,233,2.7566536934687,9.48765265970458,18.7060601876242,2.77742433310072e-07,1.14568753740405e-06,7.76480395359227,6.75826861634751
AT4G02700.1,270,383,389,38,39,16,234,3.52654956694156,6.66153916847076,9.89024088815888,2.15112757876283e-05,3.8720296417731e-05,3.15664303763072,11.5238394972445
AT4G08590.1,2652,3116,2352,1387,1899,1453,235,0.781083298454066,11.0026706857991,4.08480367867246,0.00456229909485034,0.00584682990796354,-2.72239059058277,1.71842072535815
AT4G09580.1,565,683,483,16,27,11,236,5.00053124365442,6.66019237650358,15.7788893974079,9.02204996990614e-07,2.79119670943971e-06,6.55425926543953,32.0117855310803
AT4G09900.1,4180,4566,3645,1330,1307,1213,237,1.68058928693199,11.1659594393545,10.9696783641427,1.07627827920256e-05,2.05896714282229e-05,3.91042632619029,3.20558860595984
AT4G10160.1,373,488,349,977,1234,1203,238,-1.50193647717059,9.3949003141427,-7.89239842590673,9.41847589679083e-05,0.000146839230516896,1.53713909042818,-2.83222616886752
AT4G10260.1,3,15,31,1,2,1,239,2.47167916642628,2.43082708345353,3.57142471744425,0.00892781761383217,0.0109455596751627,-3.44667118779494,5.54689019480508
AT4G10640.1,3559,4291,3434,274,270,243,240,3.83167202766232,9.95456074294075,24.3481252094565,4.4183197653191e-08,4.86015174185101e-07,9.56138688459901,14.23797460118
AT4G11130.1,2778,3727,3140,341,331,372,241,3.19520690833959,10.0429113763325,19.2809383629267,2.25049406212388e-07,1.06094720071555e-06,7.97669186077885,9.15910677075253
AT4G11320.1,188,232,98,0,0,1,242,7.01859506298499,3.84263086482583,17.6311039466661,4.18785726813752e-07,1.52146007172703e-06,7.34722854070071,129.660484884334
AT4G11400.1,788,821,696,3577,4307,3941,243,-2.35685378269201,10.7623905312005,-15.2903925314838,1.12055293856781e-06,3.33638318551017e-06,6.32768400135392,-5.12252025099392
AT4G11940.1,14,11,13,89,188,81,244,-3.03747983559385,5.28514259059269,-9.3834909423963,3.04785048295298e-05,5.18003773068403e-05,2.775735452729,-8.21055551219764
AT4G12080.1,527,593,505,148,107,84,245,2.28608661869673,7.93752562893614,10.0913124463175,1.8814940416891e-05,3.41775981884809e-05,3.30278094688635,4.87731319898693
AT4G12140.1,281,241,186,430,463,354,246,-0.825297073015897,8.28108488636162,-4.03164341865402,0.00488179213306458,0.00623609575707604,-2.79574425413041,-1.77189986197512
AT4G12590.1,3261,3921,3355,326,229,264,247,3.69098548715028,9.92832121887281,20.1226879789125,1.67164789941033e-07,9.0681173721437e-07,8.27366011620902,12.9150872715746
AT4G13345.1,1684,2269,1503,30,12,24,248,6.37436869720748,7.62001508803797,18.7468982079763,2.7356659351561e-07,1.14568753740405e-06,7.78010944550432,82.9614208181171
AT4G13460.1,17620,20052,16559,3542,3566,3267,249,2.3821700593608,12.9462328692573,16.0052955194154,8.1774016001776e-07,2.56425742454623e-06,6.65665704212108,5.21320307362973
AT4G14690.1,5919,6447,5372,5841,7267,5390,250,-0.0527989765143317,12.5522426921743,-0.304187362070426,0.769741931153486,0.783593328372186,-7.53671480343478,-1.03727539372236
AT4G15040.1,2138,2225,1793,1626,1952,1567,251,0.259246068583915,10.8676845721835,1.54718594177294,0.16531453830398,0.18134226362431,-6.41581842484058,1.19685308317326
AT4G15050.1,66870,72249,52268,28711,32335,24395,252,1.15963138716361,15.368007965169,6.06573036801963,0.000488496248784225,0.000685973455739551,-0.276181240178739,2.23400340876103
AT4G15380.1,132,120,74,0,0,2,253,6.20600062085017,3.6313211439988,13.4662131235774,2.67920727565342e-06,6.50899436293714e-06,5.40641470234122,73.8231104929122
AT4G15900.1,3561,4266,3936,675,774,617,254,2.5099880763712,10.6784590263017,15.6289640418368,9.63598581324009e-07,2.93526952464852e-06,6.48555195961732,5.69615370445353
AT4G16760.1,53457,64794,56592,10726,12650,11208,255,2.33658543696643,14.657723651162,15.0281553418437,1.26224951402377e-06,3.6221073011117e-06,6.20275509211833,5.05105740132866
AT4G17486.1,1796,2280,1790,876,913,785,256,1.18083538568221,10.3340406560949,7.13213140069295,0.000179489053014127,0.000265215167886546,0.826995876461482,2.26708013253392
AT4G18400.1,1016,1189,1091,62,49,46,257,4.37462733267346,7.91255532132082,25.5712086553521,3.13507832603104e-08,4.41096901209233e-07,9.88093125109222,20.744073712
AT4G18800.1,3836,4732,3746,882,956,689,258,2.28890840829008,10.850819968745,12.1708635904495,5.33508478296131e-06,1.16723401881364e-05,4.66885195451744,4.88686214689831
AT4G20800.1,18657,18301,13914,26082,26713,20901,259,-0.538636750485599,14.3065096109128,-2.86991250183903,0.0237351109291629,0.0278079997868299,-4.4840612207856,-1.45259926027109
AT4G20830.1,1120,1364,1614,493,565,528,260,1.35414162055445,9.72378727245409,7.52272725722122,0.000128030244891488,0.000194999911450112,1.19916504065348,2.55644966512801
AT4G21430.1,4204,4803,4092,107,149,216,261,4.84053201572913,9.66868514956584,18.5366970596504,2.95853044423957e-07,1.19548781216211e-06,7.7009055708639,28.6513659485874
AT4G21630.1,15402,19106,15638,76,34,71,262,8.16653449705663,9.93859876822237,26.0674150612729,2.74018150321203e-08,4.41096901209233e-07,10.0047496140591,287.323960553557
AT4G21760.1,784,1085,815,2,33,6,263,6.63133410317525,6.47559380626399,8.38345163776157,6.37651605534364e-05,0.000101409652928357,1.96606879160541,99.1357910386368
AT4G22430.1,614,584,458,945,1000,556,264,-0.558456797134751,9.3789236512711,-2.13958220556238,0.0692853822582122,0.0783914610692915,-5.58106398437224,-1.4726930836994
AT4G24130.1,31900,39091,29457,3396,4248,3711,265,3.14044584744387,13.450534299162,17.8888735425881,3.78694776617949e-07,1.41474652396894e-06,7.450015177341,8.81796559153593
AT4G24640.1,25,63,26,57,112,27,266,-0.676729219765267,5.49014034998415,-1.21450414026622,0.263551086539636,0.285153634616655,-6.82657837610621,-1.5985116070145
AT4G24740.1,2260,2299,1943,248,205,178,267,3.36821922989116,9.3942156937841,18.9450743738225,2.54291135440429e-07,1.11888099593789e-06,7.8538266650941,10.3260689391814
AT4G25100.1,11961,28657,50706,4648,7167,6970,268,2.07516968939333,13.6233213596505,4.16527770640165,0.00412131720316131,0.00533346932173816,-2.61210318499144,4.21393975710537
AT4G25280.1,554,510,445,84,96,52,269,2.72573303640245,7.6086079291639,10.9560930058294,1.08527990953274e-05,2.06620598161041e-05,3.90138935062246,6.61496276807037
AT4G25530.1,3262,3702,3731,28,17,45,270,6.94690914149612,8.32394388829036,21.3277805996391,1.11457509099335e-07,8.00065871216905e-07,8.67342076684268,123.375245180975
AT4G26140.1,1024,1718,1788,478,488,305,271,1.81957978418057,9.60811000655064,6.31971326306201,0.000380550815023669,0.000542079578235154,-0.0011247567530468,3.52978371033642
AT4G26410.1,2889,3803,3312,439,397,549,272,2.85426855128309,10.267558323135,15.1174447330369,1.21183134422491e-06,3.55470527639307e-06,6.24555742704584,7.23136777577066
AT4G26640.1,2387,2858,2471,177,121,152,273,4.10349548085945,9.27303394417037,21.8571589912632,9.39328116511903e-08,7.29360655173948e-07,8.84026281805878,17.1899742769625
AT4G27890.1,4079,4307,3275,2837,2750,2230,274,0.575000505474391,11.6274582849442,3.19189938982552,0.0150312303507503,0.0177682603549168,-4.00254210053454,1.48967798505833
AT4G28700.1,1220,1146,1019,374,295,249,275,1.89528872072927,9.18963917225606,9.84885037235865,2.21191449335991e-05,3.96343049488924e-05,3.12621639519437,3.71996415736074
AT4G29530.1,544,799,500,28,28,24,276,4.44760574086812,7.01040893044402,21.0157690883697,1.23521176416191e-07,8.00065871216905e-07,8.572643151061,21.8204014724926
AT4G31060.1,141,167,166,5,26,1,277,4.52863961062429,5.04426980627369,5.4476332492277,0.00092657982338321,0.00126091274934622,-0.980481266714448,23.0810925461948
AT4G31080.1,2798,3156,2790,109,131,110,278,4.63381034223958,9.1902950708642,30.186457872451,9.79113703117246e-09,3.28421231882184e-07,10.9194008215295,24.8265234090747
AT4G31180.1,9425,11387,9072,2801,2841,2289,279,1.91298557483633,12.3185141083041,11.2298488636731,9.19224673788078e-06,1.80204441000039e-05,4.08142096323632,3.76587620387848
AT4G31720.1,1001,1224,869,192,228,186,280,2.33784971085619,8.82844328384565,12.7257495397506,3.94054060844453e-06,9.12546246166102e-06,4.99421710066576,5.05548572381159
AT4G31770.1,744,975,844,68,95,60,281,3.52347239633992,7.9698109631907,16.3882405446182,6.94547214265005e-07,2.31126636007514e-06,6.82623317098929,11.4992861244062
AT4G31900.1,96,87,93,5259,5592,4803,282,-5.80878027412294,9.44236790789549,-40.3293804140972,1.2760179028797e-09,3.27769411853954e-07,12.5357765675935,-56.0553541507221
AT4G32850.1,1803,2247,1866,226,104,124,283,3.77044595536113,9.05408240755361,12.7731746106879,3.84199395894903e-06,8.9495859279048e-06,5.02135099644687,13.6463758845059
AT4G33830.1,2060,2163,1825,2513,2666,2012,284,-0.24293929251416,11.0958311873738,-1.4237334672222,0.197117303904256,0.215631083828966,-6.57478301708716,-1.18340122410126
AT4G33840.1,4986,6056,4824,6263,7539,6227,285,-0.337704374588522,12.5304046575478,-2.01652246056798,0.0831492200210713,0.0932778785505502,-5.76152221127485,-1.26374411568566
AT4G34330.1,522,555,310,710,663,401,286,-0.356472631014741,8.98836264187439,-1.15338438608562,0.286244667787067,0.308863456249805,-6.89529676933782,-1.2802917723893
AT4G35050.1,1180,1367,1136,311,322,208,287,2.14883686584608,9.18380233480206,10.2210571792036,1.72788076871015e-05,3.15318333829133e-05,3.39563437833769,4.43470108789339
AT4G35740.1,1167,1558,1123,133,112,129,288,3.34067337529911,8.63988200961669,18.3134833764915,3.21813420823842e-07,1.28725368329537e-06,7.61563296783655,10.1307801717278
AT4G36220.1,6023,7359,6202,226,196,186,289,5.00175058285105,10.1660402136372,31.0059711914484,8.11190130276939e-09,3.28421231882184e-07,11.0800731918206,32.0388527375747
AT4G36590.1,1590,1697,1399,2514,2879,2231,290,-0.698589039045112,10.9548111780947,-4.20155600980905,0.00393796751449606,0.00511290208439488,-2.56268473380999,-1.62291679782331
AT4G36830.1,218,259,190,25,36,28,291,2.86890320725592,6.35707629659383,14.4065727732153,1.68737192099004e-06,4.54557333817725e-06,5.89693829749242,7.30509587295514
AT4G38700.1,11574,13600,11181,17148,20513,16852,292,-0.583945178975704,13.8516526929236,-3.5929070788903,0.0086737019683803,0.0107336618291913,-3.41568434230936,-1.49894264229429
AT4G38960.1,981,730,732,40,72,49,293,3.92658114837604,7.69370149194563,15.7081122039767,9.30615302205249e-07,2.85677255560681e-06,6.52191404420436,15.2061302464931
AT4G39390.1,2369,2870,2543,178,166,223,294,3.77867230749375,9.44762781767884,21.6668932563387,9.98424456201576e-08,7.60338624338123e-07,8.7808868009844,13.724410781978
AT4G39690.1,2588,2932,2660,907,1126,954,295,1.45663873009768,10.6830451018443,9.36742142986149,3.08253487931959e-05,5.2165974880793e-05,2.76335002943045,2.74468147193818
AT4G39955.1,3018,3578,2987,118,53,47,296,5.55849751217556,8.85747134481864,16.2382629667528,7.40089793172149e-07,2.42211205038158e-06,6.76035305157847,47.1275086693415
AT5G02630.1,776,1065,1044,64,83,93,297,3.57325855021676,8.10972063760333,17.0696232579643,5.24021266371822e-07,1.80445583898471e-06,7.1172181056628,11.9030430926128
AT5G02880.1,14804,16802,14878,1081,1023,872,298,3.96729846790088,11.9334234431025,25.4120073946248,3.27524272127728e-08,4.41096901209233e-07,9.84051239961919,15.6414078564859
AT5G03020.1,830,699,561,504,438,367,299,0.667521145197357,9.09435346034252,3.24043369467387,0.0140469053738632,0.016754742554367,-3.93064427103624,1.5883415153671
AT5G03240.1,66529,77726,66111,9845,10518,7741,300,2.9119825366531,14.6374987869521,16.5415529180221,6.51258987863178e-07,2.20426118969076e-06,6.89288218045653,7.52651775354772
AT5G03280.1,15343,17782,16449,2411,3055,2183,301,2.7077326384052,12.6559330394878,15.3032110954288,1.11410511054572e-06,3.33638318551017e-06,6.33373060290824,6.53294112592823
AT5G03370.1,3002,3355,2720,624,515,477,302,2.49161018609773,10.3124072407,14.5588022184798,1.56988844494683e-06,4.28741947723411e-06,5.97313201645006,5.62405298417698
AT5G03920.1,400,427,347,746,736,471,303,-0.707086460847119,8.96416619999182,-3.20547980694322,0.0147485917555738,0.0174863542970276,-3.98240306829452,-1.63250392548131
AT5G05030.1,1032,948,853,1470,1207,845,304,-0.281506349397736,10.0210801998678,-1.23568120219453,0.256049306448919,0.277795959873348,-6.80222489611022,-1.21546331387163
AT5G05580.1,351,424,341,328,405,253,305,0.197546262285226,8.43742792370681,0.93535551593255,0.380439899084566,0.399613262698908,-7.11954787692655,1.14674630774389
AT5G06500.1,2097,2143,1857,1031,910,665,306,1.24617002437371,10.3637226342857,6.2465759983685,0.000408612375518605,0.000579965952348987,-0.0795051466288221,2.37210853988398
AT5G06670.1,3741,5310,4364,611,778,640,307,2.71635989615912,10.7538625838706,14.3159521408174,1.76204426998593e-06,4.65179687276286e-06,5.85117008558078,6.57212489043904
AT5G07130.1,1235,1229,1069,49,80,52,308,4.29589135406565,8.05182122610701,19.747267943323,1.90580782575729e-07,9.5531632784796e-07,8.14310070392816,19.6422916726439
AT5G07430.1,133,247,123,866,756,418,309,-2.02012076522513,8.33488765302307,-5.54418948156148,0.000835748392687687,0.00114122883967008,-0.867083840141907,-4.05617743975621
AT5G07460.1,540,655,240,105,105,77,310,2.20289433222874,7.68186154211058,5.87538785445946,0.000591961759009255,0.000822515286202333,-0.487689074785069,4.6040207392076
AT5G07850.1,152,178,155,111,80,77,311,0.864666231671561,6.90986883043727,4.56505581276112,0.00252320302121963,0.00336427069495951,-2.07797286523956,1.8209183479413
AT5G09370.1,42361,47420,40125,49311,55864,45867,312,-0.216179111799768,15.5067466476844,-1.38869416651571,0.207095270525459,0.225922113300501,-6.61859117835325,-1.1616529431611
AT5G09490.1,945,934,715,874,882,799,313,0.0116898937452543,9.74026662158692,0.0693783988525702,0.946609701180231,0.946609701180231,-7.58630837297016,1.00813573355719
AT5G09900.1,4872,6163,5160,966,809,853,314,2.61881271070728,11.0818205009767,16.0518161869748,8.0152095389753e-07,2.54856076390588e-06,6.67749778303143,6.14244362088085
AT5G10950.1,4857,5470,5153,1448,1754,1656,315,1.67425245163592,11.4946112531414,11.1224700788358,9.8066085998198e-06,1.91301330321608e-05,4.01132043934284,3.19153938553294
AT5G11310.1,902,881,826,374,391,481,316,1.07220485882708,9.22888441798968,6.73601641474934,0.000256696939804534,0.000369643593318529,0.432728529553201,2.10264436684
AT5G11460.1,936,833,828,38,52,44,317,4.25528711094816,7.62936881205912,25.1644124328141,3.50766750416524e-08,4.41096901209233e-07,9.77696748069697,19.0971720413227
AT5G12170.2,27708,32274,26025,128,165,188,318,7.4851177888131,11.0587285980703,38.8660390317127,1.65540106996947e-09,3.27769411853954e-07,12.3454311300041,179.161617846433
AT5G12840.1,1622,1664,1475,440,567,355,319,1.82770511884613,9.71722435809927,9.07897472319043,3.78778303406864e-05,6.27599197276645e-05,2.53768912437617,3.5497197262667
AT5G14620.1,493,479,414,35,23,32,320,3.91764791063519,6.89191782915823,19.892191344337,1.81124614698711e-07,9.34585937414864e-07,8.19385421402307,15.1122640615992
AT5G15140.1,27,56,48,73,107,109,321,-1.16358193365984,6.00010922694244,-3.8328269569916,0.00631178910727176,0.00790971040025196,-3.07353059983515,-2.24012918631679
AT5G17320.1,4491,5352,4646,380,381,344,322,3.70660983734391,10.3804811077368,24.8781023180845,3.80022475960978e-08,4.4261441317808e-07,9.70243003870046,13.0557174708114
AT5G17470.1,1037,1172,787,584,682,603,323,0.663730174585607,9.61401152798812,3.47888375096185,0.0101181319276389,0.0123111378071777,-3.58077775364261,1.58417330822684
AT5G18960.1,1723,1939,1728,263,225,262,324,2.84187169291331,9.38876653681197,19.0122226183511,2.48114497759192e-07,1.11732095538171e-06,7.87859711932461,7.16949594409327
AT5G19600.1,3301,3547,3734,410,477,388,325,3.0537731634141,10.2560491605899,19.9422028931499,1.77986318398229e-07,9.34585937414864e-07,8.21126494450115,8.30380844442946
AT5G20000.1,1514,2136,1653,518,405,556,326,1.83725220910277,9.85411282551241,9.09264116234806,3.75051353151376e-05,6.26668083746602e-05,2.54852596500597,3.57328802998063
AT5G20810.1,1014,1032,922,354,386,283,327,1.54415443284741,9.17794791310408,9.07897938328358,3.7877702544335e-05,6.27599197276645e-05,2.53769282210869,2.91633091867247
AT5G21150.1,7991,9419,7518,2445,2907,2246,328,1.71545754890964,12.1563303249971,9.97217585755801,2.03629276361158e-05,3.68206362735244e-05,3.21652569289135,3.2840077890228
AT5G22920.1,1239,1334,2282,137,62,110,329,3.97841444314855,8.61594730378367,11.2374280087336,9.15056026219075e-06,1.80204441000039e-05,4.08634407938263,15.7623904994963
AT5G23210.1,56654,65666,59461,3983,4196,4556,330,3.83448787470935,13.9669150490804,26.1487465461701,2.68102084160093e-08,4.41096901209233e-07,10.0247376474101,14.2657913668427
AT5G23340.1,5239,5606,5122,233,306,273,331,4.3002153264772,10.2269382125433,26.8538586251656,2.22491210245948e-08,4.41096901209233e-07,10.1945158845993,19.701250863717
AT5G24240.1,14379,16629,13572,700,858,723,332,4.28736592381113,11.710226575983,26.3562347831321,2.53657707436905e-08,4.41096901209233e-07,10.0753461406295,19.5265602346534
AT5G24380.1,4054,7491,7417,941,871,727,333,2.85262457375409,11.1448330250732,10.5681257640371,1.38223376560878e-05,2.58813185587244e-05,3.63863636758134,7.22313219240211
AT5G24460.1,3368,4056,3921,1468,1305,1362,334,1.45251613720409,11.154300638238,9.63748674884759,2.55431479709867e-05,4.5359132719779e-05,2.96896502411552,2.73684956537354
AT5G24810.1,14208,16545,12881,4025,5164,3751,335,1.75955101467276,12.9408182417328,9.43354366084314,2.94261445199519e-05,5.04448191770603e-05,2.81418947573538,3.3859273411503
AT5G25410.1,800,822,536,19572,19807,14743,336,-4.6596759672574,11.7962330939006,-20.6594225967337,1.39158629911104e-07,8.34280529557832e-07,8.45525315767951,-25.2756443721188
AT5G25950.1,4958,4289,3534,6037,5683,4514,337,-0.347655403675832,12.2171910158703,-1.78269618156414,0.117400780657024,0.130591879607252,-6.09570286829655,-1.27249095691136
AT5G26250.1,611,566,491,752,897,672,338,-0.471477703683089,9.35144127616625,-2.69575774994969,0.0305355172330707,0.0354606006577596,-4.74666165765517,-1.38652891566351
AT5G26630.1,304,408,286,586,563,558,339,-0.789981042094782,8.75950031840329,-4.42817859835275,0.00297678377402048,0.00391630024754853,-2.25824933863774,-1.72905174165705
AT5G26650.1,4157,4170,3479,122,109,139,340,4.98652199822494,9.44431341104876,30.1164224403701,9.95215854188435e-09,3.28421231882184e-07,10.9053705784677,31.7024404546084
AT5G27910.1,169,204,161,116,150,61,341,0.788585089744137,7.08194780130385,2.42196938954163,0.0456152882146224,0.052358417776784,-5.15965093060443,1.72737951958975
AT5G27960.1,316,381,309,102,110,147,342,1.49050750142904,7.64204367043528,7.747243004314,0.000106100398364643,0.000163485438725286,1.40602783478079,2.80987801738179
AT5G28530.1,1489,1676,1374,146,106,101,343,3.68813827300142,8.71525736090371,19.205233378007,2.31290550965576e-07,1.07754186096903e-06,7.94922152794393,12.8896239847859
AT5G35490.1,154,124,82,10,0,11,344,4.52418466730827,4.61022370677362,4.94368892846099,0.0016199964804506,0.00218203607570897,-1.59346667390953,23.0099296454215
AT5G36210.1,2605,3125,2882,689,717,602,345,2.09892392522468,10.4342308884086,13.5414610093411,2.57906790894634e-06,6.34354591268789e-06,5.44697755679109,4.28389739254785
AT5G37290.1,65,72,81,10,41,4,346,2.47269784885104,4.96090796986,3.5822826524751,0.00879838764600336,0.01082037735347,-3.43100242167408,5.55080821959201
AT5G37420.1,263,254,158,225,129,135,347,0.473873631602561,7.54694002136594,1.61610126492181,0.149675725447777,0.164643297992555,-6.32423617628723,1.38883347987609
AT5G37560.1,362,465,460,0,1,2,348,7.87722410745274,4.80026622063342,20.5851903383151,1.42693249625751e-07,8.34280529557832e-07,8.43048476686604,235.115217380799
AT5G38140.1,374,490,415,18,28,15,349,4.36161906975596,6.5494457044017,17.5885717541815,4.25855024735013e-07,1.53307808904605e-06,7.33010174707217,20.5578725672552
AT5G38195.1,3540,3900,2312,3782,3791,2355,350,-0.027021057242143,11.645216849305,-0.0971812252867074,0.925279718140187,0.927622198439276,-7.5836748040221,-1.0189060682248
AT5G39440.1,1156,1014,981,698,934,854,351,0.348421521857006,9.86012803090307,2.04092555146121,0.0801970574547116,0.0902995868546204,-5.7259454751453,1.27316687061579
AT5G39560.1,410,382,299,1367,1364,883,352,-1.70914215132734,9.35224236103118,-7.42349101150565,0.000139317159722065,0.00020977032414425,1.10611499985969,-3.26966346388142
AT5G41260.1,470,551,450,322,266,343,353,0.660913429520917,8.60457372845499,3.89774118450083,0.00580016119861342,0.00729163122111402,-2.98224237407538,1.58108335574145
AT5G41610.1,1119,1227,953,166,148,99,354,3.0141647718699,8.5893253868386,13.1747975399803,3.11099552407363e-06,7.42141100923589e-06,5.24706144140685,8.07893303237336
AT5G41750.1,594,2098,2206,53,157,167,355,3.63637251688258,8.6351814828144,5.7940027724623,0.000643500151647048,0.000891000209972836,-0.57956336916332,12.4353267996688
AT5G41830.1,133,147,130,6,13,10,356,3.74494136495722,5.23051783672945,14.3901631409554,1.7006226037415e-06,4.55031453433537e-06,5.88867345305783,13.4072492366097
AT5G41850.1,950,967,990,380,445,298,357,1.38878575123664,9.22724246282223,7.57969695116649,0.00012201794632487,0.000186560257701346,1.25213150195319,2.61858194235374
AT5G42690.1,6734,7115,5186,1006,972,760,358,2.79370035789627,11.2214823810453,14.3620877405064,1.72356868449494e-06,4.58075972523487e-06,5.87450961953045,6.93406018143373
AT5G43780.1,34604,53446,51065,1745,1804,1521,359,4.75507202095298,13.0973272134457,22.9078602224798,6.76736318886407e-08,5.9161025196836e-07,9.15675334632605,27.0034534851686
AT5G46540.1,14574,17162,15584,4682,4794,4542,360,1.75204363819391,13.0660091566507,12.2618442500503,5.07214881716097e-06,1.12210666569595e-05,4.72321910954116,3.36835369781485
AT5G46810.1,26436,29136,21939,22059,24257,20053,361,0.218396971122361,14.5381720077127,1.27828392522615,0.241506557097331,0.262737902776217,-6.75241954261995,1.16344012901268
AT5G47620.1,6373,7896,6821,775,791,710,362,3.20602536884349,11.1706710883838,20.9255217844006,1.27283206784508e-07,8.00065871216905e-07,8.54314712706991,9.22804710819296
AT5G47770.1,7011,8783,7356,1276,1436,1092,363,2.60656988465085,11.6037732229361,14.9499563238793,1.30837228068153e-06,3.72744908740925e-06,6.16504126733647,6.09053889600813
AT5G47790.1,4331,4714,4222,478,411,372,364,3.39816597393249,10.4102210513578,21.4876702716413,1.05799406690271e-07,7.75862315728657e-07,8.72435481907237,10.542652416844
AT5G48650.1,11914,13829,10847,2499,2773,2118,365,2.3088380020022,12.4126297757495,13.1971925023306,3.07514239751868e-06,7.38034175404484e-06,5.25943706846642,4.95483838874786
AT5G48670.1,493,557,328,292,235,180,366,0.952395508760601,8.3352796846694,3.59058653890379,0.0087007713312384,0.0107336618291913,-3.41902888721991,1.9350830813832
AT5G48820.1,126,114,115,48,133,50,367,0.77964378543321,6.50756335156476,2.04034308370012,0.0802662994263292,0.0902995868546204,-5.72679593406293,1.71670694993559
AT5G48970.1,903,1144,964,262,285,228,368,1.95256728779577,8.98894834862043,11.6130081667169,7.33011296506343e-06,1.49624986297171e-05,4.32630293549261,3.8706270037419
AT5G49160.1,8544,9575,7812,1930,2049,1572,369,2.22729650453337,11.9589294518531,13.0491309234733,3.32121091455272e-06,7.87544624049628e-06,5.17721001559171,4.68255683209192
AT5G49810.1,24485,32653,28058,2203,2535,2252,370,3.5996461463945,12.9837827855126,21.5686984547805,1.03057440843499e-07,7.70014086302373e-07,8.74998631713181,12.1227587864908
AT5G49830.1,10752,13955,12066,2202,2317,1754,371,2.55288498703376,12.2968338088166,14.0974726252654,1.95803772965349e-06,5.03495416196612e-06,5.73954219258861,5.86806555047692
AT5G49890.1,4934,5708,5258,1019,1019,788,372,2.49861371136282,11.1201696435918,14.8790791717907,1.35183863336324e-06,3.82377213437031e-06,6.13067313623098,5.65142117733237
AT5G49900.1,10199,15238,12223,483,353,476,373,4.83495891022156,11.1789175362318,22.6479318880465,7.3289928672318e-08,6.17506633068892e-07,9.08020761878509,28.5408997289648
AT5G53150.1,6127,6842,6242,3599,4439,3866,374,0.69417112095914,12.296126960992,4.54668770641918,0.00257939028422528,0.00342764614950742,-2.10200671768223,1.61795459418967
AT5G53250.1,1151,1431,958,1228,1307,1051,375,-0.0320690771461152,10.2024104664813,-0.164018430762846,0.874306555639945,0.885486946377029,-7.57376195968792,-1.02247748630315
AT5G53870.1,6082,7079,6297,6133,6194,5376,376,0.13623073380244,12.592144291758,0.909943573385423,0.392812017546263,0.411517351715133,-7.14336678104464,1.09902997411635
AT5G54095.1,63,76,41,1218,1041,911,377,-4.15013600786327,7.96143599175619,-16.4522823399237,6.76078391196507e-07,2.26887324503235e-06,6.85415878184201,-17.7547852793537
AT5G54350.1,64,60,66,2283,2620,2070,378,-5.17005535695422,8.59142579216015,-33.4609739050951,4.74818904757818e-09,3.28421231882184e-07,11.5253827920674,-36.0032529469585
AT5G54400.1,1303,1417,1531,24,17,26,379,5.94363395333835,7.49470654112934,30.3990388079905,9.32028531348668e-09,3.28421231882184e-07,10.9616949928213,61.5477389657429
AT5G54530.1,3071,3735,3208,99,44,62,380,5.66238670170277,8.86885642071949,19.4565356770081,2.11297790184318e-07,1.04592406141238e-06,8.03991532167186,50.6463607677222
AT5G54650.1,11690,14227,12101,1748,1575,1601,381,2.9441630064998,12.1520897785121,19.40275377819,2.15405262523122e-07,1.05309239455749e-06,8.02062412738601,7.69628917263416
AT5G57900.1,4951,6185,5698,143,80,89,382,5.78115056466284,9.55778464921696,23.7447521424074,5.26609204254943e-08,5.16991683135978e-07,9.39578079633749,54.9920271760139
AT5G58030.1,2360,2925,2307,208,127,151,383,3.97901241449605,9.30793508908951,18.0685266642443,3.53335534781608e-07,1.36838443561473e-06,7.52064180194663,15.7689250831965
AT5G58550.1,1536,1719,1550,110,182,138,384,3.50134016431956,8.89368900794566,16.7647517497466,5.93615181615909e-07,2.02647941310258e-06,6.98867809930143,11.3242230377725
AT5G58760.1,639,559,424,430,322,274,385,0.664102640220783,8.72879206084207,2.83361139625769,0.0250084638242219,0.0292134267681176,-4.53872164027973,1.5845823526021
AT5G58840.1,17988,19736,17363,20618,23862,20830,386,-0.244454951217302,14.2846455339426,-1.6553484504136,0.141395380717824,0.155968163688742,-6.27126006957789,-1.18464512861056
AT5G60440.1,674,660,721,808,779,610,387,-0.0864165318884211,9.46424332605523,-0.521530172356968,0.617929311840961,0.637239602835991,-7.43711848996621,-1.06172970507735
AT5G60760.1,1272,1658,2299,1902,2156,1838,388,-0.21201435038582,10.8318515154226,-0.906477066978885,0.394522644587543,0.412218910967459,-7.14657592155614,-1.15830432770879
AT5G62140.1,657,920,848,175,137,118,389,2.49194934155207,8.40023261701717,11.7627700487565,6.72180375488755e-06,1.40837792959549e-05,4.4198515187171,5.6253752681054
AT5G63740.1,69,40,30,400,480,228,390,-2.98517465545733,6.9729311050453,-7.88235175115048,9.49590354483464e-05,0.000147358037776918,1.52812970581131,-7.91821178736238
AT5G64400.1,7295,8888,7067,983,794,856,391,3.13910160025845,11.3430431166704,18.717245523297,2.76591516405284e-07,1.14568753740405e-06,7.76899997712532,8.80975318040306
AT5G65870.1,850,1148,1226,457,535,450,392,1.14594044539496,9.48039575663418,6.03969717823447,0.000501373506537668,0.000701568581586278,-0.304833894194151,2.21290335541273
AT5G66100.1,5131,6270,5335,2132,2518,2058,393,1.31876547960417,11.7810599970378,8.10681581045215,7.92444420273499e-05,0.000125023103756297,1.72715024854381,2.49452560789131
AT5G66250.1,2530,2875,2401,75,107,101,394,4.78337327689236,8.95010009097236,25.6408973685411,3.07588408974051e-08,4.41096901209233e-07,9.89851708883763,27.5384084307153
AT5G66750.1,1739,1963,1597,717,528,505,395,1.60951499244912,9.97741000310169,8.49023891136959,5.87279273048899e-05,9.53125377571164e-05,2.05647945807929,3.05149238982072
AT5G66985.1,42,39,18,8,6,14,396,1.7039832813082,4.14671514702358,4.30181996984739,0.00347612556019967,0.00454305518758769,-2.4270825105699,3.25799249677017
