AT1G55560.SNP1393,1,0,0,50,10,16,8,8,3,4,2,2,0,0,0,22,0,0,1,3,1,1,4,1
AT1G55560.SNP1394,3,5,4,763,669,1007,661,462,1048,7,5,15,83,24,13,248,9,26,250,5,45,63,15,14
AT1G55560.SNP1395,1,0,28,627,403,583,701,425,627,0,0,68,35,46,12,246,24,36,234,25,54,28,53,26
AT1G55560.SNP1396,10,3,0,775,475,730,608,419,648,16,4,0,22,49,43,222,5,62,224,39,13,46,42,41
AT1G55560.SNP1397,0,0,0,505,482,687,446,445,593,4,0,0,31,21,15,154,31,41,142,22,42,57,51,8
AT1G55560.SNP1398,35,1,14,671,527,749,654,511,776,25,1,14,78,67,85,206,43,34,190,48,47,65,31,24
AT1G55560.SNP1399,0,0,5,63,93,73,241,202,302,0,0,5,16,2,0,27,7,11,65,7,21,14,2,0
AT1G65300.SNP2047,11,2,6,1798,1196,1276,1931,1311,1382,11,2,5,1,2,5,2708,1836,1946,2974,1827,2101,1,2,5
AT1G65300.SNP2048,0,0,0,689,670,605,987,1032,963,0,0,0,0,3,19,1187,1016,1219,1649,1708,1619,0,3,20
AT1G65300.SNP2049,0,0,0,383,358,377,388,299,352,0,0,0,0,0,22,652,606,710,809,530,851,0,0,22
AT1G65300.SNP2050,0,0,0,396,380,376,386,287,349,0,0,0,0,0,22,651,645,683,812,539,851,0,0,22
AT1G65300.SNP2051,0,0,0,396,380,375,386,289,349,0,0,0,0,0,22,668,670,684,813,539,851,0,0,22
AT1G65300.SNP2052,0,0,0,444,414,418,366,297,350,0,0,0,0,0,22,791,857,766,808,550,829,0,0,22
AT1G65300.SNP2053,1,1,0,2255,1654,1224,2217,1599,1328,1,1,0,0,15,0,3895,2455,2738,3611,2964,2605,4,14,0
AT1G65300.SNP2054,0,1,11,1372,644,956,1626,1051,1269,0,0,0,16,0,0,2106,1153,1376,3121,1486,2087,14,0,0
AT2G17690.SNP3063,0,0,0,1,2,2,1,1,1,0,0,0,2,0,0,796,625,581,417,307,297,2,0,0
AT2G17690.SNP3064,4,0,0,3,1,3,2,1,3,4,0,0,4,9,0,1136,1001,813,720,597,572,4,9,0
AT2G17690.SNP3065,0,0,0,21,16,6,7,12,2,0,0,0,33,0,17,1489,1109,1200,547,486,484,27,0,1
AT2G17690.SNP3066,2,0,0,2,3,1,1,3,0,2,0,0,25,13,6,882,823,606,972,923,572,15,5,46
AT2G17690.SNP3067,0,0,20,9,5,7,11,5,5,0,0,20,79,42,98,1662,1238,1313,1581,1251,1213,84,42,49
AT2G17690.SNP3068,1,10,1,28,8,5,20,8,5,1,25,0,100,184,210,1839,1423,1208,1734,1383,1306,77,128,214
AT2G17690.SNP3069,2,0,0,33,4,8,32,9,6,2,16,0,151,185,217,2108,1764,1347,2014,1592,1465,160,135,216
AT2G17690.SNP3070,2,0,0,32,9,9,35,11,11,2,15,0,194,149,169,2322,1809,1434,2178,1741,1503,183,150,231
AT2G17690.SNP3071,16,1,0,25,8,5,22,8,10,5,0,1,278,235,233,1800,1369,1332,1937,1541,1282,281,223,220
AT2G17690.SNP3072,17,0,0,22,7,3,11,6,6,11,0,0,295,271,274,1458,1216,1136,1823,1581,1276,286,215,252
AT2G32990.SNP3513,0,0,0,10,0,0,6,0,0,0,0,0,5,0,0,1256,711,377,861,487,222,3,0,0
AT2G32990.SNP3514,0,0,0,3,1,1,5,0,0,0,0,0,5,0,0,2091,937,590,1811,912,506,5,0,0
AT2G32990.SNP3515,0,0,0,2,1,0,3,1,0,0,0,0,5,0,0,2240,958,633,1828,947,542,3,0,0
AT2G32990.SNP3516,0,0,0,5,0,0,1,0,0,0,0,0,22,0,0,2251,1039,682,1651,787,600,4,0,0
AT2G35670.SNP3613,0,0,0,316,208,333,266,205,255,0,0,1,0,0,0,325,217,345,269,215,256,0,0,1
AT2G35670.SNP3614,0,0,0,316,208,333,266,206,254,0,0,1,0,0,0,325,217,345,269,215,256,0,0,1
AT2G35670.SNP3615,0,0,0,315,208,333,265,206,254,0,0,1,0,0,0,325,217,345,269,215,256,0,0,1
AT2G35670.SNP3616,0,0,0,0,1,1,0,3,0,0,0,0,0,0,0,864,618,516,1061,630,550,0,0,0
AT2G35670.SNP3617,0,0,0,2,7,0,1,1,0,0,0,0,0,0,0,475,396,311,545,409,432,0,0,0
AT2G35670.SNP3618,20,0,5,0,0,0,0,0,0,22,0,4,75,129,235,71,63,36,134,92,82,69,62,202
AT3G19350.SNP4226,0,0,0,384,329,483,634,360,606,5,0,0,4,0,2,5626,4680,4082,6413,5163,5047,4,0,2
AT3G19350.SNP4227,2,2,2,6,31,20,125,92,183,0,2,0,0,0,0,210,256,294,1529,1449,1427,0,0,0
AT3G19350.SNP4228,0,0,0,24,44,39,288,304,341,0,0,0,0,0,0,210,256,294,1529,1449,1427,0,0,0
AT4G10640.SNP5688,0,0,0,49,53,26,60,62,24,0,0,0,1,5,10,2156,1910,1710,2209,2079,1778,1,6,9
AT4G10640.SNP5689,0,0,0,46,53,13,56,72,12,0,0,0,1,1,10,2079,1672,1542,2058,1791,1654,1,2,8
AT4G10640.SNP5690,0,0,0,24,35,37,52,64,12,0,0,0,4,7,9,1733,1246,1336,1721,1319,1451,4,7,9
AT4G10640.SNP5691,0,0,0,32,40,43,61,65,18,0,0,0,5,6,9,1728,1372,1340,2025,1583,1815,5,6,9
AT4G10640.SNP5692,0,0,0,31,40,44,71,65,19,0,0,0,5,8,0,1831,1494,1452,2083,1770,2019,5,8,9
AT4G10640.SNP5693,0,0,0,22,19,32,40,21,8,0,0,0,1,2,0,1679,1653,1450,2113,2000,1853,1,2,9
AT4G10640.SNP5694,0,0,0,31,26,8,16,22,33,0,0,0,2,2,0,1401,1404,1081,1634,1690,1575,2,2,0
AT4G10640.SNP5695,0,0,0,28,27,3,12,23,27,0,0,0,2,5,22,1411,1331,1073,1369,1376,1142,2,2,1
AT4G10640.SNP5696,0,0,0,35,25,0,37,25,28,0,0,0,0,14,21,1654,1591,1359,1580,1680,1458,0,14,20
AT4G10640.SNP5697,0,0,0,17,19,29,50,22,29,0,0,0,2,6,10,1959,2212,1958,2160,2300,2147,1,9,30
AT4G10640.SNP5698,1,0,0,11,29,28,28,20,29,1,0,0,2,7,10,1763,1845,1853,2191,2269,2333,2,7,28
AT4G10640.SNP5699,1,0,0,15,42,36,26,27,38,1,0,0,2,1,9,1485,1732,1621,1981,2113,2009,2,1,7
AT4G10640.SNP5700,1,0,0,11,38,32,10,43,31,1,0,0,2,1,2,1084,1078,1221,1579,1629,1649,2,1,0
AT4G10640.SNP5701,1,0,0,10,36,29,12,41,32,1,0,0,5,4,0,996,962,987,1307,1400,1314,4,1,0
AT4G10640.SNP5702,0,0,0,4,13,9,6,26,10,0,0,0,0,0,0,516,559,569,512,507,438,0,0,0
AT4G10640.SNP5703,0,0,0,3,12,9,1,30,9,0,0,0,0,0,0,514,583,578,485,483,453,0,0,0
AT4G10640.SNP5704,0,0,0,2,16,9,1,34,9,0,0,0,0,0,0,568,592,594,462,475,476,0,0,0
AT4G10640.SNP5705,0,0,0,2,16,9,1,34,11,0,0,0,0,0,0,586,607,611,465,493,487,0,0,0
AT4G10640.SNP5706,0,0,0,19,14,2,9,19,0,0,0,0,6,0,29,1166,1270,1054,918,885,797,6,0,7
AT4G10640.SNP5707,5,0,0,32,11,2,7,12,0,0,0,0,18,8,31,1827,1771,1555,1395,1229,1112,19,8,12
AT4G10640.SNP5708,5,0,0,34,9,3,14,12,2,0,0,0,15,8,27,2208,2088,1876,1894,1899,1682,15,8,11
AT4G10640.SNP5709,5,0,0,34,9,3,14,12,2,5,0,0,15,8,27,2262,2121,1864,1946,1961,1721,15,8,11
AT4G10640.SNP5710,0,0,0,109,31,33,97,15,34,5,0,0,19,0,23,2396,1887,1819,2133,1996,1672,19,0,23
AT4G10640.SNP5711,0,0,0,120,30,31,100,12,35,0,0,0,10,0,28,2222,1828,1673,2098,1853,1618,14,0,9
AT4G10640.SNP5712,0,0,0,127,26,32,101,12,35,0,0,0,14,0,28,2187,1757,1619,2118,1866,1633,19,0,8
AT4G10640.SNP5713,0,0,5,46,39,93,64,31,39,0,0,5,20,12,28,2217,1561,1550,2657,2213,2210,20,11,27
AT4G10640.SNP5714,0,0,0,16,30,101,11,37,75,0,0,0,14,18,9,1410,1164,1073,1558,1123,1132,8,11,10
AT4G10640.SNP5715,0,0,0,25,16,53,12,37,120,0,0,0,26,18,22,1135,981,932,1393,1171,1050,23,11,22
AT4G10640.SNP5716,0,10,0,31,3,2,31,23,72,0,0,0,23,18,33,1110,931,868,1396,1267,1217,27,18,24
AT4G10640.SNP5717,0,10,0,12,6,1,22,6,1,0,10,0,8,0,20,274,145,179,484,293,393,8,7,20
AT4G10640.SNP5718,0,0,0,5,6,1,22,6,3,0,10,0,1,3,7,185,77,122,425,269,282,1,3,8
AT4G13460.SNP5843,0,0,0,61,63,100,34,29,21,0,0,0,0,0,1,1030,895,882,461,464,440,0,0,1
AT4G13460.SNP5844,0,0,0,61,63,98,34,29,21,0,0,0,0,0,1,1030,895,882,461,464,440,0,0,1
AT4G13460.SNP5845,0,0,0,61,63,97,34,29,21,0,0,0,0,0,1,1030,895,882,461,464,440,0,0,1
AT4G13460.SNP5846,0,0,0,61,63,96,35,30,21,0,0,0,0,0,1,1030,895,882,461,464,440,0,0,1
AT4G13460.SNP5847,0,0,0,62,62,96,35,29,22,0,0,0,0,0,1,1030,895,882,461,464,440,0,0,1
AT4G13460.SNP5848,0,0,0,62,63,96,35,37,22,0,0,0,0,0,1,1030,895,882,461,464,440,0,0,1
AT4G13460.SNP5849,0,0,0,64,76,96,35,37,22,0,0,0,0,0,1,1030,895,882,461,464,440,0,0,1
AT4G13460.SNP5850,0,0,0,64,76,96,35,37,22,0,0,0,0,0,1,1030,895,882,461,464,440,0,0,1
AT4G13460.SNP5851,0,0,0,70,77,96,35,38,22,0,0,0,0,0,1,1030,895,882,461,464,440,0,0,1
AT4G13460.SNP5852,0,0,3,446,467,304,258,265,216,0,0,2,0,0,1,2522,2619,2235,1491,1314,1150,0,0,1
AT4G13460.SNP5853,0,0,3,643,631,381,384,314,314,0,0,2,0,0,0,3369,3299,2797,2215,1740,1401,0,0,0
AT4G13460.SNP5854,0,0,3,711,760,507,474,437,347,0,0,2,0,0,0,4343,4088,3452,2916,2437,2097,0,0,0
AT4G13460.SNP5855,0,0,0,924,692,685,810,694,589,0,0,0,8,2,17,6340,5291,4641,5423,4877,4233,8,1,0
AT4G13460.SNP5856,0,0,0,900,644,734,1045,865,810,0,0,0,2,7,18,6824,5106,4833,7071,6138,5219,2,7,18
AT4G13460.SNP5857,0,0,0,872,628,680,979,805,727,0,0,0,12,7,18,6542,5074,4713,6803,5694,5204,5,8,18
AT4G13460.SNP5858,0,0,0,791,469,247,791,531,418,0,0,0,3,2,12,6227,4555,4090,6794,5070,4366,3,2,34
AT4G13460.SNP5859,0,1,0,830,541,277,732,523,284,0,1,0,5,0,6,6269,4697,4339,6195,4418,3915,5,0,22
AT4G13460.SNP5860,0,0,0,842,613,637,707,678,677,0,0,0,0,4,0,4269,3825,3701,4202,4004,3677,5,4,0
AT4G13460.SNP5861,0,0,0,805,568,535,720,679,662,0,0,0,0,0,0,3942,3362,3269,4187,3892,3790,5,0,0
AT4G13460.SNP5862,0,0,0,825,469,427,685,644,611,0,0,0,0,0,0,3892,3108,3112,4168,3786,3871,5,0,0
AT4G13460.SNP5863,0,0,0,896,464,463,874,736,694,0,0,0,0,0,0,4045,3221,3333,4863,4398,4591,5,0,0
AT4G13460.SNP5864,0,0,0,912,485,469,849,706,635,0,0,0,0,0,0,4299,3370,3367,4613,4168,4022,5,0,0
AT4G13460.SNP5865,0,0,0,969,512,491,882,663,617,0,0,0,0,0,0,4780,3628,3515,4797,4191,4100,5,0,0
AT4G13460.SNP5866,0,0,0,260,182,283,391,263,334,0,0,0,4,0,0,2739,2049,1865,3518,3087,2595,4,0,0
AT4G13460.SNP5867,0,0,0,795,643,545,845,650,569,0,0,0,5,1,0,6917,4576,4639,6792,4580,4384,3,1,0
AT4G13460.SNP5868,0,0,0,514,293,372,482,292,247,0,0,0,3,0,0,3293,2070,1901,3387,2385,2050,3,0,0
AT4G25530.SNP6378,0,0,0,27,6,10,16,3,7,0,0,0,0,0,4,2316,1760,1533,2081,1537,1341,0,0,4
AT4G25530.SNP6379,0,0,0,33,4,5,15,1,5,0,0,0,0,0,4,2463,1906,1580,2173,1642,1384,0,0,4
AT4G25530.SNP6380,0,0,0,23,22,5,27,32,6,0,0,0,1,6,16,5111,3961,4150,5160,4136,4240,1,6,17
AT4G25530.SNP6381,0,0,0,11,11,2,15,8,4,0,0,0,3,2,2,3173,2594,2812,3497,2900,3078,3,2,2
AT5G26630.SNP7406,0,0,0,781,654,802,836,713,875,2,0,0,3,0,0,1383,1238,1339,1521,1371,1410,3,0,0
AT5G26650.SNP7407,0,0,0,1,3,16,19,3,15,0,0,0,0,0,3,1169,1026,892,1323,1198,1069,0,0,0
AT5G26650.SNP7408,0,0,0,3,3,16,20,3,15,0,0,0,0,0,3,1216,1039,932,1310,1208,1080,0,0,3
AT5G26650.SNP7409,0,0,0,22,65,43,13,73,7,0,0,0,0,0,0,3085,3979,3540,1984,2378,2093,0,0,0
AT5G26650.SNP7410,0,0,0,0,3,0,3,4,0,0,0,0,0,0,0,499,355,413,1142,1027,811,0,0,0
AT5G60440.SNP8662,0,8,0,433,606,450,428,489,314,0,8,0,0,0,0,681,953,707,791,797,699,0,0,0
AT5G60440.SNP8663,0,0,8,1122,917,855,826,731,691,0,0,8,1,0,0,1283,1395,1291,820,883,904,1,0,0
AT5G60440.SNP8664,0,0,8,1187,930,935,893,734,713,0,0,8,1,0,0,1305,1453,1370,823,899,907,1,0,0
AT5G60440.SNP8665,0,0,8,1188,1019,992,1048,802,773,0,0,8,1,0,0,1573,1681,1471,1238,1290,1240,1,0,0
AT5G60440.SNP8666,0,0,8,1188,1017,989,1049,803,773,0,0,8,1,0,0,1573,1681,1471,1238,1290,1240,1,0,0
AT5G60440.SNP8667,0,0,8,1196,1045,1034,1069,812,773,0,0,8,1,0,0,1573,1681,1471,1238,1290,1240,1,0,0
