AT1G02790.1,706,336,995,1286,1722,2046,1,-1.41920853113658,9.98366197158807,-3.37846969168639,0.0141465810308852,0.0181466487706528,-3.83599710275156,-2.67438752625357
AT1G02940.1,10591,11303,14188,2406,2723,3573,2,2.05995437304587,12.5125956310323,9.88429922915056,5.03151014015927e-05,9.23546927042393e-05,2.43003003372458,4.16973116854972
AT1G04445.1,1475,1130,1334,1584,1295,1487,3,-0.151930564131435,10.4271266976074,-0.9173585864267,0.393221286377313,0.420339995782645,-7.12158030450839,-1.11105525308272
AT1G04540.1,2592,2364,2634,681,900,985,4,1.579054381463,10.51434554447,8.73990900704141,0.000103189401032055,0.000173956754609929,1.63376256906256,2.98773953302497
AT1G05160.1,8528,7916,9284,3483,3158,3560,5,1.33324578818669,12.3965721776629,9.60523164425877,5.95245768005029e-05,0.000107490983348481,2.24416336991867,2.51968919619832
AT1G05820.1,551,505,476,157,103,103,6,2.09490110100624,7.94900394532288,10.0914073211504,4.45355278581365e-05,8.33920286739603e-05,2.56475044361367,4.27196877203552
AT1G06470.1,2695,2851,3365,113,111,102,7,4.75481234851671,9.15298799539354,32.1510929722375,3.88785587306615e-08,1.05331150865272e-06,9.58830673407572,26.9985935380977
AT1G06660.1,327,341,445,254,297,366,8,0.281048736420017,8.38491043826475,1.37208683611295,0.21758469391103,0.241376260839671,-6.62671862942937,1.21507783837844
AT1G07135.1,3750,825,1484,189,131,136,9,3.46234097470637,8.96859775756983,6.39689723132001,0.000602076059953552,0.000893506493228942,-0.335699073673333,11.0222051135453
AT1G07690.1,81,118,120,144,121,113,10,-0.257434478847315,6.85246157449053,-1.2396049271619,0.259956387743119,0.28667127344004,-6.78371631170459,-1.19535113996066
AT1G07705.1,2702,2624,3687,746,652,1047,11,1.89258127617725,10.5893995100463,7.92278956176559,0.000181522120562344,0.000289398123639394,1.00458519770541,3.71298960498042
AT1G08030.1,9095,8761,9674,862,663,1033,12,3.44861011109784,11.4383972724959,17.7126250313051,1.51289590282862e-06,4.99524209336313e-06,6.18447836463637,10.9177988049326
AT1G08065.1,238,321,332,344,281,475,13,-0.284553204735213,8.34599728675648,-1.15495096909988,0.290651263624156,0.317384354407591,-6.87899960577166,-1.21803298668053
AT1G09380.1,785,856,1034,439,524,738,14,0.676662689511167,9.45398597149702,2.89722721068954,0.0264118487274025,0.0323907947030562,-4.50883846863468,1.59843789293893
AT1G09550.1,1790,1826,1860,2278,2126,2237,15,-0.277703655843252,10.9734094548125,-2.24230774044069,0.0646923365372645,0.075996471132197,-5.44796819755859,-1.21226378224026
AT1G09880.1,6871,6939,7728,5718,5081,5961,16,0.362997269751853,12.6262681382919,2.5946390638997,0.0397345019571105,0.0483046886537422,-4.94167641583477,1.28609504953997
AT1G10010.1,1633,1340,1579,1956,1821,1961,17,-0.33828332584449,10.7321398739605,-2.36890309033503,0.0542354439923238,0.0645274578842573,-5.26633458665536,-1.26425135598672
AT1G11420.1,434,447,581,117,182,197,18,1.57646744932549,8.13080022723791,6.38910966377618,0.000606110998121317,0.000897108586078767,-0.343171964951861,2.98238694378331
AT1G11580.1,37754,30184,32573,86,63,116,19,8.58801644376263,10.7317776270254,34.7434574210366,2.40882133963269e-08,9.92298043303354e-07,9.96740843473632,384.813724446495
AT1G14580.1,748,716,925,132,156,109,20,2.58608556750113,8.33679708305639,13.4166456356583,8.15218794130512e-06,1.85304472825415e-05,4.4155570508732,6.00467252186044
AT1G15760.1,692,444,607,36,24,39,21,4.10235431038117,7.1095897052876,15.9500790112379,2.86323446120361e-06,7.90933083837432e-06,5.52469915412814,17.1763823990783
AT1G17770.1,2016,2081,2598,4746,4436,5619,22,-1.14634431565779,11.6883357046238,-6.64443389295883,0.000488475087219444,0.000732712630829166,-0.101763522871642,-2.21352292569029
AT1G17820.1,9441,8889,11151,2683,2475,2479,23,1.94259011883362,12.284658046313,13.1811203896543,9.06919199220855e-06,2.03237314524192e-05,4.30098654370499,3.84395146113857
AT1G17860.1,3480,3169,3841,280,312,219,24,3.69913004891259,9.91816665134903,20.2599326411097,6.65607296933189e-07,2.80097761011853e-06,7.01071333712461,12.988204039027
AT1G17950.1,1047,1320,1492,3,0,0,25,9.64827873430627,5.4908060338198,17.173716500205,1.82637881104345e-06,5.72538975596766e-06,5.99120165629793,802.456142115197
AT1G18250.1,1034,677,920,754,517,933,26,0.274398000001902,9.61867228720384,0.996526129277152,0.356263382581682,0.381564237006868,-7.045164193434,1.20948929474432
AT1G18350.1,583,641,791,545,680,695,27,0.0661330137670895,9.34880371514376,0.361082381961636,0.730017119648331,0.746061451948294,-7.50379047582614,1.04690680036143
AT1G19140.1,3621,2577,3092,196,98,231,28,4.21333635424584,9.47646465534411,12.217982269155,1.42996139819847e-05,2.98845865241479e-05,3.80881248759273,18.5498594962057
AT1G19640.1,2280,1910,2053,116,22,63,29,5.22195219498913,8.40895165604137,9.22178687206243,7.55326870426712e-05,0.000132123007428873,1.98026920469489,37.3219431162489
AT1G20140.1,4333,3765,3967,1369,1323,1079,30,1.68234461712961,11.1303267024668,10.8023304000115,2.97839496913621e-05,5.81261143382227e-05,3.00758580456163,3.20949122627853
AT1G20500.1,6306,5747,5859,130,157,129,31,5.42289865029836,9.83130651273018,37.3033335996842,1.55264911818399e-08,9.92298043303354e-07,10.2984852590412,42.8997891033749
AT1G20690.1,1669,1609,1899,812,739,606,32,1.26873845157823,10.1157177954048,7.59035670524717,0.0002316901460364,0.000363154779461548,0.732172602435408,2.40950776699044
AT1G20730.1,16105,14728,16665,48,16,19,33,9.27406732217509,9.31173392117185,23.0549648423694,3.01336878260699e-07,1.88447033779851e-06,7.77863464816727,619.116595918319
AT1G20910.1,646,525,691,636,454,688,34,0.0793122162916298,9.23073359816136,0.371900467199733,0.722340784580705,0.740926980044024,-7.49929601995434,1.05651424280687
AT1G20940.1,832,747,948,167,191,245,35,2.07317899781171,8.67652097518557,10.6762551758676,3.19294779969562e-05,6.17671159064734e-05,2.93117990666115,4.20812919471105
AT1G21790.1,1188,1142,1333,98,21,75,36,4.47298996232808,8.0154002318842,8.08675279903048,0.00016144698533991,0.000261122950201941,1.13531129152342,22.2077289915722
AT1G22015.1,2254,2754,2999,2022,2104,2390,37,0.29073718992028,11.2271297740347,1.74944968414342,0.129164865497254,0.146491859649325,-6.13864973543931,1.22326518342806
AT1G22040.1,2606,2816,3273,156,119,87,38,4.60800478641573,9.19098338092035,19.1094193567049,9.51802619120013e-07,3.63771137992443e-06,6.65429500268452,24.3863981918254
AT1G22180.1,1941,1948,2798,72,117,87,39,4.59021413512361,8.80574014318819,18.6547907580554,1.10266505147576e-06,3.99537077093163e-06,6.50607526323964,24.0875229358118
AT1G22420.1,928,939,921,2083,1935,2288,40,-1.17327662457727,10.4481965367476,-8.79508128028563,9.94935371744336e-05,0.000170298753813908,1.67431331817783,-2.25523320473771
AT1G23320.1,0,1,0,115,128,89,41,-6.45368711562683,3.56017689114675,-20.2519916362273,6.67206799886291e-07,2.80097761011853e-06,7.00834061813846,-87.6502995045535
AT1G23360.1,1016,1085,950,97,78,92,42,3.5035214930407,8.23764388098713,23.5014750232873,2.67846655635035e-07,1.77926706957559e-06,7.88997897314067,11.3413580081219
AT1G27000.1,5639,5133,5827,378,320,479,43,3.83225268967472,10.5159177184713,20.5352925575492,6.12796816767858e-07,2.71381447425766e-06,7.09227006457105,14.2437063149051
AT1G27130.1,13058,10926,11903,309,232,194,44,5.62662816565816,10.7291943707218,27.2546213059939,1.07669180657594e-07,1.25165422514453e-06,8.72331314978773,49.4064730536842
AT1G27600.1,6285,6114,6990,184,172,338,45,4.86539843618838,10.2230829351906,17.3919334546815,1.69114616943688e-06,5.4233308192286e-06,6.07031683440548,29.1494839197996
AT1G28460.1,44,30,22,77,154,114,46,-1.81246843743577,5.89610467297574,-5.27127565498334,0.00169582384664447,0.0023775620764513,-1.49319336513255,-3.51242747676544
AT1G29080.1,915,920,955,1664,1227,1639,47,-0.685251154888409,10.2050015581672,-4.09436474969905,0.00595910470921267,0.00787957447331912,-2.88880384368188,-1.60798188635118
AT1G29960.1,987,904,837,91,61,26,48,4.08276729288241,7.78559890264366,9.29749148470373,7.20136918252864e-05,0.000126762271414857,2.03317601684909,16.9447599399332
AT1G32120.1,9121,8600,10256,1568,1847,2422,49,2.27992899504616,12.0432836201349,11.4361766218636,2.12237032855367e-05,4.29087914251067e-05,3.37873222493817,4.85654050790941
AT1G34170.1,1759,1994,2143,937,810,1069,50,1.06974154569033,10.4016698721856,6.43206812537631,0.000584230650456857,0.000869335207879804,-0.302036425465419,2.09905729400409
AT1G34180.1,578,555,918,391,387,436,51,0.718056502066279,9.02106563630078,3.16700169360275,0.0185362338925234,0.0231391913020761,-4.12866259131162,1.64496455996326
AT1G34650.1,68,79,80,1655,1486,1950,52,-4.46379046587021,8.48866275111849,-27.4066339062111,1.04043455511084e-07,1.23523932287627e-06,8.75360220928226,-22.0665696122395
AT1G35660.1,7893,7695,8746,912,1079,1380,53,2.86940740495428,11.5489651195748,15.1159245408926,3.96628388137544e-06,1.01522312193004e-05,5.18252712099533,7.30764932750131
AT1G43020.1,119,159,182,3,0,0,54,6.58150617625998,3.95741975479665,11.598986137122,1.9508869196568e-05,3.98752711050731e-05,3.47072245482106,95.7702840905325
AT1G43800.1,7302,3804,3365,236,71,87,55,5.30889128199256,9.4938122639889,10.1392238552237,4.3312274497376e-05,8.13745763284035e-05,2.59547544634083,39.6401710291559
AT1G44130.1,6973,6998,7492,5538,5533,5999,56,0.330589313486515,12.6387158357954,2.58963095905727,0.0400075576355096,0.0484256337540442,-4.94887433086714,1.25752694546383
AT1G44750.1,4771,4844,5098,252,269,273,57,4.20693888197352,10.1560831925553,33.3152289284533,3.12153159145174e-08,1.02257192429688e-06,9.76445484459261,18.4677842984032
AT1G47490.1,571,504,476,543,822,717,58,-0.407398375023989,9.21631797765301,-2.07979078076215,0.0812294783595754,0.0946264069407997,-5.67953132043723,-1.32629194208142
AT1G47760.1,229,318,298,208,356,371,59,-0.113131289436886,8.18553375768756,-0.415019241628003,0.692100057961279,0.713848118932336,-7.4801272114116,-1.0815731853049
AT1G48910.1,89,35,131,819,732,759,60,-3.35361095961326,7.91219621885011,-7.22477044367186,0.00030619510851994,0.000471980305398139,0.420609063543578,-10.2220380361816
AT1G49290.1,145,76,99,2816,2485,3188,61,-4.75932517411001,9.07981835017155,-18.2743505132539,1.25050181525281e-06,4.36112508069419e-06,6.37862342505103,-27.0831787762486
AT1G49600.1,1255,967,1129,786,945,1177,62,0.21585034026381,10.010605177691,1.07232861829723,0.323505298754044,0.349837125396815,-6.96775262137978,1.16138824764492
AT1G49640.1,6948,7030,7593,88,82,34,63,6.81756408301562,9.40213400126057,18.4502561780136,1.17946285936494e-06,4.19197627723336e-06,6.43794932929633,112.795373418464
AT1G52460.1,79,63,32,0,0,1,64,5.45544073808194,3.0610537023743,12.8183393369184,1.07255326968529e-05,2.33783095501715e-05,4.12018235996771,43.878452419461
AT1G53520.1,1113,1061,1318,437,447,593,65,1.24762310497873,9.55596525330921,6.83780040976084,0.000416614977506727,0.000628300425537172,0.0762472097522533,2.37449892817566
AT1G54570.1,379,268,331,74,25,34,66,2.98593865888419,6.84581647130274,7.42476285107233,0.000262510924981918,0.000410311193669217,0.592649424020968,7.92240612010043
AT1G54575.1,4244,4415,5546,17,27,27,67,7.60431015326213,8.39703335848357,33.0187542220303,3.2986191106351e-08,1.02257192429688e-06,9.72054140857052,194.59221091825
AT1G55050.1,1072,1023,1040,201,154,271,68,2.35646332825985,8.85216457388872,10.510853382923,3.5020349372532e-05,6.71524225081542e-05,2.82957999511286,5.12113406746505
AT1G55560.1,838,417,1056,2846,2669,3556,69,-2.06288342315855,10.5199903095471,-5.74182986552278,0.00108044417607674,0.00154191266048804,-0.989703392114586,-4.17820541830742
AT1G55650.1,783,851,1133,83,54,68,70,3.73814093206723,7.96313766372748,16.4786998912691,2.34851538340597e-06,6.93371208434145e-06,5.73114903616026,13.3442001879459
AT1G55920.1,5204,5084,6224,172,105,125,71,5.3739146743582,9.73356687241238,24.6079099469019,2.01881645596673e-07,1.54315011291703e-06,8.15394751526678,41.4676582901694
AT1G57590.1,311,281,256,0,0,0,72,8.14352604015164,4.07176302007582,59.3778990836145,8.74769830159906e-10,2.44060782614614e-07,12.0361170483532,282.777993508801
AT1G57800.1,669,677,704,4208,4102,4345,73,-2.62418649888241,10.7303059813638,-21.2220279783095,5.00939143490027e-07,2.43452419477455e-06,7.28975095766634,-6.16536581943548
AT1G57820.1,8958,7377,9990,3829,3482,4427,74,1.16095549825737,12.5077053961889,6.5216654550241,0.000541432824525324,0.000807806192740992,-0.216920758894306,2.23605472694818
AT1G59800.1,61,81,23,37,63,73,75,-0.186890021115473,5.72568194913311,-0.370030447570561,0.723665240365579,0.740926980044024,-7.50008201139589,-1.13830725083695
AT1G59890.1,3026,3020,3921,2397,2289,3136,76,0.352646536168491,11.5109624814983,1.81847595245946,0.117254912388594,0.134527233838282,-6.04451538286491,1.27690087701471
AT1G59930.1,210,342,279,68,71,44,77,2.16738147242494,7.00712492106252,8.10733109510615,0.000159112263945636,0.000258094893260653,1.15155363372908,4.49207330973729
AT1G60220.1,3477,3181,3417,1102,1036,914,78,1.72521727724592,10.850290367815,12.3071820755927,1.36901707014927e-05,2.88268500054073e-05,3.85607209725874,3.3062991806753
AT1G60400.1,44,29,50,897,822,997,79,-4.46234907553012,7.58823088240162,-19.3487252507832,8.82070698541448e-07,3.46616513933893e-06,6.73058732936576,-22.0445340081935
AT1G60410.1,36,65,24,213,116,203,80,-2.12885112439797,6.36366012045303,-5.1376932879703,0.00193713612421104,0.00268886059032279,-1.64158761817528,-4.37369047370504
AT1G60440.1,4651,4673,5603,83,113,123,81,5.54897163111883,9.50095373133621,28.3053089858366,8.52893254901752e-08,1.18978609058794e-06,8.92777074914692,46.817358445846
AT1G60970.1,179,265,355,41,12,1,82,4.64337060729247,5.68593768395285,4.38399383427682,0.00429423368291331,0.00581597668705249,-2.52656881872317,24.9915869127058
AT1G61090.1,7842,8829,10196,1280,1630,1602,83,2.57336340589059,11.833733215348,14.7468490700419,4.60678164112121e-06,1.15272832096217e-05,5.02429574642483,5.95195412107999
AT1G61097.1,2071,2704,2724,23,1,16,84,8.05261211299363,7.25044783715398,8.80601054253219,9.87796062561784e-05,0.000169596985510608,1.68231859041917,265.508108913957
AT1G61330.1,655,642,1084,1200,1348,1718,85,-0.868447546284701,10.0241258595683,-3.30875223211189,0.0154535546187883,0.0196425591737673,-3.93190483771159,-1.82569724873446
AT1G62305.1,1699,1524,1905,481,567,483,86,1.74024842308779,9.86395744254698,11.2134606963475,2.38592994086072e-05,4.78902484532475e-05,3.25072553892373,3.34092691496295
AT1G62333.1,83239,57381,63179,866,334,448,87,7.04733439678984,12.509826232831,19.0139700494943,9.81383597367002e-07,3.67441743241916e-06,6.62353658519376,132.269296267279
AT1G62340.1,7671,7361,8035,3878,3385,4129,88,1.02158983446721,12.3970487121449,7.21070279829409,0.000309568901401278,0.000475866245129237,0.408358754523551,2.0301549363161
AT1G62660.1,7524,6015,6721,256,263,166,89,4.90433886149789,10.2634104177577,21.988217260868,4.03024772767294e-07,2.17168027762189e-06,7.50059566264355,29.9469850791604
AT1G63010.1,8643,6954,8556,370,330,428,90,4.4178036368691,10.7591673587437,25.9897035770218,1.44261167070487e-07,1.4029243817533e-06,8.46145556264139,21.3742758345447
AT1G63055.1,9127,8862,9136,7195,7252,8471,91,0.24711294511734,13.0188326321631,1.81555147290546,0.117736964984181,0.134625464059781,-6.04852674124426,1.18682970805678
AT1G63090.1,10518,10274,10282,191,180,315,92,5.54231505981274,10.5673539085669,23.295910406951,2.82697947716448e-07,1.82846161747268e-06,7.8390743661423,46.6018414984122
AT1G64630.1,5489,4646,5580,638,545,561,93,3.16804223745529,10.7663063127569,21.2005668408833,5.04055455080812e-07,2.43452419477455e-06,7.28370389339776,8.98826236771858
AT1G64750.1,3527,3084,4005,444,294,596,94,3.03993884467975,10.2612426861291,10.8621567035669,2.88243326499372e-05,5.68338431754945e-05,3.04353417771286,8.2245619696561
AT1G65300.1,2747,2616,3006,2553,2290,3221,95,0.0659761062420561,11.4110031636924,0.378410468290127,0.717738211055168,0.738926054923956,-7.49653025508333,1.04679294496041
AT1G65360.1,32,49,125,842,1131,1128,96,-4.11311553397129,7.94506784453001,-8.43394299665792,0.000126790033143016,0.000209937206213065,1.40457691792158,-17.3049819786206
AT1G65770.1,500,546,589,10831,10698,12387,97,-4.37207368985847,11.2755818316749,-30.4963342015126,5.38622140715113e-08,1.07339698042512e-06,9.31980127353457,-20.7073881349794
AT1G65860.1,95,66,45,1,1,19,98,3.95089518411619,4.08275695702055,4.24620903490555,0.00501073611435877,0.00667300895420572,-2.69734720006472,15.4645739670937
AT1G66630.1,227,183,188,1422,1176,1499,99,-2.76922364750178,9.0241766218985,-16.5542309260109,2.28409089753285e-06,6.81562952311943e-06,5.76002304110889,-6.81740951784177
AT1G67390.1,42,40,36,492,436,394,100,-3.44979067466462,7.05598537898202,-22.8734350351388,3.1632400091382e-07,1.89046968239064e-06,7.73253817845604,-10.9267365431223
AT1G67500.1,3406,3299,3886,543,609,531,101,2.65052240812232,10.4570647737951,18.566096408439,1.13523346962985e-06,4.08684049066744e-06,6.4766450171879,6.27894601382314
AT1G67820.1,953,890,850,11454,11667,15882,102,-3.83967097520225,11.7298829540056,-21.7518814257404,4.30644488106151e-07,2.25934627304166e-06,7.43658941041112,-14.3171355591677
AT1G67830.1,2968,2626,3273,13277,13702,14269,103,-2.22261721268787,12.6352420962087,-15.4750474824832,3.44001443338423e-06,9.05667548049842e-06,5.33239375459059,-4.6673938529447
AT1G68725.1,148457,93800,118271,288,179,126,104,9.29776552378493,12.2007039170933,27.4934132454535,1.02037209245362e-07,1.23523932287627e-06,8.77078381177592,629.370402335597
AT1G69520.1,1458,1464,1675,13,9,16,105,6.84050323091052,7.15916690152036,30.7054536646223,5.16391552057027e-08,1.07339698042512e-06,9.35497481811962,114.603177195668
AT1G69530.1,16483,10599,14140,81,19,6,106,9.22710563216558,9.10916448993714,10.8804247547919,2.85384565704721e-05,5.66706717662755e-05,3.05447190830325,599.2879818783
AT1G69860.1,350,321,289,214,234,268,107,0.423327009907677,8.11038755785753,2.71095206978339,0.0339177858373045,0.0413234159327859,-4.77473830642479,1.34101651997843
AT1G69900.1,1788,1313,1707,1121,978,1067,108,0.591687183364895,10.3384162389825,3.46734546284561,0.012652874610025,0.0163890079291585,-3.71460935734315,1.5070081126225
AT1G70380.1,819,815,890,4,5,3,109,7.41476548913012,6.0096796097679,40.1287143647972,9.88749112697443e-09,9.92298043303354e-07,10.621269882352,170.634491683064
AT1G70440.1,1347,1466,1627,19,31,32,110,5.73927356895856,7.65841085589455,24.7353221232625,1.95571908658447e-07,1.54315011291703e-06,8.18329963779768,53.418722481533
AT1G70560.1,61,35,33,98,91,93,111,-1.16530775824491,5.9865152634823,-4.59111710063037,0.00342308921646584,0.00468157789899004,-2.27512880720053,-2.24281054532211
AT1G70890.1,12437,12562,14238,8,7,10,112,10.4625212955299,8.44104618779149,61.7165414689903,6.88608370186548e-10,2.44060782614614e-07,12.1463523313055,1411.01860513425
AT1G71100.1,1864,1889,1950,248,145,76,113,3.75417182173902,9.01595692141718,9.12376545968639,8.03871344451385e-05,0.000139304413106793,1.91116174632062,13.4933046905914
AT1G71210.1,1909,2264,2374,298,270,270,114,2.95668809968551,9.6077773021447,19.9717986989858,7.26603574560177e-07,2.98121172503367e-06,6.92386411388941,7.76339718595689
AT1G71270.1,9797,9970,11827,729,676,798,115,3.83829873992561,11.4380881600529,25.5770186757888,1.59192591779869e-07,1.45697222840104e-06,8.37205938551413,14.3035241323605
AT1G71850.1,1871,2005,2401,303,312,538,116,2.48613440759084,9.78042981150499,9.49542553525639,6.36705003601275e-05,0.000114238389713669,2.16962031715023,5.60274723493766
AT1G71940.1,6926,6695,7943,453,320,388,117,4.22204811972486,10.6965588329956,23.6925042067705,2.54851077061466e-07,1.73227309265438e-06,7.93674851125715,18.6622123666293
AT1G72540.1,90,60,96,31,26,53,118,1.17622327187392,5.75803663737927,3.69631307746945,0.00954429973917862,0.0125311041281451,-3.40666086139677,2.25984413616764
AT1G73500.1,6443,3439,5627,137,119,160,119,5.17133610367709,9.70111202867231,19.129587680365,9.45685175850608e-07,3.63771137992443e-06,6.66077007798923,36.0352288811814
AT1G73560.1,5693,5172,5295,3731,3358,3525,120,0.606444516782267,12.0910109618599,4.6563192418267,0.00319136218435315,0.00437538107830235,-2.19728242567529,1.52250241525291
AT1G74000.1,1348,1168,1593,1278,992,1255,121,0.218699518722916,10.2997068277953,1.1809885398239,0.280896849630589,0.308544177350136,-6.85014279879109,1.16368413964595
AT1G76250.1,19538,17796,19718,214,135,162,122,6.81877679560603,10.8041830128266,34.1617545189675,2.67354136907493e-08,9.92298043303354e-07,9.8864254141854,112.890227752242
AT1G76290.1,1202,1440,1622,1260,1337,1278,123,0.127569107349158,10.3994563902917,0.803612762614696,0.451306979931722,0.478762917874336,-7.22278383901973,1.09245140569534
AT1G77000.1,1385,1327,1299,125,148,153,124,3.23093729891432,8.76988031100949,22.7010790860905,3.31359100677516e-07,1.90616884719643e-06,7.68831800685404,9.38877737097212
AT1G77960.1,2333,2522,3174,80,65,79,125,5.13862733203337,8.80470440506016,28.7482035392767,7.75073796283648e-08,1.1688950765575e-06,9.01063065811125,35.2274302341218
AT1G78830.1,42039,44287,70216,293,267,323,126,7.42934149222829,11.9165412588404,31.8862833029672,4.09142633748696e-08,1.05331150865272e-06,9.54681134778735,172.367204110389
AT1G79530.1,17375,16171,19187,590,691,507,127,4.88786945523037,11.6540438058107,28.9094860085659,7.48804661373599e-08,1.1688950765575e-06,9.04033321327303,29.6070625294588
AT1G80190.1,1186,1236,1648,234,438,292,128,2.10791958584438,9.33707676976306,7.75515873027609,0.000205066260935419,0.000326002773794769,0.868477207539152,4.31069230046725
AT2G02147.1,1703,1379,1512,1610,1335,1553,129,0.0297141948399275,10.5612623839494,0.191747318311583,0.854063092869272,0.866112664354103,-7.55728154689389,1.02080987809207
AT2G02490.1,135123,136345,157920,5182,4910,6017,130,4.73774653146795,14.7543536580384,31.247187492127,4.63581603508134e-08,1.07339698042512e-06,9.44439083795755,26.6811053605497
AT2G02960.1,7375,6930,7400,392,353,466,131,4.16923515083589,10.7357075061017,26.9308137273232,1.15892456370283e-07,1.31975491131873e-06,8.65796827972176,17.9913950334225
AT2G03040.1,1025,924,881,882,827,830,132,0.154099388216704,9.80320344474773,1.15308917939582,0.291359589691124,0.317536427827436,-6.88104716379341,1.11272677442876
AT2G03090.1,3199,1922,2307,635,549,1005,133,1.77828046408607,10.3526686832103,5.96699753356624,0.000878977976556264,0.00127064691947771,-0.758964957493807,3.43017091686471
AT2G03190.1,2885,3349,3214,4275,4010,4855,134,-0.473980369283892,11.8554581802883,-3.23329927612837,0.0170183083524223,0.021518755176188,-4.03635397004656,-1.38893623641516
AT2G03770.1,1181,967,1174,646,712,888,135,0.57096760721277,9.82262372936178,3.18000215508012,0.018227351311745,0.0229073469188147,-4.11052348976127,1.4855195659614
AT2G04046.1,976,921,1095,812,969,745,136,0.248961825317831,9.83514234579383,1.54160867794623,0.172497053784651,0.194059185507732,-6.41390007325321,1.18835166005585
AT2G04425.1,2020,1411,1696,340,293,302,137,2.43889152395336,9.50493718108785,13.6911007678622,7.21578659569508e-06,1.66626102091173e-05,4.54637504719316,5.4222495936525
AT2G04620.1,2817,3155,3152,147,128,275,138,4.12588058772535,9.50600865313947,13.7534688705783,7.02072159674968e-06,1.6323177712443e-05,4.57570852984755,17.458776905194
AT2G04750.1,74,112,187,131,116,96,139,0.0296382744865733,6.85304303095295,0.0854895551808761,0.934564828912416,0.937926572901309,-7.57428081124236,1.02075616042805
AT2G07040.1,503,253,844,626,1221,1076,140,-0.977126865241118,9.3848208131011,-2.02233034200253,0.0880562635333145,0.102152588464843,-5.76072887717282,-1.96854114265003
AT2G12465.1,249,197,215,518,332,576,141,-1.07378939905649,8.32023750182996,-4.42592760133428,0.00409950399472817,0.005565749949047,-2.4751514124973,-2.10495501102477
AT2G13560.1,30415,28595,32693,653,496,531,142,5.7757585090987,12.0097230220699,35.9910112695178,1.93718692619853e-08,9.92298043303354e-07,10.1337231490555,54.7868787369379
AT2G15280.1,5065,4912,5938,376,339,375,143,3.86087456722269,10.437904117306,26.7775391789452,1.20037653188256e-07,1.33962020958094e-06,8.62663976786837,14.5291114186325
AT2G16140.1,400,370,467,56,186,47,144,2.3627838492952,7.50297424957211,4.57972270825103,0.00346549424773303,0.00472798481720056,-2.28879686411861,5.14361923708657
AT2G17690.1,8852,9800,12939,105,59,113,145,6.8541709596186,9.91631916792145,23.2208197910931,2.8835953823942e-07,1.82846161747268e-06,7.82032857258807,115.694057978286
AT2G17750.1,2527,3134,3476,8031,8448,9910,146,-1.5364218412067,12.3287635298014,-8.61411285359365,0.000112222242304472,0.000187485063490704,1.54042639313529,-2.90074171296831
AT2G17990.1,11065,9777,12012,961,916,886,147,3.56600581860838,11.6308233431929,25.1216995314065,1.77791069663901e-07,1.54315011291703e-06,8.27104392522266,11.8433541499515
AT2G18280.1,6195,5917,7952,201,214,271,148,4.86381056399343,10.2631943398606,25.3093642288733,1.69835617808563e-07,1.52852056027707e-06,8.3129866523794,29.1174187976676
AT2G18880.1,572,560,541,24,9,1,149,6.1368710153525,6.05703026923028,7.10376344693216,0.000336653994721075,0.000513259369000983,0.314582685623902,70.3691418974902
AT2G19220.1,888,917,1430,1318,1501,1387,150,-0.411830630124612,10.2463146180524,-1.87615842391323,0.108134308276265,0.124667239706934,-5.96501190509068,-1.33037284846611
AT2G19400.1,163,193,190,20,52,48,151,2.26664865112793,6.37830689938302,6.13864356249582,0.000753921757478365,0.00109554255383575,-0.587307853331304,4.81204005398864
AT2G19480.1,4557,5221,5787,535,820,685,152,2.94467626323383,10.862135587753,14.4504200550469,5.20889516559113e-06,1.26416312774888e-05,4.89399280170022,7.69902771049399
AT2G19500.1,15257,17285,20386,11182,12081,13596,153,0.516454832872951,13.8384247727277,3.06525250224726,0.021159398342532,0.0262376539447396,-4.27124106547252,1.43043588325754
AT2G19802.1,11050,12750,14712,10273,11942,11932,154,0.167252906674173,13.5547121807272,1.01557062339028,0.347793585961307,0.373928364097127,-7.02609391029436,1.12291825412902
AT2G19970.1,1570,1492,1761,1863,1744,1972,155,-0.211636194041901,10.7539728051373,-1.5151078624907,0.178922484994493,0.200479410897444,-6.44794588110136,-1.15800075507852
AT2G20160.1,242,293,427,1516,1778,1779,156,-2.43185528550822,9.50457825436854,-10.3216435319655,3.89882389575375e-05,7.37472452145964e-05,2.71141514107294,-5.39586885901357
AT2G20780.1,5577,5346,5398,108,85,217,157,5.42196309254008,9.69852601435536,15.6953611364289,3.15724218295459e-06,8.55214144703233e-06,5.42240440423736,42.8719784997698
AT2G21420.1,1507,1311,1796,2,43,70,158,6.17773539084452,7.4869147750433,5.36293644936048,0.00154992296811435,0.00218398236416112,-1.39279037372944,72.3908469754993
AT2G21930.1,38,13,38,90,54,75,159,-1.38630750246161,5.48587353782484,-3.0980615648871,0.0202720800283086,0.0252495996781165,-4.22515117362778,-2.61408762671762
AT2G22121.1,1847,1467,1510,1703,1395,1658,160,0.0182607406775794,10.6350940428026,0.111390557913064,0.914823651205188,0.921428876123638,-7.57133239522815,1.01273782460527
AT2G23790.1,30193,28114,27590,830,717,1158,161,5.01590909103194,12.2963577293826,24.3156004413262,2.17270914197241e-07,1.61649560162747e-06,8.08580909463682,32.3548277387035
AT2G23990.1,4522,3983,4800,4153,4078,4440,162,0.0670770949179325,12.0771899303271,0.479641627217942,0.647925266789996,0.673263126385136,-7.44769984780514,1.04759210696202
AT2G24740.1,3668,4027,4623,1556,1242,1660,163,1.46998155722071,11.262324167975,8.34620611449511,0.000134663907339788,0.000221007236163535,1.33747643815334,2.77018352318692
AT2G25295.1,164,97,84,239,154,127,164,-0.597530668794676,7.09557299923025,-1.75748311141194,0.127720288378981,0.145148515102793,-6.1277550188527,-1.51312446989633
AT2G25685.1,221,232,265,605,576,675,165,-1.36753216063168,8.58839422915103,-9.33498524350221,7.03409720533969e-05,0.000124604007637446,2.05922995586935,-2.5802881054211
AT2G25700.1,816,629,652,2459,1998,1796,166,-1.57218019413393,10.2275365864268,-8.41728807934639,0.000128243138078452,0.00021171500309993,1.39188755911475,-2.97353734362293
AT2G26280.1,6648,6173,7508,701,522,627,167,3.46156713364043,10.9909886019679,20.3792536083654,6.42100395483529e-07,2.75609246676776e-06,7.0462250396162,11.0162945450692
AT2G26410.1,174,52,238,346,596,635,168,-1.96442118491705,8.00887671725062,-3.33489330393329,0.014948640093303,0.019131516449686,-3.89587441409558,-3.90256100572282
AT2G27040.1,32324,30631,35720,1815,1688,2092,169,4.14258028217643,12.9312430398709,27.5282552252849,1.01244351272872e-07,1.23523932287627e-06,8.77765999341115,17.6620424557406
AT2G28040.1,2054,2228,2423,1863,2035,2716,170,0.0355902407832698,11.1056307340423,0.19016920118401,0.855247451718836,0.866112664354103,-7.55762853726704,1.02497607930473
AT2G28380.1,4614,4630,5200,179,195,305,171,4.4432818378985,10.0096245133284,19.3001830055014,8.95723416704847e-07,3.49520046518395e-06,6.71520609752369,21.7551014263955
AT2G29570.1,6282,6391,7764,1021,913,856,172,2.86855951228018,11.2930734995095,18.3864902661199,1.20466031585571e-06,4.25443326738916e-06,6.41652294121091,7.30335577845498
AT2G29940.1,2922,3034,3184,1278,1247,1292,173,1.25836108151287,10.9434169832745,10.0825359602772,4.47668321142936e-05,8.35447903671432e-05,2.55903459132632,2.39223825432002
AT2G30160.1,2278,2164,2369,102,177,84,174,4.2911276561259,9.00277212615872,15.0480093840484,4.07598797341018e-06,1.03853940144424e-05,5.15373607474727,19.5775408900696
AT2G30590.1,3971,4016,4516,313,259,334,175,3.78789866824871,10.1289512832128,24.1379769256242,2.27286243520827e-07,1.65376862350184e-06,8.04385262152143,13.8124627458785
AT2G30900.1,418,415,427,254,383,310,176,0.430875476843656,8.5021333076587,2.35597815021002,0.0552176732651179,0.0655563014509272,-5.28490853549699,1.34805137252623
AT2G31360.1,67685,71164,73622,2221,1775,1780,177,5.20759608199779,13.5073082972792,34.4930596980008,2.51885900558156e-08,9.92298043303354e-07,9.93282470042617,36.9523979235784
AT2G32370.1,1641,1736,2112,7134,7544,8607,178,-2.08825591997022,11.8736937941262,-12.8049289930213,1.07931619318533e-05,2.34341803812224e-05,4.11339550629452,-4.25233695346076
AT2G32750.1,13984,14601,17620,1395,992,1329,179,3.6435118378548,12.0817371403029,19.0586518625568,9.67405465487721e-07,3.67219217511666e-06,6.63795877957428,12.497016774012
AT2G32940.1,1337,1117,1337,272,201,241,180,2.40953247105996,9.09471018917873,13.9829867821539,6.35355498814271e-06,1.50223884889137e-05,4.68243007419766,5.31302120589382
AT2G32990.1,734,310,437,3,1,1,181,7.52571942315183,5.09619304490925,18.2462062147947,1.26232214339673e-06,4.37500469574768e-06,6.36906751504787,184.275367217608
AT2G33770.1,68897,70839,81180,547,261,308,182,7.69679581806701,12.3160372798343,26.3760628627734,1.31736481774745e-07,1.4029243817533e-06,8.54334377141764,207.47530502047
AT2G33780.1,4921,5002,5371,5109,4896,5494,183,-0.0186145178306791,12.3242573485414,-0.142401639795804,0.89127564643431,0.899334196582902,-7.56678658441426,-1.012986198258
AT2G34200.1,1824,2013,2251,123,133,150,184,3.89594319619068,9.03420167815191,25.1711798217456,1.75652313041481e-07,1.54315011291703e-06,8.28214505150882,14.8866083753187
AT2G34260.1,1868,1812,2230,262,351,405,185,2.55066744553956,9.66322923114137,12.427421785925,1.29155293691135e-05,2.72987325301716e-05,3.91921685207587,5.85905277728436
AT2G34880.1,797,735,700,164,159,228,186,2.02987447635329,8.52408860392002,10.9789074420201,2.70525274666741e-05,5.39118225943005e-05,3.11312414701601,4.08369318008497
AT2G34890.1,235,203,243,115,141,204,187,0.599532504919506,7.52883565717232,2.53500100956281,0.0431181107466865,0.0517417328960238,-5.02742594105883,1.5152254888926
AT2G35670.1,1586,1489,1800,51,66,59,188,4.77144866329453,8.27686416638306,29.594805431948,6.48105114017498e-08,1.13014072574354e-06,9.16381947425208,27.3117274848739
AT2G36010.1,3216,2901,3344,744,684,720,189,2.13573675927002,10.5528391271144,16.0025528312542,2.80667683181167e-06,7.79167001070106e-06,5.54554117184446,4.39461493562377
AT2G36310.1,6115,6381,7684,213,194,203,190,5.03492416236533,10.1912029618901,33.818994534802,2.84529904889851e-08,9.92298043303354e-07,9.83763881310432,32.78409494195
AT2G36560.1,490,316,348,2341,1849,1867,191,-2.40637072831693,9.76818585437972,-11.1931856229274,2.41174603180586e-05,4.82349206361173e-05,3.23894550563599,-5.3013901876219
AT2G36724.1,1489,1578,1460,1347,1573,1790,192,-0.0482472315540186,10.5836677937814,-0.308963953482122,0.767463321020895,0.781468126149013,-7.52365163489045,-1.03400791678436
AT2G36760.1,1260,1440,1794,11,7,5,193,7.47768343592369,6.79548338510928,25.9442463354189,1.45823681257512e-07,1.4029243817533e-06,8.4517072249791,178.240754668223
AT2G37390.1,813,821,789,25,1,4,194,6.98507353266131,6.16665937067348,7.95734396526264,0.000177063541275136,0.000283912229975649,1.03233044437362,126.682508731923
AT2G38220.1,6116,5809,6627,1010,749,1223,195,2.66252899542406,11.2611651343717,12.717220261286,1.12478371693392e-05,2.42327920482288e-05,4.06882147824617,6.33141953619251
AT2G38810.1,447,350,370,196,88,166,196,1.43882265869538,7.87990784364663,4.5372984072325,0.00362864509353339,0.00493849746876007,-2.33985446264558,2.71099538773608
AT2G39220.1,6807,5825,6875,224,240,154,197,4.99528806819438,10.1652423450043,23.896757794484,2.4175729148692e-07,1.72949446986797e-06,7.98619395877882,31.8956564970681
AT2G39300.1,1073,1180,1271,293,208,220,198,2.29750681545275,9.0470647531626,12.684508532703,1.14230525971918e-05,2.45156282662809e-05,4.0521143607176,4.91607462419056
AT2G39650.1,2058,1070,1286,129,307,153,199,2.94877544106165,8.99303468533691,7.3981499095765,0.000267890518566011,0.000416386934149956,0.569981612778476,7.7209343235201
AT2G40030.1,9284,9062,9876,343,351,480,200,4.60024230060577,10.8986509693394,26.0572435534924,1.41975315662177e-07,1.4029243817533e-06,8.47589498713744,24.2555384393331
AT2G40520.1,272,316,382,474,566,467,201,-0.642352198253242,8.64860835012136,-3.55886996156744,0.0112934574332849,0.014689392185951,-3.59066967471084,-1.56087196206031
AT2G41040.1,73,98,123,2,8,18,202,3.59673042682946,4.79930355195041,5.48365441707448,0.00137896895330585,0.00195295603031641,-1.2622971790133,12.0982831558699
AT2G42340.1,235,256,279,246,275,198,203,0.108011435531397,7.9518444874012,0.621055474581337,0.556680418770981,0.582791132597012,-7.36182800899411,1.07774168773614
AT2G43660.1,4599,3879,4446,3680,3040,3220,204,0.379456897153354,11.8795634755092,2.52810016973716,0.0435288002421242,0.0521224689594534,-5.03735205317326,1.3008520572293
AT2G43670.1,3113,3382,4091,2176,2693,2973,205,0.435127453638477,11.5581799800535,2.33441103287867,0.0568980288821885,0.0674078558731659,-5.31588997519685,1.3520302716905
AT2G44330.1,67,102,101,84,149,138,206,-0.436920662984013,6.70058990162702,-1.52356476852222,0.176848122156074,0.198553827289918,-6.43711022202555,-1.35371183337444
AT2G45110.1,15746,13195,15512,2372,1939,2029,207,2.81006373378681,12.4455656450071,18.1789587840563,1.29109339902578e-06,4.43789065077439e-06,6.34616272058374,7.01315558312022
AT2G46650.1,401,370,491,4,3,19,208,5.82832846112142,5.79544962715228,9.65783340391712,5.76492137848288e-05,0.000104442406791995,2.27958728932531,56.8200604438727
AT2G46990.1,179,182,161,5,6,32,209,3.97023046512038,5.46401907993926,6.16842275592148,0.00073435442539238,0.00107269573133232,-0.557891204686072,15.6732283008415
AT2G47030.1,518,296,735,1104,1451,1614,210,-1.50450101221339,9.67140777451192,-4.24735351744745,0.00500425964503546,0.00667300895420572,-2.69591708803739,-2.83726521214443
AT2G47115.1,29077,24641,29194,5103,4320,5111,211,2.51189053199357,13.4940233494307,16.5761819650392,2.26575311778126e-06,6.80610311335729e-06,5.76838586757114,5.70367007315317
AT3G01230.1,247,114,297,299,423,400,212,-0.861780896573532,8.10384207555123,-2.26959574256992,0.0622743268090096,0.0734652734871615,-5.40888272201509,-1.81728021991531
AT3G01240.1,305,143,460,553,953,841,213,-1.48444275351893,8.83419997161423,-3.2652126148996,0.0163363476580387,0.0207174590754218,-3.9920958239835,-2.79809074917631
AT3G01270.1,1287,542,1651,3896,4694,5037,214,-2.105989942702,11.0882360504638,-5.03403136093939,0.00215128270402066,0.00297869912864399,-1.75846007616193,-4.30493048855188
AT3G01870.1,600,476,686,528,459,619,215,0.128164852400717,9.12032854897791,0.642298244688761,0.543672425361254,0.571316785972844,-7.34722820357982,1.09290261464392
AT3G03260.1,4503,3607,4374,3068,2365,3223,216,0.534206239869475,11.7492442257128,2.92009273138349,0.0256210601502989,0.031490201682526,-4.47636390656116,1.44814517657446
AT3G03305.1,2751,2555,3024,263,97,273,217,3.85050675208807,9.5109653915221,9.34078641986545,7.00861787457765e-05,0.000124548050127845,2.06325236612788,14.4250733735653
AT3G04100.1,372,452,391,429,646,524,218,-0.380293153239592,8.85051621142535,-1.95521452947293,0.0967655615952871,0.111791269917537,-5.85497633830242,-1.30160631281642
AT3G05610.1,962,439,1034,4035,4219,5155,219,-2.54853584576925,10.8436568408029,-7.26977939464413,0.000295680264813599,0.000457034869157862,0.459670891266707,-5.85040234645729
AT3G05700.1,577,691,685,18,38,52,220,4.2567894964804,7.21547814386321,11.24715933202,2.34372408696287e-05,4.72129256507322e-05,3.27025753581776,19.1170697040678
AT3G05725.1,19,10,7,112,105,196,221,-3.4629305076367,5.32525182499324,-8.56719514179507,0.000115821545204394,0.000192920663355379,1.5052985857215,-11.0267100716378
AT3G05741.1,933,1099,1384,2288,2670,2791,222,-1.19483747511407,10.7328310072431,-6.21242980002274,0.000706488056200317,0.00103742193515731,-0.514614564769381,-2.28919042097681
AT3G05860.1,377,452,429,371,344,404,223,0.167471017770403,8.62753199573372,1.14579119279196,0.294150190288445,0.319330362219751,-6.88905271890705,1.1230880332156
AT3G06125.1,33,24,1,0,0,0,224,3.57710634367502,1.78855317183751,3.41722628400015,0.0134726957091842,0.0173620420455538,-3.78293999066203,11.9348319192734
AT3G06860.1,8942,9343,11539,579,623,617,225,4.02464966211454,11.2579162766511,26.1879849199196,1.37668749735761e-07,1.4029243817533e-06,8.50369578796445,16.2757222670258
AT3G07190.1,2459,2414,3058,170,88,89,226,4.56521847444199,9.07775558461499,15.6720555221004,3.18584656962789e-06,8.58793423117085e-06,5.41295067288316,23.6737849148258
AT3G08040.1,181,272,216,47,34,5,227,3.35429833172525,6.11021850532505,4.34919349036494,0.00446371798570669,0.0060163155459525,-2.56943708156594,10.2269094870367
AT3G08620.1,2242,2378,2499,421,562,245,228,2.61148701164473,9.90594510786459,8.47544990821746,0.000123250245413236,0.000204683443275552,1.43610342897545,6.11133265081347
AT3G08840.1,884,741,918,37,27,16,229,5.00866159870956,7.21857922493862,16.3197309799201,2.49110938966105e-06,7.18584951193542e-06,5.66987526073636,32.1926982857623
AT3G09110.1,140,131,151,1141,1234,1204,230,-3.07686223591713,8.68238877969217,-23.227693171948,2.8783587560409e-07,1.82846161747268e-06,7.82204784038819,-8.43777276852279
AT3G09340.1,91,124,90,141,129,123,231,-0.376390120667407,6.8539086873063,-2.12930686160696,0.0757779363452822,0.0886458878001414,-5.60924179250807,-1.29808973728069
AT3G09950.1,576,824,862,6,4,1,232,7.49487051667088,5.7905295973171,15.8210553232081,3.00800154853729e-06,8.24732782240394e-06,5.47311766566371,180.37686692667
AT3G10195.1,943,1136,1185,1294,1913,1763,233,-0.593399486605794,10.3785490375696,-2.95976279947707,0.0243088737434259,0.0300761675140391,-4.4201230521559,-1.50879780950986
AT3G10900.1,547,634,683,103,152,413,234,1.7250609537243,8.41296864963984,3.46696466807632,0.0126588932212676,0.0163890079291585,-3.71512730497753,3.30594094534767
AT3G11200.1,5168,5068,5821,424,629,572,235,3.31917856049636,10.7238954063046,17.4950196026263,1.63131832943194e-06,5.29230016176176e-06,6.1072843849469,9.98095982933677
AT3G11310.1,98,121,118,565,471,772,236,-2.38890472505604,8.0127562695115,-10.8731779994328,2.86514675203398e-05,5.66933293487574e-05,3.05013520322653,-5.23759579239764
AT3G11490.1,972,1139,1475,69,165,3,237,5.03475622053391,7.68548559303092,3.82156245334048,0.00820807547012103,0.0108021370573763,-3.24126075804734,32.7802788198033
AT3G12110.1,10405,10387,12000,899,847,998,238,3.57752759401445,11.6241113015314,24.8361117865714,1.90742260369382e-07,1.54315011291703e-06,8.20637094870208,11.9383172615804
AT3G12700.1,6540,6089,7284,4377,4453,5361,239,0.490912560962776,12.4472888091318,3.17588044553534,0.0183246705197947,0.0229779014607763,-4.11627239110308,1.40533352299975
AT3G13280.1,104,72,159,34,77,110,240,0.672299023092061,6.4058498789318,1.37211378267728,0.217576742684128,0.241376260839671,-6.62668580182553,1.59361046122356
AT3G13400.1,1909,714,1782,7902,8488,10086,241,-2.70617526417887,11.7468367461607,-6.84660525426112,0.000413642518621775,0.000625508198891464,0.0842566029758887,-6.52589268926688
AT3G14205.1,8580,8940,10668,989,1130,1289,242,3.04882153696512,11.6670185282384,18.0828955938133,1.33352150550908e-06,4.53722561020773e-06,6.31326572140354,8.27535691767107
AT3G15960.1,186,236,300,259,324,430,243,-0.482983464829255,8.13124419426316,-1.84349368587023,0.113209642419879,0.130249444268645,-6.01012143526848,-1.39763095308187
AT3G16320.1,1632,1574,1966,1035,868,1177,244,0.751360650927817,10.3697284849077,4.24030912196128,0.0050442717705191,0.00670167535226109,-2.7047226342822,1.68337973026722
AT3G16565.1,905,903,1012,32,44,59,245,4.39494228332197,7.67851707875987,18.4917795630247,1.16338292080043e-06,4.16133121670921e-06,6.45185372918464,21.0382424873047
AT3G16720.1,2525,1887,2870,267,232,257,246,3.24370566594043,9.60235369648198,16.7319869915229,2.14038464960391e-06,6.54949177469086e-06,5.82737683270375,9.47224020132712
AT3G17250.1,1525,1523,2014,92,62,65,247,4.52163923459226,8.4477639019516,20.9874221432814,5.36257208556351e-07,2.47032983712027e-06,7.22321654011551,22.9693676507108
AT3G18210.1,3251,3482,4139,248,181,355,248,3.83503711627175,9.89869522588027,14.298444011592,5.55265813940867e-06,1.33551001801295e-05,4.82604020628353,14.2712234623229
AT3G18470.1,232,184,200,104,158,243,249,0.362917828612053,7.50074751781048,1.146321687366,0.293946584321518,0.319330362219751,-6.88847190170282,1.2860242334348
AT3G19350.1,4232,3587,4465,505,517,498,250,3.00616620544734,10.4906490586297,20.9527266023414,5.41721746915784e-07,2.47032983712027e-06,7.21329593435002,8.03426587889057
AT3G21580.1,5400,4876,5490,334,255,245,251,4.24770349841592,10.2340290127694,24.9144431434119,1.87084151715357e-07,1.54315011291703e-06,8.22421200059553,18.9970499967256
AT3G21700.1,87,72,162,40,25,4,252,2.53935483803395,5.39631735823249,3.16958419883826,0.0184744254129008,0.0231137430053782,-4.12505785671669,5.81328983006585
AT3G21820.1,938,994,995,107,79,57,253,3.61957980099149,8.12138876455521,14.9841021444326,4.18243675290683e-06,1.05126112978469e-05,5.12651114066879,12.2914209326124
AT3G22560.1,320,444,546,1,0,3,254,7.73982934525621,4.8699146726281,15.125564538173,3.95099089393284e-06,1.01522312193004e-05,5.1866020383937,213.757220781342
AT3G22680.1,299,464,482,35,58,48,255,3.11283569346923,7.11217714504107,11.4590682138284,2.09723801847698e-05,4.25548659749146e-05,3.39174630558868,8.65081282272842
AT3G22810.1,783,770,1166,414,293,405,256,1.27730331716059,9.15931025466557,5.4028311702522,0.00149090180508161,0.00210613470186213,-1.34944783108908,2.42385486686663
AT3G22968.1,35357,34281,44199,646,360,331,257,6.46605169943204,11.9691979697916,22.5396933058353,3.46193137621964e-07,1.97118133462302e-06,7.64650649167361,88.4047326359349
AT3G23060.1,858,866,974,173,122,51,258,3.11658773122274,8.25359310538772,7.15311479079042,0.000323831014208714,0.000495062208023185,0.358003058730825,8.67334039731959
AT3G23780.1,6803,6675,7168,437,360,443,259,4.05981129634882,10.7182582991206,27.8803959503234,9.36195666733219e-08,1.23523932287627e-06,8.84644863020805,16.6772706537322
AT3G24065.1,2520,2706,2872,193,254,377,260,3.34469771644632,9.72451842597885,12.9395008696164,1.01362115721381e-05,2.22677403828861e-05,4.18116353630448,10.1590790360134
AT3G24790.1,1498,1513,2285,1781,2027,2467,261,-0.260568797175539,10.8877990139705,-1.13641259912584,0.29776935236573,0.322631647805975,-6.89929203401192,-1.19795091584377
AT3G25170.1,198,80,288,453,714,522,262,-1.72920491642489,8.24840256018876,-3.60554982121695,0.010662640826118,0.0139338491357702,-3.52788606233136,-3.31545050195546
AT3G25250.1,177,245,283,1,2,1,263,6.66101085169639,4.52549292608858,26.1805056406558,1.37910989583279e-07,1.4029243817533e-06,8.50211072371616,101.196168102082
AT3G25260.1,30309,30361,34003,259,68,82,264,8.10832352721573,10.889472330659,16.2981992892393,2.51118396922474e-06,7.18584951193542e-06,5.66152303854524,275.961563119011
AT3G25280.1,657,636,609,914,955,1437,265,-0.766194644383221,9.69301691167221,-3.69256178402396,0.00958786806350679,0.0125587567592413,-3.41164864828759,-1.7007777688334
AT3G25420.1,7217,6639,6690,5328,4686,5063,266,0.447399065453395,12.5170861616158,3.38956865222567,0.0139499013236821,0.0179355874161627,-3.82078364410495,1.36357973640353
AT3G25540.1,671,525,701,29,41,56,267,3.9181551999412,7.33644361082127,14.6491308772072,4.79590247722716e-06,1.17890466180298e-05,4.98166368360482,15.117578863219
AT3G25700.1,5423,5159,5674,117,97,169,268,5.43398588696595,9.68590755335456,24.1220834002647,2.28208215071042e-07,1.65376862350184e-06,8.04007782233458,43.2307478021825
AT3G25710.1,747,570,1016,43,19,15,269,4.97099521519444,7.07928417877211,11.773282033607,1.78477410977204e-05,3.67492233672618e-05,3.56775817144997,31.3630772727856
AT3G26110.1,531,162,449,334,336,404,270,-0.0762027944498964,8.44403199087471,-0.169086200228684,0.871108089222399,0.880576655409599,-7.56199199638059,-1.05423960354296
AT3G26410.1,2999,3247,3464,387,538,397,271,2.88801447136991,10.2142335441794,16.1716433131601,2.63303269527187e-06,7.38307660282264e-06,5.61217338339699,7.4025096769449
AT3G26590.1,1353,1103,1299,686,454,762,272,1.0088013725101,9.78087677650128,4.3726170238655,0.00434883542447185,0.00587566626357213,-2.54056344541416,2.01223858676904
AT3G26990.1,5640,4989,5516,671,521,618,273,3.16073618946655,10.8117077675876,20.4295430504175,6.32482316181647e-07,2.74360151239788e-06,7.0611133684562,8.94285937116512
AT3G27150.1,169,168,162,1,3,1,274,6.05299950888366,4.35983308777516,20.5836760591579,6.04027514429084e-07,2.71381447425766e-06,7.1064574539413,66.3948533383309
AT3G27440.1,58,77,98,41,26,48,275,1.01182903974875,5.75988610956019,3.42192978843008,0.0133933349309292,0.0172997242857836,-3.77651380768244,2.01646594317393
AT3G27640.1,560,497,493,176,187,230,276,1.38876089369496,8.31902826123971,8.6814363638509,0.000107279805094926,0.000179766159888794,1.59053078959791,2.61853682474595
AT3G27910.1,126,152,121,436,421,455,277,-1.71622293511494,7.91704808990004,-11.6228086930147,1.92716143419188e-05,3.95351500102598e-05,3.48407252871041,-3.2857505004436
AT3G27980.1,3021,3135,2832,1,0,5,278,10.3530500583123,6.37151252939655,16.7738190954097,2.10810506375149e-06,6.49902003079188e-06,5.84310659519896,1307.91227027843
AT3G28750.1,1611,787,1951,6829,7854,8492,279,-2.50723292414623,11.6560915239222,-7.1685317007569,0.000319940496461784,0.000490458233587021,0.371516560693318,-5.68528599212194
AT3G28917.1,21096,18262,21907,148,79,47,280,7.93816581373787,10.3444359455592,19.6808536434072,7.94867727319316e-07,3.21403037568245e-06,6.83456079244241,245.259602746781
AT3G28980.1,1052,344,1336,417,1980,1338,281,-0.396928839836693,9.81697309417988,-0.539412828295195,0.608404229443704,0.633376044831319,-7.41385111131286,-1.31670197483498
AT3G30842.1,1110,916,980,765,866,910,282,0.241378114084847,9.84482106002537,1.61248683558964,0.156360602015499,0.176617846001313,-6.3215890081795,1.1821213269935
AT3G42830.1,151,137,186,180,207,263,283,-0.447111098157789,7.52467102578202,-2.18992901762122,0.0696080239938213,0.0815993222448578,-5.52285248685471,-1.36330758797876
AT3G43505.1,718,604,522,758,805,796,284,-0.366573863028572,9.43705574113035,-2.25551314721352,0.0635103371503692,0.0747653336073967,-5.42905925442078,-1.28928737032476
AT3G43520.1,8461,6556,8056,592,581,384,285,3.90538397234456,10.9478514105178,17.5599345560665,1.59490204445072e-06,5.20441719768129e-06,6.13043129584703,14.9843435015412
AT3G43540.1,4923,4861,5613,374,355,415,286,3.74694754617833,10.4491137512527,26.3307289969131,1.33138798433698e-07,1.4029243817533e-06,8.53382408302966,13.4259060428037
AT3G43920.1,9863,9554,11657,1858,1583,2044,287,2.50382570858199,12.0810971219004,15.1921472217503,3.84720746262665e-06,9.93861927845218e-06,5.21466794789829,5.67187488436142
AT3G44370.1,476,342,380,52,22,11,288,4.01903749944343,6.62166705350217,7.65959841831828,0.000220048394440731,0.000346855943779457,0.789746897976351,16.2125318034657
AT3G45090.1,5660,5058,5674,1495,1503,1401,289,1.89570948787287,11.4661060591284,14.449588346834,5.21070823265665e-06,1.26416312774888e-05,4.89362306465582,3.72104925637636
AT3G45870.1,8947,10155,11731,16,19,48,290,8.64381826540356,8.99660939278608,21.0755977964219,5.22654705806404e-07,2.47032983712027e-06,7.24833465485699,399.989485269822
AT3G48950.1,2609,2458,2828,3033,2893,3405,291,-0.239983574669241,11.4799139781511,-1.69877472528971,0.138649251525545,0.156929578805789,-6.20697520791262,-1.18097921570184
AT3G49307.1,4171,4549,5183,3225,3923,4143,292,0.302525312772126,12.0214121020732,1.81753397950033,0.11740996931764,0.134527233838282,-6.04580765199612,1.23330131223956
AT3G49500.1,4267,4559,5457,299,259,203,293,4.23490246788494,10.0919885157744,21.4858302626281,4.64401460052015e-07,2.33455869107229e-06,7.36344417666622,18.829234818799
AT3G49540.1,722,330,798,822,977,1178,294,-0.770398780555771,9.55539636917332,-2.11074721461136,0.0777763224278636,0.0907932801563763,-5.63561917863502,-1.7057412084774
AT3G49660.1,2481,2271,2399,268,343,546,295,2.68757635669322,9.8748295583637,9.90676026673545,4.96481934941044e-05,9.17340793699015e-05,2.44477105573991,6.44230228681331
AT3G49680.1,7187,6830,7878,960,939,892,296,2.96854221916885,11.3467464204044,22.3917759259155,3.6046921392779e-07,2.01141821371707e-06,7.60783500723542,7.827449085187
AT3G49730.1,518,555,661,15,77,9,297,4.633962964713,6.85275825360637,6.30718954506074,0.000650478205334201,0.00096022973168382,-0.42220844985861,24.8291499418706
AT3G49770.1,0,8,1,328,390,714,298,-7.42828100042201,5.10411550069178,-9.19000556500727,7.70686921119942e-05,0.00013438853187029,1.95793777317335,-172.240547516249
AT3G50020.1,636,437,431,461,357,482,299,0.197793308834949,8.8493780535895,0.902773427218631,0.400339960649238,0.426316217637929,-7.13513845041259,1.14694269295917
AT3G50060.1,17067,9478,7848,324,259,334,300,5.15104589526691,10.8270832830633,16.5726393400785,2.26870103778576e-06,6.80610311335729e-06,5.76703708050991,35.5319730074757
AT3G50720.1,5,15,9,4984,4282,6089,301,-9.00437322278726,7.80448347659647,-24.3988575255985,2.12753210023511e-07,1.60427420531242e-06,8.10533090949372,-513.554373653152
AT3G51895.1,6945,6640,6304,94,42,28,302,7.07577692522053,9.1559222486638,16.722286409657,2.14795160352765e-06,6.54949177469086e-06,5.82372266702124,134.902841398139
AT3G53000.1,2939,2760,2844,105,87,158,303,4.64218450700696,9.1545039296651,19.6213716987251,8.09723282629698e-07,3.25054382523289e-06,6.81610059148233,24.9710487215521
AT3G53370.1,793,672,816,281,315,202,304,1.53099404737929,8.80171969627667,7.3723223624629,0.000273232446213568,0.00042351029163103,0.547917132018001,2.88984887218388
AT3G54100.1,3423,3002,3874,354,236,449,305,3.34647889549997,10.0646393325858,12.7501095506559,1.10747948007361e-05,2.39524631736852e-05,4.08557379427784,10.1716293762944
AT3G54550.1,1204,1082,1468,825,1111,957,306,0.374477583134267,10.0915124215268,1.99620956144081,0.0913481895986008,0.105751638580953,-5.79749094483462,1.29637003878841
AT3G54710.1,853,965,1238,384,404,312,307,1.46280684343667,9.24490728181396,7.40581576895279,0.000266328082277549,0.000415114720421431,0.576518102090408,2.75644123255453
AT3G54740.1,1287,1294,1988,276,220,224,308,2.63735163495487,9.22381778969666,11.858635416949,1.70942229831224e-05,3.54593919129453e-05,3.61474289503292,6.22188459192183
AT3G54800.1,343,254,581,644,827,1081,309,-1.16687785238917,9.11860343768433,-3.33242814910187,0.0149954761694419,0.0191475416534293,-3.89926864390961,-2.24525273892035
AT3G55320.1,7163,6628,7908,106,126,180,310,5.74013572611068,9.94673371647418,25.6054396667208,1.58108573432034e-07,1.45697222840104e-06,8.37828104857723,53.4506551467571
AT3G55420.1,10113,7593,10691,58,41,10,311,8.28152079273719,9.05222442662789,13.390995534094,8.24667074449024e-06,1.86301306697391e-05,4.40318441651583,311.161723487581
AT3G57220.1,3022,2418,2933,300,246,368,312,3.20371651962542,9.83834623128097,16.1872505862021,2.61764173793907e-06,7.38307660282264e-06,5.61828329907767,9.21329060807614
AT3G57270.1,30068,29402,32771,16909,16654,18354,313,0.828899614099374,14.4921638959983,6.30365734597071,0.000652472907567829,0.000960632935152634,-0.425633925866549,1.77632998642903
AT3G58470.1,660,635,608,166,108,297,314,1.85354356566175,8.38379082873525,5.15380866082059,0.00190605818434015,0.00265232036623891,-1.62355386498472,3.61386738458335
AT3G59640.1,1063,1087,1220,190,152,145,315,2.79065051071017,8.73687233189123,17.2221663489925,1.79530327293516e-06,5.68661594361676e-06,6.00886921178924,6.91941711002821
AT3G59790.1,2407,2350,2593,1466,1706,2190,316,0.47345566565769,11.021152588726,2.56268497664055,0.0415111351789478,0.0500285387253842,-4.98761249942916,1.38843117654613
AT3G61620.1,570,599,674,195,110,124,317,2.13666644088984,8.19330321882072,8.86088057418055,9.52831882486734e-05,0.000164098824206049,1.72237200470545,4.39744776535524
AT3G61740.1,1005,1008,1305,129,148,231,318,2.73484896728004,8.73393025984608,10.6728138067878,3.19904955142846e-05,6.17671159064734e-05,2.92908184156198,6.65689294504299
AT3G62130.1,1020,880,1059,143,54,143,319,3.23580139761316,8.32497060427634,8.16605193290452,0.000152660310280912,0.000249807780459674,1.19770279160101,9.4204853970265
AT3G62230.1,514,226,673,4642,4839,4934,320,-3.48629512550968,10.487008192936,-8.7493547184473,0.000102545599065759,0.00017339528569301,1.64072154899878,-11.2067428446295
AT4G00220.1,3582,2961,3739,9,2,3,321,9.43374673755536,7.01917023398052,21.1826708508323,5.06671274601378e-07,2.43452419477455e-06,7.27865535181384,691.577315507465
AT4G00231.1,1893,1915,2086,201,242,241,322,3.10547670757741,9.38670076166609,21.5125342156521,4.60878113142657e-07,2.33455869107229e-06,7.3708387613991,8.60679858551302
AT4G00540.1,548,442,605,97,104,119,323,2.29971775121444,7.89514086140384,13.0993832163036,9.41491983228077e-06,2.10141010656507e-05,4.26071467680795,4.92361430349208
AT4G00550.1,1421,1424,1435,66,149,27,324,4.44534306145689,8.2567591317322,7.74026031565226,0.000207323175037783,0.000328654351338304,0.856257743072368,21.7862058353249
AT4G00570.1,22444,19894,23565,1813,1699,2004,325,3.57765991434431,12.6307180548041,24.6343518767405,2.00552996529438e-07,1.54315011291703e-06,8.16005621831287,11.9394122639736
AT4G00610.1,274,264,370,115,120,151,326,1.22121332954588,7.61886391338819,6.16117701694354,0.000739061659941831,0.00107675301892309,-0.565038915977346,2.33142711604943
AT4G00690.1,273,253,312,25,43,12,327,3.50547485391528,6.3728411119308,8.10867363143869,0.000158961297840922,0.000258094893260653,1.15261202948668,11.3567242281956
AT4G00730.1,21672,17362,19112,869,871,799,328,4.51089812773194,11.9810864322952,30.9732178843313,4.89462855867786e-08,1.07339698042512e-06,9.39947461736877,22.7989918762874
AT4G00780.1,2311,3027,3752,10,2,2,329,9.32784904243126,6.87371006124217,17.2416408219774,1.78298528659969e-06,5.685175942415e-06,6.01595422977653,642.632013695302
AT4G01840.1,3731,3862,4465,310,220,217,330,4.02304970486907,9.95714407053419,20.9745832062684,5.38271856433861e-07,2.47032983712027e-06,7.21954791001043,16.2576824007657
AT4G02700.1,437,387,451,18,37,6,331,4.63055630508624,6.41634813552471,7.92926710038212,0.000180676595387362,0.000288875473427358,1.00979431768299,24.7705896269786
AT4G03110.1,1380,1366,2073,464,388,380,332,1.94271162406747,9.65080929152537,9.13152458309068,7.99900405359699e-05,0.000139048107847574,1.91665719889757,3.84427521624735
AT4G05470.1,0,1,1,731,689,825,333,-8.87871678712301,5.10602506022817,-29.5947738596059,6.48109376770486e-08,1.13014072574354e-06,9.1638138850106,-470.717208907689
AT4G07507.1,4383,4074,4991,52,9,20,334,7.64461755786642,8.30303076967632,13.2747448822649,8.69107469705195e-06,1.95549180683669e-05,4.34678974314905,200.105575885091
AT4G08590.1,3088,2640,3174,1066,1083,1362,335,1.34609008978603,10.8577328278875,8.12980503426181,0.000156606638750305,0.00025551609480313,1.16925078341972,2.54222212393863
AT4G09580.1,1093,1074,1058,22,54,73,336,4.5665432686837,7.78806331274539,10.7703542342554,3.03119406925409e-05,5.89340170956022e-05,2.98829097723117,23.6955340006494
AT4G09900.1,3036,2645,2629,94,48,116,337,5.08131515053208,8.89230096594256,15.3237141455929,3.65126839946733e-06,9.52059704160172e-06,5.26972229777198,33.8554256003207
AT4G10160.1,62,68,52,951,801,788,338,-3.78414428164501,7.82998041910293,-22.8293344022876,3.20094343679125e-07,1.89046968239064e-06,7.7212658727388,-13.776564716938
AT4G10430.1,4946,4200,4932,232,264,308,339,4.13053570154348,10.1271004247748,24.9292747437525,1.86400705988613e-07,1.54315011291703e-06,8.22758133937797,17.5152017578063
AT4G10640.1,6079,5650,6170,282,259,224,340,4.54820913811681,10.2677069847509,30.9392517383817,4.92786931550262e-08,1.07339698042512e-06,9.39386289347864,23.3963105395521
AT4G11130.1,3821,3609,3819,401,385,617,341,3.03409345044124,10.3553706440044,14.2226861674746,5.7337828244794e-06,1.3731548566779e-05,4.79187013074405,8.19130577733683
AT4G11320.1,163,106,192,7,3,21,342,4.07734813655,5.1918179411541,6.57198663955503,0.000518970672692121,0.000776368995609124,-0.169515362618053,16.8812301890577
AT4G11400.1,317,263,409,1107,1130,1220,343,-1.82473856362605,9.25795500652911,-9.40822113751357,6.72010237623044e-05,0.000119802464087431,2.10983904831345,-3.5424280810853
AT4G11510.1,775,509,619,683,463,789,344,-0.0103838895859045,9.29532217289969,-0.0397544069126682,0.969537582216247,0.969537582216247,-7.57759560691194,-1.00722352850883
AT4G11940.1,89,87,136,499,413,442,345,-2.13370577759631,7.74995848810732,-9.89484071774381,5.00008287237675e-05,9.20807340853541e-05,2.43695233333234,-4.38843268459205
AT4G12080.1,987,1105,1137,87,76,58,346,3.86764217847731,8.13677482547,20.4889794022679,6.21329394568193e-07,2.72993545015001e-06,7.07865000697812,14.597426870368
AT4G12140.1,192,151,187,183,121,165,347,0.188544892474163,7.37071868789269,0.912178986108209,0.395738244782773,0.422221683726171,-7.12641417499252,1.13961371743161
AT4G12590.1,3916,3526,4398,213,385,201,348,3.9435278842887,9.96914244428469,14.1637727971111,5.87936881081558e-06,1.40200333180987e-05,4.76515961556389,15.3858035130722
AT4G12710.1,2241,1915,2113,203,167,102,349,3.77632292599694,9.13857589364296,13.9866845389867,6.34342289534627e-06,1.50223884889137e-05,4.68413385691375,13.7020792177659
AT4G12790.1,1064,1005,1218,110,101,204,350,3.0454044692373,8.57147600389433,10.515452781018,3.49298623368785e-05,6.71524225081542e-05,2.83242640688909,8.25577967322922
AT4G12870.1,487832,481875,564222,944,310,595,351,9.83204213128652,14.044057668877,24.7724822295739,1.93774943916251e-07,1.54315011291703e-06,8.19182091644526,911.464168116314
AT4G12900.1,985,700,739,0,0,31,352,7.97669864363495,5.65501598848414,5.91155687915031,0.000924296373863162,0.00133270639952363,-0.815184965913783,251.898486502023
AT4G13110.1,2868,3013,3767,104,47,115,353,5.25539673015481,9.01342803624902,14.6599332231871,4.77456011518162e-06,1.17885156826166e-05,4.9863919463922,38.1972462848745
AT4G13345.1,1058,1219,1518,15,12,9,354,6.61589688263874,6.98207104566219,28.4189327276227,8.3209676792002e-08,1.18978609058794e-06,8.94921130518012,98.0806668372481
AT4G13460.1,23004,22659,23831,3463,3379,3530,355,2.74374687776405,13.1275040561006,22.3170143552119,3.67943815965716e-07,2.03279850800861e-06,7.58816089794375,6.69807661296787
AT4G13495.1,2032,2365,2735,93,102,69,356,4.7483696590882,8.83097562814604,22.9812166443485,3.07324015662482e-07,1.88447033779851e-06,7.75996614242278,26.8782938676099
AT4G13955.1,1306,1369,1443,807,883,876,357,0.681770518647511,10.0817342841864,5.25665224493023,0.00172050945551245,0.0024061260054535,-1.50931794529228,1.60410715614468
AT4G14690.1,10479,7815,8602,13200,8838,10899,358,-0.283959196017092,13.2613762549497,-1.37560638063219,0.216548382930433,0.241185624102159,-6.62242804759812,-1.2175315825285
AT4G15040.1,1907,1422,1977,1257,1509,1441,359,0.323762540986184,10.6122494339373,1.77607065414119,0.124437897264898,0.141706829946558,-6.1024839631636,1.25159043736559
AT4G15050.1,41599,46652,52500,24868,26590,30316,360,0.78182825231905,15.1204310156229,4.92497590485536,0.00240589849728457,0.00331479348514763,-1.88305399665275,1.71930828280512
AT4G15080.1,7150,7410,8815,296,353,525,361,4.34814888203786,10.747688994411,17.9685797848342,1.38613286586325e-06,4.65941047681744e-06,6.2738436001142,20.3668206541161
AT4G15380.1,544,546,657,1,0,0,362,8.84915107206403,4.75790886936535,29.2644545972201,6.94543343955917e-08,1.1688950765575e-06,9.10483869786721,461.168790524525
AT4G15900.1,5508,4797,5885,1025,925,1251,363,2.343720590333,11.2210943770998,13.5343041944824,7.73451762245816e-06,1.76879542349658e-05,4.4719877985273,5.07610035025045
AT4G15960.1,1770,1474,1681,87,13,20,364,5.79123525422332,7.78198561493621,8.77206134468875,0.000101016767668639,0.000172092329583418,1.65742232136983,55.3777776829283
AT4G16180.1,8686,8135,8497,361,312,402,365,4.56105105060499,10.7620257794838,30.5456580342954,5.33280288295411e-08,1.07339698042512e-06,9.3281309593897,23.6054985928746
AT4G16380.1,41593,34897,40042,529,145,323,366,7.04822796068924,11.7172883507497,15.4623997100691,3.45711805976015e-06,9.05667548049842e-06,5.32718247897906,132.351245448796
AT4G16760.1,82733,76386,85526,8890,8327,10016,367,3.16975911083951,14.7288952919467,22.3956276472789,3.60088915895821e-07,2.01141821371707e-06,7.60884627293902,8.99896518006383
AT4G17486.1,1016,1147,1588,317,620,576,368,1.34171812591046,9.59211237033867,4.27100890356875,0.00487246894257932,0.00651999441237232,-2.6664014178132,2.53452979867373
AT4G18320.1,12846,13626,14967,30,21,59,369,8.64413318931249,9.42890610286714,23.6501540397712,2.57667861452175e-07,1.73227309265438e-06,7.9264240495786,400.07680795283
AT4G18400.1,587,644,703,44,45,51,370,3.75880151441883,7.45135234738534,25.9736444907442,1.44810941592402e-07,1.4029243817533e-06,8.45801444306225,13.5366750455108
AT4G18800.1,4525,4525,4918,498,640,560,371,3.04441918856411,10.6618540984703,20.2252001189174,6.72636200279361e-07,2.80097761011853e-06,7.0003268366338,8.25014335860158
AT4G18870.1,820,943,1104,817,1176,1574,372,-0.27475987861213,10.0286173111122,-1.01915469951191,0.346217703220259,0.372952660997886,-7.02247609550312,-1.20979271521161
AT4G19120.1,39748,30785,34628,759,820,882,373,5.41031573821554,12.3842790850268,34.610705703871,2.46644850369531e-08,9.92298043303354e-07,9.94912487653577,42.5272522517352
AT4G20800.1,9636,10253,11737,12579,13332,14675,374,-0.361854245695211,13.5399826444913,-2.4474460513776,0.048645323272595,0.0581243905484112,-5.15338498183736,-1.28507650067877
AT4G20830.1,5691,5463,7574,2069,1991,2290,375,1.54677105343493,11.8191117693039,8.76994398729071,0.000101158215238999,0.000172092329583418,1.65586666834239,2.92162507690641
AT4G21430.1,1739,2207,2134,19,49,33,376,5.9600564253699,7.99777725465576,17.445525562964,1.65973165031539e-06,5.35335410910975e-06,6.08956767243722,62.2523513438445
AT4G21630.1,17926,18006,19015,958,882,904,377,4.32253741935727,11.9990789145577,34.2937663223513,2.61062126323587e-08,9.92298043303354e-07,9.9050019727813,20.0084488148266
AT4G21760.1,4236,3552,3295,7,0,12,378,9.60990339857909,7.03843160533657,10.4079979162294,3.71162832713387e-05,7.06856179706723e-05,2.7656053784416,781.392391980914
AT4G22430.1,189,216,238,390,303,445,379,-0.809192853971688,8.1486876432379,-4.17837049940037,0.00541187485315344,0.00717298377211311,-2.78246233668037,-1.75223084601714
AT4G23020.1,14586,13719,17158,64,14,17,380,9.18129429757118,9.29037495214535,16.5896841145491,2.25455818889516e-06,6.80610311335729e-06,5.77352349051494,580.557156007641
AT4G23110.1,121,153,46,1022,895,1074,381,-3.37465118878144,8.27136317103586,-7.63295356447851,0.000224447010795939,0.000352792766265166,0.767644604400595,-10.3722083672827
AT4G24640.1,288,136,262,172,365,281,382,-0.259334221188685,7.90029269551218,-0.662456689164461,0.531505742122622,0.559585290763063,-7.33297711561758,-1.1969262163977
AT4G24740.1,798,796,779,45,49,56,383,3.9625032535572,7.64802101344409,28.0857688577725,8.94808188152379e-08,1.21781211948543e-06,8.88598072910995,15.5895054165467
AT4G25280.1,840,749,1003,28,53,64,384,4.20100533975655,7.64558143998478,13.0137805654026,9.7934433791392e-06,2.16009000040607e-05,4.21825103374258,18.3919856415303
AT4G25440.1,642,609,631,27,28,40,385,4.28741106205068,7.15133483829309,22.9831555069057,3.07164856634945e-07,1.88447033779851e-06,7.76045796686292,19.5271711803605
AT4G25530.1,7196,6782,8007,72,18,27,386,7.75433566164736,8.95887016228408,16.0809343843159,2.7245865020058e-06,7.60159634059618e-06,5.57652824528098,215.917394352876
AT4G26140.1,1713,1509,2047,412,275,451,387,2.22826094590405,9.65369760315629,9.42061064255457,6.66859434654687e-05,0.000119265245044011,2.11836412632282,4.68568816700858
AT4G26410.1,3837,3526,4361,427,358,353,388,3.36140878031839,10.2463419135949,21.3767542504495,4.7912111682961e-07,2.38704984991895e-06,7.33311610032181,10.2774381193305
AT4G26420.1,19923,18619,20333,197,37,82,389,7.84202266848459,10.3384525225323,13.8505646145201,6.7290490183091e-06,1.57765098832625e-05,4.62109021558166,229.447880283332
AT4G26640.1,3285,3278,3597,156,84,153,390,4.73444606562346,9.35748910805314,17.8576390356713,1.43950338392915e-06,4.78120766805038e-06,6.2352971105913,26.6201365325483
AT4G27740.1,43,30,93,1,1,0,391,4.98940559356727,3.1613694634503,10.4013774063899,3.72560745952777e-05,7.07105089257312e-05,2.76146635319996,31.7658692653332
AT4G27890.1,895,1013,1513,927,1005,1098,392,0.140991697721446,10.0486196008215,0.621647309044072,0.55631543667078,0.582791132597012,-7.36142710582555,1.10266281755587
AT4G29280.1,656,639,541,727,625,481,393,0.0177079577340979,9.24575491998747,0.0897326782907678,0.931326932736097,0.936361132372508,-7.5738507821858,1.01234985837374
AT4G29530.1,614,555,763,22,66,51,394,3.89024054544333,7.37515056094029,9.54719193847733,6.16758810349642e-05,0.000111016585862936,2.20486344848012,14.8278810871164
AT4G29550.1,137,172,194,90,106,245,395,0.319568955408473,7.22370985501726,0.809732394097633,0.448032029000576,0.476194042252041,-7.2176104367068,1.24795763172901
AT4G29860.1,1385,1368,1785,104,158,154,396,3.45162725343054,8.82689791945684,15.6132851210605,3.25932119225631e-06,8.74375589076452e-06,5.38903993800873,10.9406553482238
AT4G31060.1,1127,1049,1058,49,24,16,397,5.28301220604828,7.43323117662407,13.6877519111672,7.22643668567451e-06,1.66626102091173e-05,4.54479590396794,38.9354448916524
AT4G31080.1,3161,3443,3801,47,157,89,398,5.29614585039195,9.10827170693862,12.5773865301374,1.2019316418322e-05,2.56964695839988e-05,3.99708485301742,39.291513891059
AT4G31180.1,7343,6412,6520,566,565,398,399,3.74263447855071,10.8486866072742,19.901463600528,7.42461812355746e-07,3.02404154229567e-06,6.90242489439115,13.3858280177154
AT4G31720.1,478,588,796,55,52,39,400,3.62907937068298,7.43360750917755,15.0036004315672,4.14962148735625e-06,1.04773248413791e-05,5.13483127301553,12.3726220673564
AT4G31770.1,182,163,111,17,14,1,401,4.2012637226363,5.12623706033509,4.98796402324991,0.00225493340336964,0.00311448722544619,-1.81088486249036,18.3952798926755
AT4G32110.1,14637,13273,13916,27138,28306,29834,402,-1.02778743880328,14.27999605963,-7.95836682229917,0.00017693348949803,0.000283912229975649,1.03315013913931,-2.03889494084421
AT4G32120.1,3800,3463,4229,594,608,629,403,2.64352539270236,10.5771801278475,18.9591370791324,9.9885842241443e-07,3.67441743241916e-06,6.60578095708869,6.24856709516963
AT4G32500.1,4506,3675,3687,188,101,128,404,4.86153356827264,9.51273179134159,19.20971895314,9.21825731101573e-07,3.5720747080186e-06,6.68641366473421,29.0714992214342
AT4G32850.1,5244,5415,6830,287,435,435,405,3.93044216896708,10.5339856348156,17.6587424044216,1.54126431755398e-06,5.05897346585364e-06,6.16546926131839,15.2468802411353
AT4G33830.1,1798,1671,2241,1821,1698,1685,406,0.123247654736479,10.8220125613444,0.76660957407097,0.471470508975857,0.499204068327378,-7.25338173184632,1.08918396989729
AT4G33840.1,11794,11874,13491,10736,10919,13955,407,0.0692526156662883,13.5591551235462,0.42301936328144,0.686554432643091,0.709439580397861,-7.47635176048516,1.04917302151699
AT4G34330.1,178,149,144,121,163,190,408,0.00894179585278376,7.29304362133197,0.0428417435588963,0.967173483019284,0.968909880654866,-7.57744797317623,1.00621722781026
AT4G35050.1,1388,1357,1553,206,129,216,409,2.99048781122052,8.98771257326768,13.0136671444111,9.79395645345406e-06,2.16009000040607e-05,4.21819457428775,7.94742673268147
AT4G35740.1,1667,1525,1559,102,80,154,410,3.86143273289557,8.69820801156181,15.2970093842791,3.69008669949872e-06,9.57706222474551e-06,5.25859073512032,14.5347336880652
AT4G35840.1,6969,6203,7872,88,31,50,411,7.05348830058025,9.24279707460275,18.968490351172,9.95852263451962e-07,3.67441743241916e-06,6.60881411559162,132.834704060537
AT4G36220.1,1827,1608,1796,49,83,97,412,4.54949673420759,8.49170951932669,16.9139196629933,2.00403027140217e-06,6.21249384134674e-06,5.89545616099961,23.4172009178507
AT4G36590.1,553,847,766,474,642,618,413,0.310163719451602,9.31983326964597,1.40220038146692,0.208860992304731,0.233555979370821,-6.58982139055274,1.23984839202971
AT4G36830.1,200,120,240,74,11,25,414,2.65619445177512,6.16617086234027,3.95831360208504,0.00698098006951433,0.00920895243212528,-3.06322798077857,6.30368066454053
AT4G37690.1,2364,2182,2358,2214,1939,2519,415,0.0565135491842863,11.1396367542269,0.371189245363667,0.722844389902177,0.740926980044024,-7.49959540149895,1.03994955511578
AT4G38700.1,24344,22427,25635,13379,12260,14769,416,0.843424353073006,14.1350327531774,5.88852564950858,0.000943899525422564,0.00135746375047884,-0.838652829672104,1.79430401674541
AT4G38960.1,296,270,313,44,57,44,417,2.58313390775311,6.90546268313886,15.8148696705431,3.01515210711542e-06,8.24732782240394e-06,5.47063270895795,5.9923999131508
AT4G39390.1,5546,4432,4835,283,176,257,418,4.38752608717627,10.0699563519251,19.9727849926474,7.2638400554861e-07,2.98121172503367e-06,6.92416407920364,20.930372567813
AT4G39650.1,58532,55715,65139,60304,56743,69295,419,-0.0528773080529579,15.8911129101376,-0.355293605607691,0.734138830251027,0.748902133967227,-7.50614322535905,-1.0373317144146
AT4G39690.1,4163,3928,4468,500,461,504,420,3.09629390763423,10.4816654245673,23.3747758782943,2.76890031301085e-07,1.81770161724712e-06,7.85867530838521,8.55219001505525
AT4G39753.1,118,135,121,118,44,44,421,1.01149799538462,6.46525698301474,2.54572729951624,0.0424878366660381,0.051095286335451,-5.01199858851164,2.01600329300516
AT4G39955.1,2611,2183,2456,491,333,454,422,2.51681231064303,9.97705333295463,13.0719504535605,9.53435153423964e-06,2.11958890681503e-05,4.24713866302077,5.72316146924752
AT5G02630.1,1399,1385,1422,54,57,61,423,4.58970186048564,8.15936326992252,35.9581309139617,1.94815570767257e-08,9.92298043303354e-07,10.1294641215641,24.0789714150477
AT5G02880.1,15810,15448,19158,943,675,1046,424,4.25801108720105,11.9008616144588,20.2466465887899,6.6828592533926e-07,2.80097761011853e-06,7.00674289366782,19.1332637881743
AT5G02970.1,13871,13874,16001,492,557,517,425,4.79989316953749,11.4287377300666,34.4812859910321,2.52417490119915e-08,9.92298043303354e-07,9.93118837235669,27.855555266577
AT5G03020.1,506,485,587,356,398,411,426,0.434600352670273,8.81947541881336,2.9565144999966,0.0244135511815661,0.0301388530073316,-4.42472328347684,1.35153638609906
AT5G03100.1,978,1091,1324,122,136,221,427,2.8549121267372,8.70577688158522,10.8415441220436,2.91508741842489e-05,5.7275309136658e-05,3.03117073860148,7.23459435440604
AT5G03240.1,68390,69430,88843,5938,5387,6774,428,3.64208474598026,14.3735569342833,20.9696286211842,5.39051660458983e-07,2.47032983712027e-06,7.21813140580226,12.4846610281729
AT5G03280.1,23044,20257,24067,1522,1362,1934,429,3.8166036643063,12.5427644735946,21.1569073945228,5.10464750517245e-07,2.43452419477455e-06,7.27137772614617,14.0900386534048
AT5G03370.1,3341,2957,3720,402,395,524,430,2.92607025637499,10.2364238819078,16.4437163299734,2.37906621857815e-06,6.9869418419295e-06,5.71772357027688,7.60037317702269
AT5G03800.1,1762,1722,2290,296,427,394,431,2.37159684619448,9.71296340651936,11.5302171626422,2.02129080069885e-05,4.11635133864949e-05,3.43202761678352,5.17513625029654
AT5G04560.1,12943,12045,14981,1261,1225,1657,432,3.27691243083109,12.0572787988052,18.1668070994817,1.29637307540542e-06,4.43789065077439e-06,6.34201291769804,9.69279292931458
AT5G05120.1,775,666,889,39,16,1,433,6.12324212769592,6.53141804256053,5.86747452867499,0.000962231725770226,0.00138027070174752,-0.860161309457219,69.7075070197903
AT5G06020.1,197,232,223,121,181,177,434,0.462210759354503,7.53586051591991,2.29867559305904,0.0597999949191643,0.0706957567052832,-5.367185079847,1.37765128897479
AT5G06030.1,129,187,139,70,73,69,435,1.07258539319082,6.69912053062161,5.99502315582171,0.000857034611933041,0.00124214367132114,-0.730690627910336,2.10319904675944
AT5G06380.1,166,115,163,96,82,119,436,0.572464807692377,6.91351336022705,2.59180326658531,0.0398888747446866,0.0483869393642068,-4.94575209726126,1.48706200910923
AT5G06500.1,2226,2674,2813,539,519,897,437,2.01828686245992,10.3123951128368,8.03944293495712,0.000166965270820316,0.000269267691091724,1.09783166883197,4.05102464658063
AT5G06670.1,5733,5223,6888,396,433,575,438,3.67395760081702,10.6918026107518,18.2879818513911,1.24482291318223e-06,4.36112508069419e-06,6.38324533335966,12.7635487251054
AT5G07430.1,1085,389,1136,1649,2519,2749,439,-1.52317299679121,10.3759715785443,-3.31037510420985,0.0154216724404735,0.0196425591737673,-3.9296656387622,-2.87422498717572
AT5G07460.1,641,563,655,173,138,90,440,2.25128454512275,8.14886867548502,8.75946608628938,0.000101861540367461,0.000172762126215936,1.64816335709657,4.76106572547607
AT5G08360.1,558,557,763,59,38,93,441,3.36045764885324,7.59585604647609,9.87492086788279,5.0596612512182e-05,9.2566917317369e-05,2.42386557845766,10.2706647036458
AT5G09490.1,550,651,680,501,511,630,442,0.197702633960327,9.18986456662461,1.19469786802863,0.275873839511423,0.303624462420856,-6.83478567109529,1.14687060869064
AT5G09900.1,5026,4737,5253,575,699,680,443,2.94403261359417,10.816232007226,20.4201108802949,6.3427346791994e-07,2.74360151239788e-06,7.05832448080575,7.69559360210127
AT5G10220.1,1297,1309,1485,1287,939,1258,444,0.243049257521305,10.2900234262269,1.38138972873334,0.214855175213843,0.239778375538649,-6.61536506973855,1.18349142866979
AT5G10440.1,452,536,710,733,584,632,445,-0.217379829697089,9.2306403373989,-1.03965097243931,0.337315289573442,0.364065631686616,-7.00161350602903,-1.16262015940304
AT5G10950.1,3861,3881,4836,1356,1093,1335,446,1.73076911780824,11.1604866657993,10.2622856313739,4.03381674433859e-05,7.60428967344909e-05,2.67390924618614,3.31904713501749
AT5G11310.1,740,744,708,93,110,63,447,3.06502114895571,7.98217881382044,13.6235097064763,7.43430280674181e-06,1.70713620006664e-05,4.5144217243587,8.36880219854967
AT5G11460.1,753,930,1084,44,29,49,448,4.48731250548213,7.59118954664537,18.0099774170827,1.36680748483417e-06,4.62229440325739e-06,6.28815433242844,22.4292971206274
AT5G12840.1,1667,1658,2378,272,267,306,449,2.73173337469262,9.50618041292891,14.3738089683714,5.37900887067633e-06,1.29934499992961e-05,4.85983660451725,6.64253246900372
AT5G13620.1,167,167,119,223,175,112,450,-0.131813353981349,7.29641515737935,-0.451145540969266,0.667227336365291,0.692031326564744,-7.46254009240939,-1.09567000698509
AT5G14620.1,879,976,1187,50,52,20,451,4.71174345566012,7.62009280093454,12.2603599901215,1.40062492298211e-05,2.93815303392488e-05,3.83130942796676,26.2045141522333
AT5G15140.1,22,22,78,204,243,251,452,-2.74553090009238,6.48973367014323,-5.522442832984,0.00132865580067339,0.00188648838874237,-1.2207825087766,-6.70636451115115
AT5G15380.1,192,150,187,73,42,24,453,2.03529210605501,6.44417082306276,5.17922943552515,0.00185817383713009,0.00259215250279647,-1.59518060152664,4.0990571544186
AT5G15470.1,8924,8568,9722,251,272,234,454,5.16305979518567,10.5637145679211,37.478669991686,1.50830292046317e-08,9.92298043303354e-07,10.3197494512715,35.8290974099022
AT5G16360.1,130,120,137,91,90,55,455,0.740699725758967,6.64992036898392,3.23206395804942,0.017045322200493,0.021518755176188,-4.03806947379493,1.67098609222144
AT5G17320.1,5889,5193,6402,458,250,278,456,4.19106643427597,10.4082049535359,16.3086201784134,2.50144499327676e-06,7.18584951193542e-06,5.6655669266872,18.2657164077254
AT5G19175.1,921,780,895,121,50,67,457,3.5248436932814,7.99263035356894,10.801823415947,2.97922378149314e-05,5.81261143382227e-05,3.00728032555904,11.5102215141386
AT5G19600.1,1576,1423,1748,147,169,317,458,2.97976256420919,9.13379036778826,9.73886702437741,5.48917734030819e-05,9.97707151756341e-05,2.33380124147727,7.88856324554737
AT5G20810.1,510,327,421,429,489,557,459,-0.244373808719445,8.81413046244735,-1.16086201058906,0.288412012115427,0.315556672079232,-6.87248466869288,-1.1845785016666
AT5G21150.1,45741,45183,49731,1907,1827,1456,460,4.76798735237542,13.1315540005637,30.0265421954006,5.92739029269449e-08,1.10249459444117e-06,9.23941185058116,27.2462797879032
AT5G21930.1,3717,3774,4738,289,388,278,461,3.68176072760719,10.143432612747,18.9763558112276,9.93332402779602e-07,3.67441743241916e-06,6.61136337610637,12.8327701575734
AT5G22020.1,6881,8007,7155,59,11,20,462,8.21220186283882,8.73415777112222,14.6084274384264,4.87731863500661e-06,1.19365956067267e-05,4.9638127859729,296.564450975923
AT5G22200.1,4824,4710,4847,81,28,109,463,6.22813737130445,9.113032923409,12.869291312655,1.04730063291856e-05,2.29174020850414e-05,4.14590058745057,74.9645892763495
AT5G22440.1,5802,5374,5354,1805,1635,1897,464,1.63216654170381,11.6110177666665,12.1388874431506,1.48663615689709e-05,3.09530961025587e-05,3.76660656782294,3.09978153549326
AT5G22920.1,15672,18233,24994,573,511,677,465,5.0432135706375,11.7116229152561,22.8089560627777,3.21854157396256e-07,1.89046968239064e-06,7.7160472890048,32.9730073428955
AT5G23210.1,90149,82335,97410,6624,5371,5447,466,3.95487112387938,14.4762553341613,25.574874006601,1.59274741814451e-07,1.45697222840104e-06,8.37158949950643,15.5072517444325
AT5G23340.1,2166,2265,2696,110,136,175,467,4.09089194073395,9.16273915968295,19.4140291952333,8.64082322146769e-07,3.41955982807019e-06,6.75120467794986,17.0404548598001
AT5G24240.1,2777,2611,3088,1445,1480,2031,468,0.788267257381104,11.0670977783613,4.27792645983033,0.0048346654677375,0.00648495993028251,-2.65778578770235,1.72699901184005
AT5G24380.1,2369,2897,2557,516,565,421,469,2.38417862345672,10.152015279013,13.9227954171413,6.521144731671e-06,1.53535812669722e-05,4.65462712941586,5.220466108897
AT5G24460.1,8844,7467,8521,546,526,543,470,3.93653665343404,11.0431079986104,29.0840926847226,7.21522030019277e-08,1.1688950765575e-06,9.07221093424393,15.3114250113274
AT5G24810.1,27173,26334,30321,1361,1167,1526,471,4.37496352154137,12.5800883920003,27.5910398032559,9.98336069795303e-08,1.23523932287627e-06,8.79001870081878,20.7489082328681
AT5G25410.1,14359,17538,19093,555,651,647,472,4.77378650537569,11.6560663293009,28.6230458871576,7.96197395631816e-08,1.16915301779619e-06,8.98740887555145,27.3560211615272
AT5G25950.1,967,1343,1439,1221,1735,1983,473,-0.38924745208902,10.4623016448389,-1.55354763365881,0.169673445140842,0.191268247249676,-6.39847611485993,-1.30971004622653
AT5G26250.1,403,434,423,867,908,1027,474,-1.14810291259379,9.29105263231392,-8.40640635027515,0.000129202881291828,0.000212670229383009,1.38358462884486,-2.21622278118366
AT5G26630.1,481,461,415,500,743,630,475,-0.448081234499561,9.04573331584548,-2.40121623882811,0.0518585635661765,0.0618313642519797,-5.21987966004882,-1.36422464874749
AT5G26650.1,3065,3066,3488,63,137,143,476,4.88496761896656,9.20196696222344,14.7107648651292,4.67559497821553e-06,1.16117663587218e-05,5.00858964277699,29.5475707459311
AT5G26700.1,606,317,766,2052,2141,2553,477,-2.08176168583954,10.0880536526008,-6.17557591818875,0.000729740806977445,0.00106875425273862,-0.550840996581364,-4.2332382467113
AT5G27910.1,216,163,299,72,110,79,478,1.34725113581365,7.10901507461266,4.8495793437363,0.00260179746435588,0.00357586942145463,-1.97018676334388,2.54426886620657
AT5G27960.1,1752,1758,1807,51,26,2,479,6.77867976320699,7.40276978861207,6.73363925063238,0.000453697348688279,0.000682380378889649,-0.0191365876620928,109.795853669076
AT5G28000.1,1694,1776,1760,1440,1142,1280,480,0.443319216384243,10.5464992977691,3.06755126801298,0.0210958780965602,0.0262171491712262,-4.26800831845136,1.35972906763095
AT5G28530.1,2218,2295,2816,123,118,113,481,4.35288021312936,9.0704081358512,28.8012680393903,7.66314543479599e-08,1.1688950765575e-06,9.02043073456041,20.4337234660267
AT5G28646.1,76,84,71,21,56,42,482,1.04250536359026,5.76078147762984,2.95218619627667,0.0245537872505921,0.0302450624411267,-4.4308544027982,2.05980157117823
AT5G32619.1,3204,3681,3718,66,121,82,483,5.32707187536681,9.12082459080593,21.9395993295134,4.08534661909604e-07,2.17168027762189e-06,7.48750215091339,40.1428704210026
AT5G34940.1,11303,11534,14151,5734,6298,7541,484,0.919926054888187,13.1223684614208,5.29527176552816,0.00165617969974874,0.00232782940166195,-1.46679758890224,1.89201831585895
AT5G35490.1,622,582,682,4,0,0,485,8.52141803320908,5.03468504823366,13.4119645774855,8.16933697402366e-06,1.85304472825415e-05,4.41330097794785,367.453538235954
AT5G37290.1,1414,1354,1205,105,97,121,486,3.61110334320642,8.56334088368364,23.7247596585698,2.5272965109438e-07,1.73227309265438e-06,7.94459524777424,12.2194152541274
AT5G37420.1,106,181,93,64,43,74,487,1.03107745203862,6.41907810007319,3.20464892567281,0.017657008353539,0.022240656120259,-4.07618528326872,2.04354987181185
AT5G37560.1,799,802,878,1,4,0,488,8.58363454251603,5.39912663622047,15.4812382338518,3.43167837626205e-06,9.05667548049842e-06,5.33494278338287,383.646701958614
AT5G38140.1,363,388,346,16,0,1,489,6.82091666550427,5.10627927983558,6.84889689626266,0.000412872856068573,0.000625508198891464,0.0863398539946258,113.057795835551
AT5G38195.1,2850,2770,3212,2851,2979,3574,490,-0.0864779411519194,11.5642884988729,-0.560783311597695,0.594606080741621,0.621329949538997,-7.40087034058502,-1.06177489926256
AT5G39260.1,90934,88076,99574,61258,58653,66452,491,0.579966313128937,16.2108574180464,4.29778178002683,0.00472796699131419,0.00635712188229715,-2.63309586868767,1.49481434437273
AT5G39440.1,821,816,1116,560,500,744,492,0.61365998438572,9.52070344857737,2.81271587187551,0.0295698364060517,0.0361841419179317,-4.62920110403439,1.53013610352376
AT5G39560.1,152,112,223,197,203,199,493,-0.353572141553462,7.47175997983188,-1.36297141304048,0.220289483866516,0.2438919285665,-6.63780368637958,-1.27772037491247
AT5G40570.1,789,664,757,93,41,106,494,3.29353338358885,7.87622444541361,9.02890305350898,8.54300506894589e-05,0.000147585041129158,1.84362240158897,9.8051070639912
AT5G40600.1,897,928,1342,59,41,69,495,4.21095299173967,7.91497350764725,16.1954352715615,2.6096121413951e-06,7.38307660282264e-06,5.62148472448015,18.5192400377029
AT5G40680.1,8311,8656,11241,9170,9985,11756,496,-0.137514801545889,13.2545048949809,-0.748638078039038,0.481485976690391,0.50884313445689,-7.26781252195402,-1.10000859892332
AT5G41260.1,2107,2373,2818,184,194,287,497,3.46903145271377,9.50406131825963,15.4671574908825,3.4506725718717e-06,9.05667548049842e-06,5.32914339730713,11.073439141812
AT5G41610.1,6468,6694,7739,659,565,704,498,3.43795109476456,11.0431288488369,22.0379421605677,3.97478347940033e-07,2.17168027762189e-06,7.5139481959714,10.8374324406702
AT5G41750.1,272,145,155,203,160,146,499,0.121656451246547,7.46183308059743,0.42936134446302,0.68217322612072,0.706220148748352,-7.47331049986761,1.08798332951397
AT5G41830.1,120,122,85,12,48,41,500,1.86005850409362,5.8325182470585,3.59010365132156,0.0108669736679432,0.014167689968954,-3.54862837709238,3.63022383093018
AT5G41850.1,1737,1366,1370,117,98,124,501,3.70774626536539,8.67980111738387,21.5162872512119,4.60385421643978e-07,2.33455869107229e-06,7.37187706130866,13.0660056660869
AT5G42235.1,39548,39266,39987,1226,902,922,502,5.29665810438927,12.6248919017912,31.8093843488738,4.15284107354119e-08,1.05331150865272e-06,9.53465912788036,39.3054675043777
AT5G42670.1,428,393,503,120,71,176,503,1.92925726388531,7.81675989487596,5.74431849779358,0.00107794808014561,0.00154191266048804,-0.987118001035043,3.80859072795294
AT5G42690.1,4269,4704,5201,21,12,13,504,8.21254126241025,8.09534605081712,34.9431116161107,2.32506791005748e-08,9.92298043303354e-07,9.99468955170374,296.634227113805
AT5G42930.1,7030,7497,8484,80,13,46,505,7.66690315241392,9.06738283508025,12.4394437745804,1.28409016858747e-05,2.72441944513995e-05,3.92549526113169,203.220643733724
AT5G43420.1,1913,1316,1828,3,2,12,506,8.27228396187634,6.56460938722558,15.0212884425225,4.12011040952363e-06,1.0450098220519e-05,5.14236850438933,309.17587970854
AT5G43780.1,3334,3070,3304,654,684,728,507,2.23110404028108,10.5439141130071,17.2087933694106,1.80381903587844e-06,5.68661594361676e-06,6.00399851639842,4.69493127695456
AT5G45980.1,414,489,364,350,479,498,508,-0.0599185674153677,8.7450786567091,-0.295918444394816,0.77694911884048,0.789685989641144,-7.52815479630054,-1.04240692076535
AT5G46230.1,1330,1341,1510,3,23,0,509,8.24826308551858,6.31911904299968,7.68306826088055,0.000216255646017023,0.000341843202485832,0.809161022517233,304.070718878965
AT5G46540.1,33027,31409,35380,4743,4913,4604,510,2.80582321288974,13.6174302324072,21.730548691062,4.3324381938254e-07,2.25934627304166e-06,7.43076735093752,6.99257204458944
AT5G46810.1,21500,21699,25677,17720,21564,22401,511,0.161617456406658,14.4011141985717,0.99947163556902,0.3549428090686,0.380880937423613,-7.0422316930113,1.11854047062296
AT5G47175.1,82,43,21,27,12,42,512,0.786614424573575,5.03799367725372,1.28247166362742,0.245512049343618,0.271278660462849,-6.73391625872343,1.72502159730362
AT5G47620.1,4710,4755,5113,560,368,485,513,3.38448019712675,10.5536222553217,17.8929386450982,1.4222675850369e-06,4.75224737994367e-06,6.24759299502072,10.4431149655517
AT5G47770.1,11363,10570,12708,733,700,875,514,3.90862543530484,11.5368773664708,24.8970162833906,1.87890904812018e-07,1.54315011291703e-06,8.22024952895939,15.018048338045
AT5G47790.1,6587,5785,6773,289,169,188,515,4.91940842292547,10.176885028254,21.2607886653946,4.95367230373143e-07,2.43452419477455e-06,7.30065257019032,30.2614334505573
AT5G48650.1,15777,15637,17490,584,586,780,516,4.65801067411697,11.6619014189661,27.5242950491349,1.01334107432111e-07,1.23523932287627e-06,8.77687907963342,25.246485698622
AT5G48670.1,332,411,320,54,78,74,517,2.35944974305971,7.2843779222624,11.8157917709477,1.74677633428572e-05,3.61000442419048e-05,3.59120207057271,5.1317459226188
AT5G48970.1,1275,1345,1354,227,297,391,518,2.1497280219581,9.29712013722642,9.81918125156313,5.2307690632014e-05,9.53846123289667e-05,2.38711153939485,4.4374412593794
AT5G49040.1,2482,3208,3437,22,7,5,519,8.18820199771951,7.46360915111915,16.3209915079688,2.48993993458806e-06,7.18584951193542e-06,5.67036383064386,291.671779886303
AT5G49160.1,1658,1673,1635,278,301,394,520,2.36430137407641,9.51156231844445,13.7621293977608,6.99411974262067e-06,1.6323177712443e-05,4.57977044853468,5.14903249220312
AT5G49810.1,25055,23945,27333,2554,2381,3284,521,3.22667720281284,13.0195862443727,18.8175234557786,1.0456832416178e-06,3.81366829295905e-06,6.55963236689843,9.36109439040782
AT5G49830.1,16543,14521,18284,1438,1307,1638,522,3.49191605757652,12.2534906425675,21.5284097150139,4.58798173599814e-07,2.33455869107229e-06,7.37522921277635,11.2504909765841
AT5G49890.1,6375,6751,7689,1350,1254,1455,523,2.35574157906145,11.5782302056516,16.1818322588682,2.62297313326434e-06,7.38307660282264e-06,5.61616290633821,5.11857271534322
AT5G49900.1,14501,13974,15476,408,456,444,524,5.06756474637496,11.3036720111387,38.5310466800397,1.27104412727042e-08,9.92298043303354e-07,10.443845325822,33.5342805714048
AT5G50470.1,84,57,63,1723,1346,1599,525,-4.50785415102028,8.34305105259857,-22.715062594569,3.30108846340961e-07,1.90616884719643e-06,7.69192226768862,-22.7509384513543
AT5G51450.1,2291,2405,2698,35,17,8,526,7.09441550435763,7.71713275362113,14.7073524569825,4.68216385432331e-06,1.16117663587218e-05,5.00710213908217,136.656995592119
AT5G52610.1,1709,1597,1550,1683,1605,1826,527,-0.0737927484912895,10.6971681321581,-0.555887184712231,0.597751441725445,0.623449167257566,-7.40388466399396,-1.05247994900098
AT5G53150.1,4162,4069,5355,1424,1402,1452,528,1.65509889414197,11.3061709421351,10.4402928823461,3.6442991190485e-05,6.96410585078447e-05,2.78575878809967,3.14944778784083
AT5G53250.1,6064,6766,7064,1092,1061,944,529,2.68208339761808,11.3513137840039,18.9527521916552,1.00091657657296e-06,3.67441743241916e-06,6.60370935889224,6.41782031390543
AT5G53870.1,14798,14716,15409,3448,3068,3290,530,2.19672055084082,12.771635493771,17.1395567236769,1.84866342276555e-06,5.76287256929149e-06,5.97870979609375,4.58436066901031
AT5G54067.1,712,890,928,143,62,82,531,3.20477677268644,8.10980317177294,9.99012909493854,4.72603522125559e-05,8.76122144006851e-05,2.49920636708218,9.22006404919389
AT5G54095.1,267,159,315,644,677,743,532,-1.52855253034425,8.66154227634621,-5.64413137567051,0.0011838253743028,0.00168513918076776,-1.09183241504005,-2.88496242827176
AT5G54350.1,50,54,36,2286,1951,3042,533,-5.66600606178802,8.38741583793571,-23.717750036513,2.53188923617059e-07,1.73227309265438e-06,7.94289125720934,-50.7735792997055
AT5G54360.1,22,20,34,596,655,519,534,-4.51878151437687,6.94111155578201,-19.4593273749794,8.51854255388329e-07,3.39524767504777e-06,6.7654556127364,-22.9239144837188
AT5G54650.1,9404,8740,10395,751,855,1183,535,3.37700885540098,11.5236741622697,16.3907533261923,2.4261984780321e-06,7.08805628660686e-06,5.69733526888851,10.3891725913844
AT5G55690.1,180,210,300,0,1,1,536,7.15152158418336,4.24242745875835,20.9350220296036,5.44535071623284e-07,2.47032983712027e-06,7.20822550817261,142.174762510713
AT5G56430.1,131,129,154,163,121,94,537,0.161580462383077,7.03350521469551,0.706775218560895,0.505374952099151,0.533079817148064,-7.3003123828644,1.11851178903687
AT5G57900.1,5111,4650,5689,195,157,112,538,5.07951357598602,9.78597997289551,21.9385939992452,4.08649514606269e-07,2.17168027762189e-06,7.48723100092823,33.813174809693
AT5G58030.1,2258,2191,2275,140,182,142,539,3.85888765106632,9.2011513346869,24.7056334718361,1.97021471138838e-07,1.54315011291703e-06,8.17647892003104,14.5091153310581
AT5G58550.1,2067,1761,2019,232,82,154,540,3.75393609186635,9.04875137302499,10.0740698738337,4.49888618170572e-05,8.36792829797264e-05,2.55357532873003,13.4911001254834
AT5G58760.1,511,502,649,201,200,206,541,1.43865345543043,8.38691010485856,9.3093011510025,7.14819319423625e-05,0.000126224424126071,2.04139299464862,2.71067745334276
AT5G58840.1,27860,26693,32593,21999,21387,23812,542,0.371104822575459,14.6352829544026,2.56496885757949,0.0413814117986209,0.0499801467178148,-4.98432854559411,1.29334289950005
AT5G60440.1,1327,1528,1498,1146,1485,1206,543,0.188372917782043,10.4068791379942,1.17682351932055,0.282438245584275,0.309627781996121,-6.85478629127296,1.13947787927313
AT5G60760.1,1761,1547,2146,1157,1386,1587,544,0.399709211155933,10.6159102080632,2.0513155621205,0.08454300851013,0.0982812473930261,-5.71982330229246,1.31924197826267
AT5G61490.1,102,87,135,72,74,40,545,0.819066577692292,6.33493170684414,2.75488923618542,0.0319622262357306,0.0390260880515048,-4.71183037518038,1.76426414602403
AT5G62140.1,2263,1845,1983,5,6,53,546,7.2672788219741,7.34937438596779,8.73402588325574,0.000103592732562484,0.00017411067701767,1.62942480628826,154.052557367022
AT5G63230.1,277,334,238,850,1036,843,547,-1.68816317438566,8.98002330920929,-9.22624865652187,7.53198803285362e-05,0.000132123007428873,1.98339857855596,-3.22246161644893
AT5G63740.1,102,113,146,214,284,110,548,-0.659454646269117,7.23608161852933,-1.79864038874482,0.1205628330809,0.137574766583113,-6.071684014338,-1.57948544893685
AT5G64400.1,6304,6002,6687,809,906,952,549,2.83267949923764,11.210696163689,20.5409711722613,6.11759985115329e-07,2.71381447425766e-06,7.09393738710783,7.12396041132327
AT5G64430.1,27155,25234,28389,603,443,398,550,5.82405050762935,11.8030471011139,30.3131270787806,5.59014802160693e-08,1.07562158484713e-06,9.28867908155394,56.6518242346017
AT5G65160.1,2782,2904,3260,140,63,75,551,5.07678916717652,9.00088753886906,16.4882443412037,2.34025934360597e-06,6.93371208434145e-06,5.73480613776399,33.7493817126545
AT5G65870.1,1610,1301,1680,12,25,15,552,6.43815969494206,7.35270632623176,22.8202587479723,3.2087670902635e-07,1.89046968239064e-06,7.71894250108097,86.7119963607249
AT5G66100.1,1575,1334,1858,307,180,445,553,2.43248485775078,9.40541987144153,7.05771558795834,0.000349145075402176,0.000530852730447996,0.273844607934546,5.39822405570529
AT5G66250.1,2159,2082,2044,76,91,157,554,4.33500620133052,8.86554618230827,15.5581020564326,3.33010201167228e-06,8.89089436609153e-06,5.36649567076905,20.1821252926626
AT5G66750.1,1576,1325,1662,368,340,418,555,2.01449769646882,9.55788597116238,12.5643347059106,1.20943953770334e-05,2.57582924442162e-05,3.99034646519223,4.04039879425986
AT5G66910.1,3725,3288,3557,122,103,132,556,4.88181979602089,9.34032211767095,31.8822166946249,4.09464759085573e-08,1.05331150865272e-06,9.54616986707862,29.4831710479585
AT5G66985.1,109,68,61,1,0,1,557,5.61469349356323,3.47401341344828,15.7044018529512,3.14622608405697e-06,8.55214144703233e-06,5.42606740678691,48.9994446695358
AT5G67620.1,10239,9924,10854,1149,1217,1281,558,3.08765149231691,11.7911247829441,23.7882195483262,2.48615411183387e-07,1.73227309265438e-06,7.95999090445282,8.50111155779039
