AT1G02790.1,217,384,234,793,729,529,1,-1.32039349781224,8.73800205121418,-4.82263865676324,0.00248612026026903,0.00327956289652511,-2.0040352289155,-2.49734215973533
AT1G02940.1,1775,1759,1935,1761,1959,2078,2,-0.082223791210664,10.8726581679885,-0.615667322031551,0.55945070900121,0.586792285005028,-7.42595227647174,-1.05864859997104
AT1G04445.1,1214,1137,1365,1002,1112,962,3,0.271010484430738,10.1360838274812,1.92969515110458,0.0990615905162347,0.112579159894214,-5.94704939822779,1.20665268874
AT1G04540.1,2139,2151,1656,386,226,233,4,2.84537078934928,9.52038638234755,11.3925665678182,1.79508093555821e-05,3.45180521359372e-05,3.48092638522692,7.18690586384431
AT1G05160.1,6017,5814,4811,4331,4617,3995,5,0.358280647231714,12.2518772746741,2.405943147113,0.0504768886177802,0.0585573884588801,-5.26384913099972,1.28189726717402
AT1G05820.1,569,605,475,52,63,44,6,3.35767876831337,7.41876390112098,18.2199713304127,9.77108978582242e-07,3.20721652969936e-06,6.59018066027653,10.2509006650227
AT1G06470.1,1933,1356,1336,88,58,56,7,4.50569811349869,8.31660455491367,18.4939882063143,8.89836245045837e-07,2.97322529781783e-06,6.68637323855817,22.716963674292
AT1G06660.1,240,259,190,149,103,187,8,0.676279572326517,7.49942220626813,2.67957081701724,0.034492088075985,0.0406904548549675,-4.86632326972356,1.59801347356876
AT1G07135.1,1011,1164,465,94,69,79,9,3.33740907957565,8.00906011317558,9.262936927801,6.27797507877856e-05,0.000102430119706387,2.09847120725638,10.1078838027092
AT1G07690.1,179,180,222,140,124,146,10,0.495863633811981,7.34960114420507,3.25904682446658,0.0158504551618274,0.0193112532320954,-4.03676157126894,1.41016466282785
AT1G07705.1,2512,2390,2361,701,710,554,11,1.89300322960933,10.2949605918585,12.6169143789567,9.598265618702e-06,1.99844485643124e-05,4.16468115185334,3.71407572352748
AT1G08030.1,5132,4859,4355,907,881,853,12,2.43727992998389,11.0017318291483,18.6816547879828,8.35250053485694e-07,2.84188737710376e-06,6.75128755232419,5.41619593326753
AT1G08065.1,255,283,252,291,307,353,13,-0.263825318486308,8.17615955730948,-1.88280440452541,0.105881224740783,0.119116377833381,-6.01266939059984,-1.20065804300951
AT1G09380.1,861,607,688,740,815,641,14,-0.0347842720542193,9.4933360511061,-0.189948085419721,0.855257659761405,0.864553938671855,-7.61768144655465,-1.02440363125753
AT1G09550.1,2999,3193,3030,2458,2859,2835,15,0.180725417025819,11.4954617980134,1.37805521666701,0.214625923177857,0.233908720963367,-6.67946252020345,1.13345366607579
AT1G09880.1,5940,5240,5098,6112,5360,5647,16,-0.0737868517776814,12.4395984557107,-0.544522222206407,0.604602702758778,0.631775857938948,-7.4711885448055,-1.05247564721857
AT1G10010.1,2795,2739,2116,2513,2515,2198,17,0.0738657823587126,11.2687052345643,0.452360481695503,0.666004184420592,0.691418704756214,-7.52220429203993,1.05253323027286
AT1G11420.1,546,486,531,114,54,133,18,2.4618394884831,7.79523272921715,7.29378700326247,0.000256172821567301,0.000371066423962282,0.531369975366287,5.50918720970273
AT1G11580.1,16396,18151,15105,72,101,69,19,7.68009543668134,10.1705586909395,40.5932215907572,6.18855618150514e-09,1.91845241626659e-07,11.1481259314412,205.087455091169
AT1G14580.1,691,800,503,39,2,9,20,5.94291596434982,6.38106421234021,6.77368192146476,0.000391369234862568,0.000557102125136003,0.0578034527312639,61.5171159974751
AT1G15760.1,1193,909,483,61,30,30,21,4.36919472082161,7.47212700413101,10.3911823547855,3.14199256756605e-05,5.53069985079449e-05,2.86488476882989,20.6661067249292
AT1G17770.1,941,729,1017,5918,6434,6035,22,-2.78646050520787,11.1875161690892,-16.7773423764861,1.63720300867812e-06,4.68491937867894e-06,6.0543493663535,-6.89935026672325
AT1G17820.1,11695,12181,11392,1312,1362,1307,23,3.14589439277194,11.9477364874514,26.3164930716034,9.64908075676495e-08,8.03610009294753e-07,8.86307162340168,8.8513308716328
AT1G17860.1,2605,2377,2216,35,1,76,24,7.08027862701463,7.68570982755305,5.54192810262166,0.0011925148253167,0.00160730259064425,-1.18650560299868,135.324441814078
AT1G17950.1,233,257,252,4,2,0,25,6.65256498469749,4.62857935755158,11.9617152711837,1.33196461204861e-05,2.66392922409722e-05,3.80758204263824,100.605473288791
AT1G18250.1,597,675,601,767,669,696,26,-0.186497948231578,9.37941590319578,-1.39834515994492,0.208747384023644,0.228394196637634,-6.654516794209,-1.13799794169306
AT1G18350.1,280,238,419,198,152,336,27,0.486307133816546,8.00669264838099,1.39983279093182,0.208322145590093,0.228376733279512,-6.65268018220149,1.40085451557641
AT1G19140.1,3638,3617,2580,110,85,118,28,4.95617302339891,9.1832526398195,23.8584381687835,1.79239948803596e-07,1.11987466219739e-06,8.27986098641522,31.0425038563279
AT1G19640.1,14022,13227,10700,22,13,15,29,9.5071186190215,8.86386493554896,42.045596436584,4.95026308412887e-09,1.74379370444428e-07,11.3082363454796,727.658952088804
AT1G20140.1,2757,3477,2880,952,1097,1061,30,1.54541337008705,10.7892276162833,10.2857370109772,3.34217808551059e-05,5.82792303660908e-05,2.7966875842123,2.91887690370544
AT1G20500.1,2812,3096,3238,92,101,153,31,4.74583718800337,9.19904215859316,21.8367285354967,3.13221523320051e-07,1.57457306317647e-06,7.73739260266617,26.8311537637325
AT1G20690.1,1962,1846,1573,327,385,285,32,2.43338401843052,9.58665213543678,14.2772691508006,4.47092116000447e-06,1.04383849677092e-05,4.98971893426076,5.4015895512377
AT1G20730.1,7483,7887,7771,18,15,18,33,8.74775094610562,8.5391604820152,64.885202816803,3.13720955836741e-10,8.75281466784507e-08,12.9211476973572,429.868309383543
AT1G20910.1,763,567,563,797,751,571,34,-0.162659274913047,9.37023873743627,-0.809505056632047,0.447392816818624,0.474610630769567,-7.27848882898724,-1.11934849795213
AT1G20940.1,157,201,200,1135,1159,1095,35,-2.60488145679077,8.84012203576466,-17.3596465615868,1.32271647723601e-06,4.02329268448582e-06,6.27680968330655,-6.08341513103428
AT1G21790.1,875,887,704,95,54,109,36,3.29433348182232,8.02972738350132,11.6754598379561,1.54505298944391e-05,3.04642956929223e-05,3.6452866260614,9.81054634561145
AT1G22015.1,1690,1485,1727,2051,1651,1785,37,-0.159854168345227,10.7518493665433,-1.08464266167848,0.317403843740564,0.339293763998534,-7.01547786544513,-1.1171742052674
AT1G22040.1,2351,2801,2416,95,76,68,38,4.97688061494618,8.80853147353783,28.8526964875163,5.39192486205569e-08,6.18401604546755e-07,9.39103703396023,31.4912826491049
AT1G22180.1,1067,1138,993,149,59,61,39,3.69381480282223,8.2102092669082,10.1182287599268,3.69109759959868e-05,6.33733064792635e-05,2.68696097888796,12.9404403170533
AT1G22420.1,293,269,315,970,620,1405,40,-1.69296304421597,9.03990441879608,-5.6686968300688,0.0010548989168854,0.001428722319471,-1.0497408185515,-3.23320065314827
AT1G23320.1,58,63,28,166,155,107,41,-1.56112332300345,6.36076967633153,-4.50482908247229,0.00351767660992428,0.0045436656211522,-2.38871239733794,-2.95083514370084
AT1G23360.1,687,711,536,70,33,67,42,3.54870122054952,7.54924154427655,11.3213416164725,1.86517165693438e-05,3.55210165382043e-05,3.43890361960889,11.7021460220653
AT1G27000.1,4821,4607,4607,333,328,213,43,4.02938362862557,10.1770634985163,19.7329219318923,5.92361099365271e-07,2.27956892031601e-06,7.10109114622269,16.3292160905336
AT1G27130.1,8545,8732,8049,43,82,59,44,7.12890221627388,9.47823832333452,29.5484770301929,4.6369655254023e-08,6.01727154226625e-07,9.52443019622328,139.963051748864
AT1G27600.1,5042,5823,5476,239,155,261,45,4.66710516639211,10.0754578551988,21.0014748669595,4.00381820822481e-07,1.83125455753233e-06,7.49425285932966,25.406137722747
AT1G28460.1,198,164,243,137,134,193,46,0.382810425445406,7.45315617806141,1.74288184946242,0.12908978077751,0.144064195347702,-6.20555901976766,1.30387939024897
AT1G29080.1,1957,2359,1850,957,1468,1174,47,0.790293268659548,10.6027951569114,3.92581573111733,0.00687730938853007,0.00866261543747128,-3.12761060349754,1.72942598173693
AT1G29960.1,1080,1099,1001,43,23,42,48,4.89314884509378,7.60346071390041,19.0418590692887,7.40947148137148e-07,2.5734771072429e-06,6.87374159965777,29.7156049208984
AT1G32120.1,7694,6738,6592,1145,1283,1304,49,2.49202962679341,11.5255664491755,18.1760212997345,9.92007899269431e-07,3.23707840814235e-06,6.57459389896784,5.62568832607334
AT1G34170.1,822,539,721,707,454,847,50,0.077390168209126,9.38044466401531,0.276189004162046,0.79114395509843,0.807053614158911,-7.59468294003501,1.05510762600686
AT1G34180.1,1840,1361,1041,468,385,293,51,1.87245032234022,9.49141632604338,6.93745040591428,0.00034154633622149,0.000488673988747671,0.209981077310607,3.66153940582317
AT1G34650.1,167,95,136,1988,1898,1749,52,-3.8488929837475,8.94955049402723,-17.155914369169,1.42407434603042e-06,4.24937692558809e-06,6.19996269349371,-14.4089468108702
AT1G35660.1,5968,5821,5679,597,801,715,53,3.05565733301578,10.9795872924803,19.9845904118037,5.47025739899492e-07,2.2610397249179e-06,7.18150838194895,8.31466035991038
AT1G43020.1,290,354,405,0,0,0,54,8.4406288248285,4.22031441241425,52.5531839494775,1.19923475688932e-09,1.44362972215599e-07,12.2226750377887,347.442113781468
AT1G43800.1,8732,14304,13408,25,43,21,55,8.66270152529876,9.20445174778794,27.138573813869,7.94377201964157e-08,7.26659801140983e-07,9.04178231906066,405.259311810744
AT1G44130.1,3587,2917,3380,4329,3698,3912,56,-0.274722548636115,11.8183488222282,-1.88346140549156,0.10578254092636,0.119116377833381,-6.01175304131536,-1.2097614120273
AT1G44750.1,4480,4230,3397,299,268,147,57,4.13237456667054,9.90276542289575,14.101910170661,4.82693862167963e-06,1.12226322954051e-05,4.90751364437698,17.5375409409334
AT1G47490.1,553,589,417,954,825,896,58,-0.790882208960845,9.40399858527352,-4.52524445105081,0.00343861899895335,0.00446220791026969,-2.36355776206245,-1.73013211612517
AT1G47760.1,360,309,267,121,125,118,59,1.34507786608281,7.60681727449832,8.75754815602294,8.77203003542505e-05,0.000137881486190625,1.72664139723378,2.54043907562115
AT1G48910.1,149,120,120,1425,1323,1156,60,-3.31935788577118,8.68186066456728,-20.9261361208048,4.09537891704478e-07,1.8579036062691e-06,7.47172913613909,-9.98220052785971
AT1G49290.1,34,44,33,2444,2472,2254,61,-5.98599267928243,8.22919599114954,-37.8435808835498,9.66004124955728e-09,2.15612120690118e-07,10.8162708644037,-63.3816221833302
AT1G49600.1,2275,2580,1762,564,666,583,62,1.85211382011786,10.163881765848,10.1406748195585,3.64199721996504e-05,6.2917475193204e-05,2.70176458935533,3.61028772899298
AT1G49640.1,3687,3851,3290,222,194,101,63,4.45455656125192,9.58749679917309,14.6348161725,3.83472585502017e-06,9.21690510884634e-06,5.15401454119833,21.9257845523284
AT1G52460.1,125,173,167,0,0,0,64,7.2708469473758,3.6354234736879,44.0633462114191,3.67542429656365e-09,1.56696067116881e-07,11.515095003774,154.434037257812
AT1G53520.1,1261,1323,1019,557,454,463,65,1.2849039988686,9.57972701344857,7.75028298944519,0.000180123459328392,0.000268023707480648,0.92468652791873,2.43665837960762
AT1G54570.1,219,157,114,23,17,10,66,3.23877046394846,5.69082493890782,9.08152636194685,7.06567642908492e-05,0.000113949348191601,1.96717878381865,9.4398927188733
AT1G54575.1,2944,3553,2067,20,23,12,67,7.21852690447348,7.83516999945041,23.8293504175254,1.80624945515708e-07,1.11987466219739e-06,8.27248385824968,148.933749320347
AT1G55050.1,832,800,708,152,121,164,68,2.42100851350414,8.39532005491919,14.6262850072592,3.84863600423153e-06,9.21690510884634e-06,5.15014514848009,5.35545263094305
AT1G55560.1,395,433,308,3577,2249,1876,69,-2.71749633751958,9.91287179556927,-9.90726578705789,4.19169485753152e-05,7.13099308080058e-05,2.54628019030957,-6.5773039316028
AT1G55650.1,676,744,727,32,98,80,70,3.47943417893351,7.74425067024098,8.59927666375952,9.77453039228386e-05,0.000151584288007527,1.60619984455748,11.153574071498
AT1G55920.1,10363,10790,9258,67,59,81,71,7.1871898248979,9.7108967262746,43.6786603203997,3.88599475970597e-09,1.56696067116881e-07,11.4769809617425,145.733609591944
AT1G57590.1,297,272,169,6,0,0,72,6.97132055848737,4.42144525326289,8.97749255665974,7.56830557322472e-05,0.000121353865225845,1.89079983993605,125.480603130183
AT1G57800.1,84,121,52,8290,8544,8242,73,-6.67303341068864,9.69253294809892,-22.2603829651835,2.7751329210395e-07,1.44721885041126e-06,7.85627853233059,-102.043000135157
AT1G57820.1,6638,6524,6211,3365,3373,3668,74,0.897039876129341,12.2079315743534,7.29125016656016,0.000256687526253478,0.000371066423962282,0.529127654728414,1.86224111134301
AT1G59800.1,76,83,45,89,61,42,75,0.103450586037343,6.00916334682489,0.299754295108956,0.77390415803913,0.792364257221714,-7.58695066997726,1.07433995970626
AT1G59890.1,2759,3180,2667,1139,1309,1140,76,1.26033595920801,10.8522520735259,8.87925616773598,8.08087672418499e-05,0.000128100261707251,1.81793468988959,2.39551518594263
AT1G59930.1,517,486,602,18,10,23,77,4.96275960295565,6.57882034574517,16.6671091823436,1.70602934215276e-06,4.83230646152914e-06,6.01124400168464,31.184551457128
AT1G60220.1,3505,3711,3510,821,776,759,78,2.18554552544918,10.710979756198,18.0001482736803,1.05431205383567e-06,3.36174929165888e-06,6.51177601512535,4.54898767387632
AT1G60400.1,13,16,14,1241,830,960,79,-6.02794612894937,6.94787585078017,-31.8503594501708,2.88318761197128e-08,4.2337333881052e-07,9.93467763758755,-65.2518151266274
AT1G60410.1,23,17,23,367,342,194,80,-3.73770234436494,6.31546783981068,-13.3514875310211,6.77058742663831e-06,1.4873967653796e-05,4.54298304040891,-13.3401440898717
AT1G60440.1,3871,4227,3960,107,24,91,81,5.99798874552223,8.97309625542618,11.0434153815474,2.17049866692915e-05,4.05062961921895e-05,3.27238342307679,63.9108400594486
AT1G60970.1,41,36,51,126,207,201,82,-2.01504179370542,6.44159106570231,-8.23898171644343,0.000125867598942422,0.000191373624550058,1.32449467858347,-4.04192287547905
AT1G61090.1,2591,2240,2389,16,13,14,83,7.29695449344889,7.58238003302993,51.464718514612,1.36993908024509e-09,1.44362972215599e-07,12.1445119984041,157.254173191691
AT1G61097.1,960,904,784,5,7,4,84,7.14660828363826,6.2089343403553,34.5747292361622,1.71357089092459e-08,2.91845118847978e-07,10.3655321549025,141.69138995654
AT1G61330.1,699,574,650,1372,1303,1382,85,-1.08009550489966,9.8617620827264,-7.97856856543371,0.000152006127128891,0.000228623770722159,1.11407693733185,-2.11417603272794
AT1G62305.1,1440,1213,1409,393,341,368,86,1.87750181110464,9.46121135235321,13.4288380917234,6.53317235094674e-06,1.44663102056678e-05,4.58154673106239,3.67438248356672
AT1G62333.1,64302,69071,74671,155,248,224,87,8.39250207120711,11.8826461496527,40.7781898290051,6.01244331315989e-09,1.91845241626659e-07,11.1690693418127,336.043006900739
AT1G62340.1,3100,2227,2885,6445,6166,7178,88,-1.27973395795112,12.0448359497902,-7.46373850114978,0.000224227804257024,0.000327413647780442,0.680142703350455,-2.42794199971436
AT1G62660.1,2391,2430,1511,333,369,253,89,2.70993594556179,9.65622478603507,10.9095076685276,2.33789173167736e-05,4.29126179696042e-05,3.19067223738529,6.54292596164072
AT1G63010.1,8552,8465,7267,244,193,273,90,5.10081314602048,10.4286008610603,29.1090117095651,5.09836980486034e-08,6.18401604546755e-07,9.4407149563567,34.3160869231036
AT1G63055.1,10963,9614,7217,11179,10228,8124,91,-0.0960736581007069,13.2043505567004,-0.451434543732055,0.666636672327676,0.691418704756214,-7.5226722557821,-1.06886056146103
AT1G63090.1,8497,8262,5540,493,442,424,92,4.0101463604259,10.8286895639345,19.7751065545464,5.84467878628717e-07,2.27956892031601e-06,7.11465725920825,16.1129233630564
AT1G64630.1,3979,4239,3646,472,501,380,93,3.1366695448114,10.3786304773335,19.745210695725,5.9004909650645e-07,2.27956892031601e-06,7.10504670432048,8.79491445272409
AT1G64750.1,2950,4267,3260,337,611,411,94,2.97088786194895,10.2670331996938,11.2911876355808,1.89579023460206e-05,3.58363631015747e-05,3.42103358557639,7.84018589571757
AT1G65300.1,2449,2242,2858,2713,2264,2828,95,-0.0488339860471374,11.314775274226,-0.301545708935416,0.77259914269128,0.792364257221714,-7.58633768789622,-1.03442854080194
AT1G65360.1,19,6,14,965,721,1116,96,-6.16699142121759,6.76222024812662,-15.2633381418744,2.95266062407557e-06,7.52321748052131e-06,5.43252256975509,-71.8537437432965
AT1G65770.1,621,655,728,4692,5821,6420,97,-3.06802612447971,10.9167123219317,-18.4623398388618,8.99442169269311e-07,2.98743291935878e-06,6.6753492673992,-8.38625166192351
AT1G65860.1,607,660,327,24,11,8,98,5.19174742921039,6.39545494525126,11.6603770097491,1.55732619173984e-05,3.05981695419307e-05,3.63662458859082,36.5486808078713
AT1G66630.1,10,0,12,1739,1873,1777,99,-8.42431503348222,6.59878129566724,-8.82544741887221,8.37844698663712e-05,0.000132067045721568,1.77771288269302,-343.535417343723
AT1G67390.1,26,18,19,689,661,639,100,-4.93277498095523,6.90796852730909,-28.5371841584802,5.78050385205096e-08,6.18401604546755e-07,9.32900470692463,-30.5431082321402
AT1G67500.1,2077,1882,1729,159,73,125,101,4.04923072067544,8.86083582167646,13.8806987604805,5.32365123537342e-06,1.21745794645015e-05,4.80223933096004,16.5554086896164
AT1G67820.1,747,833,768,6217,5340,6216,102,-2.91649803749218,11.0707949591775,-21.5510604180822,3.40301010377149e-07,1.65119968513434e-06,7.65556822805858,-7.5501119562722
AT1G67830.1,6118,6592,5674,11408,10888,9690,103,-0.798231391208352,12.9778504379116,-5.77670461201509,0.000951708425914523,0.00130479926697863,-0.934874010154406,-1.73896800769976
AT1G68725.1,37859,46795,52278,195,177,167,104,7.9712225381418,11.4798648350244,47.7059779437257,2.21866802482234e-09,1.44362972215599e-07,11.8479217147489,250.94415590127
AT1G69520.1,628,627,743,8,4,8,105,6.48963922303566,6.13207897744182,24.9125647738749,1.36430457615999e-07,9.85920438794173e-07,8.53943373026799,89.8619973095394
AT1G69530.1,14624,12187,14599,86,41,26,106,8.21761837226525,9.63885865972961,19.9076941383401,5.60438603880788e-07,2.27956892031601e-06,7.15706838414322,297.679976666324
AT1G69860.1,309,369,300,355,354,402,107,-0.186973043778719,8.44052836940611,-1.28171012967554,0.244606421642332,0.266063125295168,-6.79513272656351,-1.13837275880375
AT1G69900.1,1343,1703,1582,598,812,701,108,1.1355405426578,10.017387256385,6.53856584507575,0.000478061558810664,0.000673632196505935,-0.165812832833533,2.19700863895557
AT1G70380.1,862,933,867,3,1,5,109,7.93236140687065,5.82783487034238,20.5613218880693,4.57443127011166e-07,2.02268488077011e-06,7.36122270017715,244.274830112782
AT1G70440.1,1574,1336,1229,2,3,1,110,8.89513332095781,5.97588749405263,32.8603844781935,2.36559969186692e-08,3.77144179446211e-07,10.1008599680723,476.104125865369
AT1G70560.1,62,20,21,118,61,88,111,-1.49857284658175,5.69229607826287,-3.13736752735153,0.0185917118623481,0.0225036338811068,-4.2085508013203,-2.82563055067761
AT1G70890.1,462,532,564,28,21,10,112,4.7593743103066,6.63863523262069,13.3677179835476,6.719957650724e-06,1.4821092368e-05,4.55109429094487,27.0841012075463
AT1G71100.1,2059,2545,1865,200,179,116,113,3.72496969657723,9.20024135065262,15.1876456064655,3.04541606977568e-06,7.6893310721033e-06,5.39965318305723,13.2229273435046
AT1G71210.1,1931,1980,1565,337,279,220,114,2.72089867613257,9.46647100893915,13.5088120810305,6.29773113873078e-06,1.40565359016471e-05,4.62117327347598,6.5928336331465
AT1G71270.1,8695,7645,6556,808,815,801,115,3.22852207617653,11.2742209250404,21.618368512057,3.33684867828051e-07,1.63329961621099e-06,7.67496998342152,9.37307272269862
AT1G71850.1,1133,1285,1067,160,191,190,116,2.68108919236207,8.83831399847154,18.1358797443164,1.00584529519442e-06,3.24428713710109e-06,6.56031912410047,6.41339912129814
AT1G71940.1,6249,5362,4075,505,427,277,117,3.71600057160242,10.4724674970742,13.5161857310656,6.27651990271943e-06,1.40565359016471e-05,4.62481440637392,13.1409764185474
AT1G72540.1,91,59,49,13,14,8,118,2.39671274077727,4.82641321009145,8.00279693027323,0.000149328388528552,0.000225203353510627,1.13390313423992,5.26601905141007
AT1G73500.1,2456,2900,2761,209,205,179,119,3.76797172854639,9.5148522446662,26.7686218513138,8.66400776634853e-08,7.43771743634228e-07,8.96230266825099,13.622992361417
AT1G73560.1,4033,3926,3805,4989,5025,5074,120,-0.359314688503934,12.1167463767698,-3.04011258858762,0.0211516099036515,0.0253819318843818,-4.34692813535897,-1.28281638714785
AT1G74000.1,2153,1946,1591,1949,1902,1715,121,0.0227707437992013,10.8674360693698,0.141512102127506,0.89183434563595,0.898273582788556,-7.62690673112926,1.0159086938537
AT1G76250.1,10079,9922,9641,251,211,255,122,5.36856166431294,10.5860142915108,39.4087781046424,7.4687704606528e-09,2.15612120690118e-07,11.0100077535426,41.3140807980615
AT1G76290.1,1085,1227,1172,1222,1218,1271,123,-0.0925611744096386,10.2272440976058,-0.743648168663512,0.483599941781437,0.509071033887099,-7.33240027262798,-1.06626140600127
AT1G77000.1,1719,1445,1760,165,116,131,124,3.579475203361,8.88633702511009,19.8965304661371,5.62417262761644e-07,2.27956892031601e-06,7.15351067958562,11.9544446336154
AT1G77960.1,1340,1158,1400,46,70,34,125,4.72879354173816,7.97560310024484,17.5211076642569,1.24827573957863e-06,3.82713111365316e-06,6.33697765369616,26.5160420683764
AT1G78830.1,10064,13676,33545,2371,2165,1759,126,2.99877044702202,12.524073735404,6.8045548676296,0.000381375315848724,0.000544264517247029,0.0867128192094206,7.99318481513096
AT1G79530.1,10817,10814,9735,479,656,444,127,4.32890133264399,11.1858845602502,23.5588077606568,1.94116727591944e-07,1.17156961767019e-06,8.20329866244311,20.0969036039684
AT1G80190.1,871,915,854,227,217,176,128,2.09282961120749,8.73597476861197,14.0881518217752,4.85622708157913e-06,1.12438784710421e-05,4.90101767119205,4.26583927871193
AT2G02147.1,1854,1777,1589,2080,2139,1729,129,-0.184986174346093,10.8551777973429,-1.24300797038046,0.257650237843198,0.278621768830435,-6.84021824711488,-1.13680607892899
AT2G02490.1,19779,15634,23810,12171,9259,14344,130,0.729083850335286,13.883320406607,3.13123521994429,0.0187428234838119,0.0226374361557728,-4.21724912391045,1.65758614611667
AT2G02960.1,2790,2558,2516,444,541,541,131,2.36782024456833,10.1712299918047,16.5152743918474,1.80637001262047e-06,5.01469884100607e-06,5.95133802742893,5.1616068011689
AT2G03040.1,911,806,765,934,764,687,132,0.0653707374367869,9.65748645107077,0.393258848456771,0.706951218060768,0.730516258662794,-7.55025645559172,1.04635379264987
AT2G03090.1,17239,13925,6996,664,626,525,133,4.30101169529132,11.3866562318066,12.5864419835255,9.74219624586243e-06,2.01508948745478e-05,4.1484983579177,19.7121289720052
AT2G03190.1,4449,4610,4101,2048,1895,2199,134,1.09994334043712,11.5475501123257,8.30429850890776,0.00012014475453946,0.000184685325159831,1.37636054769645,2.14346274231501
AT2G03770.1,1525,1346,1203,1311,1600,1240,135,-0.0249679794027209,10.4140483427202,-0.150559831417473,0.884976973083428,0.892978573201723,-7.62538665331132,-1.01745710940504
AT2G04046.1,1667,1996,2025,1163,1606,1316,136,0.484623820949958,10.6416683060883,2.78812659556731,0.0297197314657343,0.035209363392526,-4.70909986305905,1.39922097472684
AT2G04425.1,345,299,279,753,516,447,137,-0.862355390187874,8.69542100678646,-3.85111354449416,0.00752636352726399,0.00939532628235639,-3.22648563687724,-1.81800402068254
AT2G04620.1,3094,3189,2725,189,58,132,138,4.71328438545503,9.19256922379217,11.3296000756098,1.85688543881642e-05,3.54843176321767e-05,3.44378955723381,26.232517914323
AT2G04750.1,154,135,117,102,99,146,139,0.238733744697369,6.96270989294679,1.16916194199339,0.284208888063346,0.304977999114129,-6.92386401576328,1.17995655740514
AT2G07040.1,142,238,133,493,440,333,140,-1.32995967813312,8.04058895080553,-4.85670379532892,0.00239735866274095,0.00316996714172856,-1.9636734530647,-2.51395648552125
AT2G12465.1,1201,997,1045,702,561,650,141,0.762154463278764,9.69385087579241,4.99546219068247,0.00207079339154041,0.00276436055617117,-1.80098768686492,1.69602150542167
AT2G13560.1,24264,23752,21505,685,583,687,142,5.15223629076993,11.9221695053033,37.1759380914848,1.08153356030184e-08,2.23516935795713e-07,10.7294934401677,35.5613032224965
AT2G15280.1,4238,3420,3265,402,227,265,143,3.64007041239693,10.0009713655964,14.8853428611093,3.45095789418128e-06,8.55837557756958e-06,5.26656366368958,12.4672417378448
AT2G16140.1,276,238,239,68,26,58,144,2.39181485377832,6.77792576299032,6.72004388460829,0.000409449896481309,0.000581356341568881,0.00732913092508891,5.24817145850875
AT2G17690.1,3616,3165,2743,44,59,34,145,6.11435382669421,8.56651914964149,26.4197369746452,9.41320144483515e-08,7.95843394881517e-07,8.88593777269711,69.279366206238
AT2G17750.1,5031,4357,5155,1496,1199,1421,146,1.82267343006105,11.3281310304218,12.0188357793829,1.29360822535544e-05,2.59652298470625e-05,3.83949743303846,3.53736093002111
AT2G17990.1,8869,9696,7711,537,646,590,147,3.88494396976589,11.1478381797918,25.5719570694858,1.15677637719423e-07,9.02373473449928e-07,8.69444663850066,14.7735431974944
AT2G18280.1,3373,3938,3250,166,126,95,148,4.79105810687487,9.38131288009322,21.1201014883965,3.86439772841904e-07,1.81204532139313e-06,7.52951525116423,27.685489154093
AT2G18880.1,428,300,265,17,23,11,149,4.23129531562527,6.22893099210751,13.8607204274257,5.37134175566365e-06,1.21837752018712e-05,4.79264370695787,18.7822151257474
AT2G19220.1,130,147,200,1734,1391,2220,150,-3.475576354172,9.03576419653444,-14.3638513849661,4.3063590372899e-06,1.01329088992048e-05,5.02990816867727,-11.123788805561
AT2G19400.1,159,121,139,74,65,37,151,1.28693604203243,6.48384812878219,4.59503895947714,0.00318297287207557,0.00414009058885354,-2.27802293169639,2.4400928432555
AT2G19480.1,3549,4369,4076,414,665,568,152,2.88389412651459,10.5181573084613,13.7934136244228,5.53567261992068e-06,1.25056895624119e-05,4.76020754003991,7.3813982307429
AT2G19500.1,7252,5733,7584,10963,9176,10964,153,-0.602096636240567,13.0339222474351,-3.59810066060808,0.0102799694301506,0.0126348522952071,-3.56715355374714,-1.51792092467517
AT2G19802.1,3368,2448,3577,7809,7639,8713,154,-1.37952123670999,12.2834337662675,-7.5024308339489,0.000217606222968114,0.000318698877732829,0.713619394647814,-2.60182014467782
AT2G19970.1,1962,2200,1647,1800,2207,1798,155,-0.00226599313165643,10.9108958014128,-0.013334683292322,0.989768567447626,0.989768567447626,-7.63834385338291,-1.00157190089345
AT2G20160.1,171,176,163,1535,1526,1831,156,-3.24974277540392,9.04201215750302,-23.6513956920648,1.8937242645321e-07,1.16120674682298e-06,8.22709266186235,-9.51196083848985
AT2G20780.1,677,565,354,82,124,100,157,2.34081324053315,7.83675168652018,8.25614356416594,0.000124334277728056,0.000189558816864085,1.33815715488698,5.06588118501732
AT2G21420.1,208,138,236,317,252,390,158,-0.730619291194457,7.93699079683145,-2.79955120668939,0.0292599209816328,0.0347383742718108,-4.69258677259915,-1.65935123179046
AT2G21930.1,24,16,18,85,122,87,159,-2.28298811140333,5.46790957052455,-10.3984984079362,3.1286222365568e-05,5.52459243037561e-05,2.86959173461939,-4.86684932886911
AT2G22121.1,2671,1405,1497,2470,1393,1241,160,0.131854493529211,10.7307084465705,0.369703466206934,0.723581539870036,0.746318852583142,-7.56039665869098,1.09570125129529
AT2G23790.1,33352,25983,14150,860,597,571,161,5.11524625928334,11.9355372757661,14.7550602614885,3.64470429044518e-06,8.88098250684895e-06,5.20829349577688,34.6611173941826
AT2G23990.1,4569,5066,4467,4200,4545,4375,162,0.102670657284788,12.145434016008,0.806491579710253,0.449006766454382,0.475418929186993,-7.28103763431301,1.07375932266746
AT2G24740.1,2953,3037,3323,661,638,735,163,2.19404781607533,10.5016644026414,16.5477784163924,1.78432906523006e-06,5.00329456481594e-06,5.96421475614576,4.57587555118929
AT2G25295.1,314,414,242,215,232,150,164,0.687836554028173,7.9630777390617,2.63491635223946,0.0366850737385013,0.0430953076759657,-4.93113028798281,1.6108660733356
AT2G25685.1,722,637,422,284,313,313,165,0.931906232333525,8.71397298511188,4.20202729776598,0.00496364898849756,0.00633802319355066,-2.76900454978889,1.9077951003166
AT2G25700.1,983,858,729,2518,2463,2258,166,-1.50203634085905,10.4846119971779,-9.54827364124667,5.23406746394468e-05,8.71823774591382e-05,2.30025501517757,-2.83242222301133
AT2G26280.1,6722,7235,6321,435,612,604,167,3.63110417537587,10.9051250612312,20.3659476511791,4.85745489125347e-07,2.069053304824e-06,7.30104209490997,12.3899990811599
AT2G26410.1,34,93,43,242,201,131,168,-1.82803820615204,6.62845359882932,-4.39885469255072,0.00396209103009866,0.00509411703869828,-2.52027239618351,-3.55053937494427
AT2G27040.1,44853,40956,33235,2011,1784,1701,169,4.42869744119303,13.0507281440658,26.9043498381656,8.39133642063843e-08,7.43232654399403e-07,8.99163901580821,21.5362840930201
AT2G28040.1,1479,1338,1259,1631,1419,1526,170,-0.167685059644167,10.4896857712314,-1.23104238817777,0.261803211597629,0.282565168416783,-6.85398783106308,-1.12325466974888
AT2G28380.1,4914,4847,3838,123,308,117,171,4.76812071396492,9.75349448620016,12.3141593386362,1.1144792239878e-05,2.27794654573331e-05,4.00208629028463,27.2487985288889
AT2G29570.1,3346,3052,3245,677,620,781,172,2.21816542525903,10.5406212855176,15.5231834000053,2.65813742353893e-06,6.93103122586318e-06,5.54400865770477,4.65301366900482
AT2G29940.1,1545,1251,1266,1213,919,974,173,0.390414364720415,10.2019742376392,2.29262765766504,0.0592071775693502,0.0682595146357384,-5.42817168805882,1.31076982352074
AT2G30160.1,1808,1872,1456,84,115,162,174,3.86159898447748,8.80283285407086,14.8277453027215,3.53511000863706e-06,8.72828046380301e-06,5.24087136154131,14.536408720997
AT2G30590.1,5632,5837,4551,194,269,294,175,4.41150467966625,10.1686580248497,21.488285021934,3.46608505212483e-07,1.66730643024625e-06,7.63740425215352,21.2811569455518
AT2G30900.1,360,461,402,442,725,642,176,-0.540474485682507,8.93765060845165,-2.43964694191034,0.048146448942917,0.055970246896141,-5.21489064753115,-1.45445079067912
AT2G31360.1,54600,58275,43923,1747,1683,1633,177,4.94220588299649,13.1922223284025,32.1622275359103,2.71053625536303e-08,4.08778170403397e-07,9.98684152646696,30.7434226418096
AT2G32370.1,1540,1780,1181,5369,5577,5317,178,-1.87258979532161,11.4680073202588,-10.3597572142286,3.20017469940925e-05,5.61540088764265e-05,2.84463027665998,-3.66189340336878
AT2G32750.1,10136,11555,10183,481,721,603,179,4.15685507530291,11.2941439051322,22.5986389271443,2.52353818011516e-07,1.36712068398472e-06,7.94914877358713,17.8376675419949
AT2G32940.1,1091,974,884,271,321,249,180,1.80912839683338,9.0326188664257,11.3023242578504,1.88441518360545e-05,3.5765431035777e-05,3.42763894649448,3.50430512219829
AT2G32990.1,4744,4138,1551,14,10,13,181,7.88449820367415,7.66680814727155,18.2340716460409,9.72383860325776e-07,3.20721652969936e-06,6.59517195062906,236.303666415252
AT2G33770.1,41079,40340,37749,291,220,232,182,7.32946118290376,11.6120350124271,47.3449141511078,2.32843503573547e-09,1.44362972215599e-07,11.8170628615141,160.837631153738
AT2G33780.1,3215,3302,3505,5539,5358,5478,183,-0.708964007909943,12.0598897460296,-5.87866395993141,0.000864669850330907,0.00118838861203115,-0.827816145311441,-1.63462987602291
AT2G34200.1,2059,2152,2058,31,41,51,184,5.66517739998341,8.19684108029832,28.4527708398196,5.88989096307184e-08,6.18401604546755e-07,9.31224105176615,50.7444241119456
AT2G34260.1,1260,1295,1277,249,229,319,185,2.27555741788867,9.18217951910894,13.9799795549039,5.09377536997568e-06,1.17451514729191e-05,4.84970684751808,4.84184675262126
AT2G34880.1,428,395,383,5,23,23,186,4.73475515204561,6.2856734100773,8.7322536065419,8.92403642235694e-05,0.000139876750665033,1.70752451573817,26.6258403049829
AT2G34890.1,130,106,79,14,7,1,187,4.06330916240582,4.66728477973908,5.72799223013221,0.000996763739206714,0.00135988793759742,-0.986492758871246,16.7177543539996
AT2G35670.1,1116,1101,961,33,65,30,188,4.68505393060962,7.70454472230336,15.5695518513533,2.60921915819076e-06,6.83541920314763e-06,5.56368603995757,25.724193303743
AT2G36010.1,2715,2673,2404,657,488,719,189,2.07879505599278,10.3018933696688,11.387324521814,1.80013497698167e-05,3.45180521359372e-05,3.47784249071765,4.22454233566961
AT2G36310.1,6294,6693,6379,202,220,143,190,5.11494024297541,10.0985246141607,26.8001526529062,8.59976188543009e-08,7.43771743634228e-07,8.96913618168731,34.6537660537964
AT2G36560.1,118,136,93,3891,4148,4185,191,-5.14292061165412,9.42060653847576,-29.6763084115503,4.51194600945673e-08,5.99444255542108e-07,9.54844119986484,-35.3324187901623
AT2G36724.1,1681,1308,1091,1906,1315,1012,192,-0.0268276159096335,10.4010699789949,-0.0960154351004932,0.926457472293322,0.92812077116638,-7.63312956393984,-1.01876945908099
AT2G36760.1,382,344,346,10,3,2,193,6.13535028893677,5.41580651758787,13.1434898329067,7.4599235149392e-06,1.61342531834732e-05,4.43810997993273,70.2950057636485
AT2G37390.1,861,869,695,4,5,0,194,8.01748951668847,5.64437495688041,12.0324287645452,1.28466877656143e-05,2.58788872679161e-05,3.84706971282151,259.122326596701
AT2G38220.1,1974,1675,1656,2642,1941,2080,195,-0.320516061974491,10.9445251172781,-1.87690775233655,0.10677099509625,0.119875684635227,-6.02088966206788,-1.24877716522981
AT2G38810.1,470,350,268,223,139,109,196,1.22945839331558,7.8540617475002,3.79908918833168,0.00801826701519264,0.00998703793410155,-3.29581087318383,2.34478946841989
AT2G39220.1,6978,6711,4918,128,198,137,197,5.32970154129129,9.916976214894,23.0921073324219,2.2022593714103e-07,1.25393951963974e-06,8.08147695288933,40.2161073841738
AT2G39300.1,967,917,881,126,216,134,198,2.57293230332615,8.5621499904189,11.2861155814946,1.90099703907995e-05,3.58363631015747e-05,3.41802310345927,5.95017583857249
AT2G39650.1,1166,1088,677,125,122,157,199,2.81964779018145,8.48434895409614,11.5175410647183,1.67928853502243e-05,3.26546630040711e-05,3.55403330378932,7.0599002035896
AT2G40030.1,10577,9716,9340,365,343,354,200,4.79693199888177,10.8696792685669,38.2277147807159,9.06022632072316e-09,2.15612120690118e-07,10.8650529205222,27.79843962051
AT2G40520.1,182,161,154,970,710,774,201,-2.28780382958577,8.52112666360719,-13.6551837967812,5.89167357194505e-06,1.32562655368764e-05,4.69306231618848,-4.88312202316367
AT2G41040.1,141,143,87,1,2,8,202,5.00807207914028,4.42233187362463,8.97214730933652,7.59521765173235e-05,0.00012143643122254,1.88685376153116,32.1795462694732
AT2G42340.1,157,138,177,80,85,126,203,0.714551935836041,6.94220911603765,3.32421203209527,0.0145654075045258,0.0177844581783925,-3.94542599681448,1.64097349409358
AT2G43660.1,2127,1473,1395,2672,2322,1936,204,-0.485913109616408,10.9189187117435,-2.22188060814913,0.0654339626279717,0.0751278830173008,-5.53041111637437,-1.40047197096717
AT2G43670.1,1245,853,853,1297,1006,965,205,-0.158176380858906,9.99884581451778,-0.742163693745761,0.484438564505466,0.509071033887099,-7.3335715701836,-1.11587573860476
AT2G44330.1,27,40,22,131,87,87,206,-1.75826282463345,5.77528770656096,-6.41772957864745,0.000530995634070229,0.000742595398023027,-0.283167334452499,-3.38290537806725
AT2G45110.1,3431,3471,3085,23267,23667,22103,207,-2.7902740662919,13.0944395053175,-22.0881565897631,2.91430507800344e-07,1.47834748502356e-06,7.80829785798216,-6.91761185245778
AT2G46650.1,3293,3539,2162,3,2,0,208,10.3230046446458,6.35648982256331,19.5955328334004,6.18934664394169e-07,2.30243695154631e-06,7.05666368713012,1280.95550196717
AT2G46990.1,216,127,75,0,0,0,209,7.00315958196269,3.50157979098134,19.1725458296466,7.09816214809829e-07,2.53431547756136e-06,6.91748821224254,128.280634272259
AT2G47030.1,119,221,147,639,643,500,210,-1.90358397953654,8.25537859896413,-7.46085645477796,0.000224730156093028,0.000327413647780442,0.677643360267252,-3.74141494857718
AT2G47115.1,24753,25945,20045,3773,3565,3188,211,2.74292241985626,13.1450805690874,17.3513514716635,1.32667715760823e-06,4.02329268448582e-06,6.27370111991143,6.69424995212587
AT3G01230.1,86,129,55,329,219,116,212,-1.24846013880636,7.04845214638144,-2.72582139709453,0.0323662920267939,0.03826354015032,-4.79927361815393,-2.3758769828259
AT3G01240.1,114,179,152,456,277,164,213,-0.908860884020231,7.65267410533235,-2.35455694900542,0.0542579055087095,0.0628130939291699,-5.33843189660401,-1.87756243659412
AT3G01270.1,313,584,413,2703,2466,2011,214,-2.48781183517537,9.97070609120826,-9.69348122770173,4.78018454838468e-05,8.03416559638149e-05,2.40079777843795,-5.60926536127594
AT3G01870.1,381,329,499,408,621,494,215,-0.332825730365224,8.8029246408305,-1.45809913428136,0.192272447932236,0.211630125820669,-6.57995406503448,-1.25947783275568
AT3G03260.1,3224,2833,2660,2242,2014,1940,216,0.490365950640983,11.2553037857256,3.44976104216535,0.012397856277286,0.0152044039620342,-3.77086446884105,1.40480116911815
AT3G03305.1,2404,2458,2098,117,126,138,217,4.18029828022938,9.08690540973386,29.7842877339451,4.4093703751864e-08,5.99444255542108e-07,9.56860569195978,18.1298901701311
AT3G04100.1,297,195,347,53,27,18,218,3.15555064092048,6.51449863301513,7.57778545970161,0.00020534105054126,0.000301527121584271,0.778403887757802,8.91077331807133
AT3G05610.1,295,552,356,3085,2818,1841,219,-2.69972605177991,9.94998612585421,-8.9278998376009,7.82225512945759e-05,0.000124709096063924,1.85410620965396,-6.49678540228771
AT3G05700.1,554,540,448,10,22,35,220,4.6178272678896,6.69321982599034,11.0230160526266,2.19508627535535e-05,4.06002887043956e-05,3.25999870150462,24.5529976596837
AT3G05725.1,9,24,10,32,47,39,221,-1.5086896038892,4.56275010304439,-4.04098381937437,0.00599459115028779,0.00760223150422861,-2.97674157145039,-2.84551464359205
AT3G05741.1,2835,2493,2249,1226,1052,1138,222,1.14494518892561,10.7240596899284,7.72398515428151,0.000183728860625995,0.000272661447418365,0.902564426048164,2.21137729008526
AT3G05860.1,334,302,322,199,171,298,223,0.557486334945693,8.04345070703116,2.48628353411623,0.0451051050426125,0.0525441515945256,-5.14711451360273,1.4717027757471
AT3G06125.1,77,91,39,0,1,3,224,5.04363075660221,3.5218153783011,9.09492735676591,7.00375666724722e-05,0.000113278151313738,1.97695933915891,32.982543568211
AT3G06860.1,6390,6630,6134,1110,1271,1144,225,2.44267546686253,11.4185570466505,19.0590990354492,7.3675146827677e-07,2.5734771072429e-06,6.87953309907527,5.43648989585575
AT3G07190.1,2788,2770,2244,122,129,111,226,4.41399523457098,9.13107669742726,29.3113306444702,4.87965733036276e-08,6.05077508964982e-07,9.47948215700269,21.3179267851807
AT3G08040.1,116,65,90,38,23,23,227,1.65574208627867,5.64631344990752,5.72458362776512,0.00100000571157766,0.00136098338307398,-0.990116208280084,3.15085220916166
AT3G08620.1,2313,2425,2141,282,276,280,228,3.03081767329209,9.64635107968004,24.4699933448858,1.52778415423048e-07,1.00422481665746e-06,8.43226498129744,8.17272773329691
AT3G08840.1,838,694,620,78,44,25,229,3.97859068787444,7.48798653148651,10.0053601281228,3.94981763738598e-05,6.76073080264226e-05,2.61204468550624,15.7643162064603
AT3G09110.1,427,479,355,288,167,243,230,0.875370190044579,8.2703452426364,3.66591239898479,0.00944678975720068,0.011636443012181,-3.47499037879384,1.83447874627099
AT3G09340.1,40,41,77,33,51,4,231,1.3084803306601,5.02418371675631,1.51153977154984,0.178555829025477,0.197295351675676,-6.51196225948001,2.47680507150563
AT3G09950.1,792,1054,1293,5,0,0,232,9.14228791352329,5.4327981236687,12.8523607527691,8.56511163359507e-06,1.811998191609e-05,4.28837436726657,565.070832828122
AT3G10195.1,1725,1384,1569,1644,1438,1401,233,0.0591474915069892,10.5722382055447,0.398041149413881,0.703595744623573,0.728397820964664,-7.54812485770815,1.04184993534403
AT3G10900.1,892,731,779,100,118,133,234,2.76880936021246,8.2574441589454,16.9016796757416,1.56338301335044e-06,4.56737026936934e-06,6.10258472953381,6.81545209749809
AT3G11200.1,4323,4003,3893,537,275,315,235,3.49621555592634,10.2426969671338,13.3029745075674,6.92456048067061e-06,1.51208544883924e-05,4.51867653259571,11.2840695331297
AT3G11310.1,22,0,9,723,751,744,236,-6.91668043438867,6.07350356750912,-6.41480850274214,0.000532355315505689,0.000742635665130437,-0.286025069782483,-120.817064981976
AT3G11490.1,1158,1097,966,26,46,29,237,4.99344410667963,7.56884436982302,21.2778921844186,3.68754780698933e-07,1.74377260703394e-06,7.57603857039148,31.8549155289409
AT3G12110.1,9841,10613,7321,632,692,528,238,3.89551384972224,11.2110559727543,19.8362281854103,5.7324578861468e-07,2.27956892031601e-06,7.1342511564963,14.8821787754461
AT3G12700.1,2277,2433,2519,1411,1189,1672,239,0.771127180434757,10.8483942440523,4.66274359651141,0.00295513453725687,0.00386174489880406,-2.1957308174737,1.7066026347384
AT3G13280.1,109,83,80,49,30,51,240,1.07167830696179,5.96866989291512,4.30875321738736,0.00438953710483408,0.00563071656206303,-2.63342707865426,2.10187708805709
AT3G13400.1,493,1010,637,4344,3987,2965,241,-2.44451530376735,10.6380400276345,-8.22131905927485,0.000127468302982136,0.000193280742021825,1.31040746367219,-5.44342735318247
AT3G14205.1,10067,9448,6910,1028,1028,1132,242,3.03270917505027,11.569683480728,16.8005976216538,1.62309554947717e-06,4.68491937867894e-06,6.06340190083463,8.18344993497785
AT3G15960.1,123,115,123,221,156,225,243,-0.714280653918535,7.27926486559304,-3.95711870170985,0.00662393836390075,0.00836234752727742,-3.08641508155097,-1.64066495724283
AT3G16320.1,1234,1216,1187,852,959,975,244,0.386566011832286,10.051292960746,3.04785398682389,0.0209345295243395,0.0251755764538393,-4.33588110024237,1.30727803704272
AT3G16565.1,898,843,751,16,6,14,245,6.0953856623276,6.64826228413596,17.7753336398263,1.14064568559614e-06,3.51646570476601e-06,6.43042512283695,68.3744615849429
AT3G16720.1,1649,1578,995,174,192,152,246,2.99066390175614,8.92901728147576,12.9249757110464,8.27274582905243e-06,1.7686560048319e-05,4.32605006824643,7.94839682823256
AT3G17250.1,1222,1106,1219,89,166,90,247,3.41265386625225,8.50077760946027,12.94667200624,8.1876331126222e-06,1.75719202955507e-05,4.3372643782714,10.6490576600877
AT3G18210.1,3095,3212,3216,150,137,201,248,4.29741818780451,9.48375598685393,24.3889174303204,1.56012912044165e-07,1.01226982465865e-06,8.41235204636213,19.6630905165932
AT3G18470.1,91,101,56,94,220,99,249,-0.657579015101284,6.67174861161506,-1.68037297154178,0.140987539775024,0.156715233455106,-6.29006855419575,-1.57743331240721
AT3G19350.1,2073,1646,1642,474,301,335,250,2.2878119727225,9.65140794146863,10.6925129747067,2.64169446570794e-05,4.80151632529327e-05,3.05615303326483,4.88314958549763
AT3G21580.1,2760,2545,2091,453,382,438,251,2.52994427132838,9.99358086858127,15.6998816610428,2.47718785763848e-06,6.5510465619065e-06,5.61864804276061,5.77549368101998
AT3G21700.1,162,75,69,30,33,25,252,1.66127993828044,5.74467292573299,4.8720104465675,0.00235863740172348,0.0031261749885076,-1.94559192782983,3.1629701446357
AT3G21820.1,786,685,622,42,92,91,253,3.27879580761239,7.80239307776191,10.1296698579176,3.66597603266275e-05,6.31362538958584e-05,2.69451051329793,9.70545471957374
AT3G22560.1,255,253,395,19,1,4,254,5.65806170569235,5.37698291610442,7.14549567829438,0.000288341556127461,0.00041467677401836,0.399207027644298,50.4947574860406
AT3G22680.1,325,192,216,50,64,38,255,2.24084701669381,6.78048863296764,8.18389087941691,0.000130937877616887,0.000198003619810902,1.28046817514988,4.72674493737732
AT3G22810.1,881,968,935,251,472,478,256,1.26949809266017,9.22370176052192,4.68933314842818,0.00287069653150407,0.00376020813281519,-2.16359541173052,2.41077681069111
AT3G22968.1,25952,24887,34291,362,220,297,257,6.60715466126432,11.4738762699153,28.4388776193666,5.90812290949528e-08,6.18401604546755e-07,9.30947516311591,97.4881298026997
AT3G23060.1,741,693,703,41,77,34,258,3.87549872975013,7.54008358440372,12.8504668525193,8.57289466997805e-06,1.811998191609e-05,4.28738877880642,14.6771375998814
AT3G23780.1,5220,5718,4788,293,372,228,259,4.15841946686622,10.2731790511626,20.07271905118,5.3210711420754e-07,2.21578932632692e-06,7.20937788858296,17.8570203717937
AT3G24065.1,254,293,254,6068,6162,6122,260,-4.51610131008262,10.3208437278927,-35.1206373562643,1.55149193974898e-08,2.79268549154816e-07,10.4455108681264,-22.8813665189536
AT3G24790.1,1577,1659,1928,1346,1264,1386,261,0.365426188976423,10.5621157202774,2.63148031191482,0.0368598102587124,0.0432096095049612,-4.93611941407868,1.28826214099616
AT3G25170.1,55,127,59,248,187,111,262,-1.20256672937907,6.83936520391157,-2.8605524158936,0.0269297657486545,0.0321085668541649,-4.60454561873537,-2.30148769536035
AT3G25250.1,526,383,284,0,0,28,263,6.97448625542764,5.10657012608967,5.34786594080715,0.00144431274317749,0.00193732334301211,-1.40002369400689,125.756246764259
AT3G25260.1,28475,27684,24061,53,52,47,264,9.01365809057972,10.1960858644391,65.6368423331031,2.91550063181702e-10,8.75281466784507e-08,12.9547241638736,516.870154959845
AT3G25280.1,1518,1485,1232,770,653,734,265,0.969582441435554,9.97323599243006,6.47646689533321,0.000504475312169266,0.000709061018111966,-0.225913054282993,1.95827373087579
AT3G25420.1,3901,3671,3235,5279,4676,4636,266,-0.434773880195491,12.0281683729153,-3.08702664051691,0.0198722635007638,0.0239497257741387,-4.2800654766597,-1.35169895882775
AT3G25540.1,762,817,616,23,20,45,267,4.67326035978959,7.1702441397471,14.8066149360639,3.5665736901382e-06,8.76717233082429e-06,5.23141855593137,25.5147634233319
AT3G25700.1,4939,4917,3839,53,114,54,268,6.01976822501471,9.13712986805152,18.7009417147483,8.2986243100067e-07,2.84087875152377e-06,6.75791516067305,64.8829821470743
AT3G25710.1,1790,1622,1056,58,75,50,269,4.57125355437989,8.21995874544892,17.8540516014993,1.10951954756118e-06,3.47815678392774e-06,6.45904558572627,23.7730244844652
AT3G26110.1,52,41,48,258,177,180,270,-2.08581329475966,6.62122255453222,-10.5323461970992,2.89518436819701e-05,5.14494546959851e-05,2.95514698570893,-4.24514341836294
AT3G26410.1,1891,1695,1618,547,439,399,271,1.91708537064842,9.79962534741085,11.5172479503264,1.67954987135634e-05,3.26546630040711e-05,3.55386276668916,3.7765931477142
AT3G26590.1,1560,1234,1198,648,541,761,272,1.03609839833928,9.85067283145175,5.51305427140384,0.00122662793362833,0.00164929731798701,-1.21795373322725,2.05067433628983
AT3G26990.1,4387,4627,5183,467,380,476,273,3.42450453310436,10.4928713875796,22.344533086937,2.70993446904949e-07,1.42655040917888e-06,7.87955027768526,10.7368920022573
AT3G27150.1,259,347,241,1,4,8,274,5.9641071499407,5.14600460708024,11.2725823464286,1.91497049685454e-05,3.59782335772671e-05,3.40998397701777,62.4273858899511
AT3G27440.1,37,47,42,34,50,15,275,0.485815469983458,5.17681052129722,1.17198948188058,0.283150673411137,0.304427891644344,-6.920721151354,1.4003771921413
AT3G27640.1,516,433,474,192,108,195,276,1.56400139993917,8.10711776868966,6.10600170362937,0.0007012066882786,0.000970901568385754,-0.593817007561317,2.95672773164811
AT3G27910.1,287,271,217,1,0,9,277,6.56788135752741,4.72458337705949,8.26985118593859,0.000123124917570776,0.000188229326039707,1.34905186746989,94.8700865041716
AT3G27980.1,167,189,210,129,127,143,278,0.496993135115375,7.31259417238128,3.42799696327843,0.0127468810282867,0.0155981570477718,-3.80098766382383,1.41126912804438
AT3G28750.1,527,984,593,5511,4634,3267,279,-2.69273763661997,10.7472665364776,-8.86580432302636,8.15411585708098e-05,0.000128895089185586,1.80790019838933,-6.46539107054224
AT3G28917.1,11669,12730,13328,34,28,40,280,8.50134665843273,9.36561200144657,50.2328026994306,1.59809433305795e-09,1.44362972215599e-07,12.0520330822512,362.376768399221
AT3G28980.1,260,356,249,608,284,165,281,-0.102228471014762,8.20893775059441,-0.220093152804867,0.832681923321066,0.844793660387554,-7.61059450696852,-1.07343026568703
AT3G30842.1,1471,1451,1325,1893,1914,1701,282,-0.374370619933773,10.653936228022,-2.88663837548163,0.0259945214213364,0.031059835017357,-4.5669690718568,-1.29627392786807
AT3G42830.1,272,260,169,212,250,171,283,0.132512048249573,7.77709533375102,0.545602370218576,0.603902051143063,0.631775857938948,-7.47053929132671,1.09620076624904
AT3G43505.1,1180,1065,889,909,826,829,284,0.281004239172823,9.87998004641695,1.82213678273917,0.115394846110146,0.129297839617392,-6.09687927031442,1.21504036213876
AT3G43520.1,6891,7595,6347,575,409,493,285,3.8253484188924,10.845264986957,22.194460773628,2.82747622361073e-07,1.44895123210231e-06,7.83796922270137,14.1757034036445
AT3G43540.1,7258,6638,6252,440,364,353,286,4.12288169663207,10.649438531452,27.6751402730847,7.0185786959371e-08,6.834129327883e-07,9.15439935048724,17.4225235111951
AT3G43920.1,13684,12445,11235,1783,1697,1477,287,2.91319735221553,12.1432490753143,19.6636420127538,6.05592796597817e-07,2.28571344157281e-06,7.07873507235895,7.53285809663615
AT3G44370.1,411,340,309,76,15,43,288,3.21667823404981,6.85041183680231,5.88348411173755,0.000860783974066011,0.00118596903093539,-0.822787693637849,9.29643923327486
AT3G45090.1,5465,5784,4520,1933,1540,1541,289,1.65306230497679,11.5257345777906,9.82655169445345,4.40352635950542e-05,7.46859485897879e-05,2.49170421005054,3.14500498744618
AT3G45870.1,1474,1614,1511,36,7,8,290,6.78889391528922,7.1875730800017,11.8027041699952,1.44582616644104e-05,2.88132500312179e-05,3.71791849227599,110.575956781849
AT3G48950.1,1500,1510,1620,1641,1546,1640,291,-0.0603969448124992,10.6220866665073,-0.495288484413662,0.637013921136985,0.664399566344743,-7.49952769245071,-1.04275262556053
AT3G49307.1,4907,4932,4790,5442,6391,5910,292,-0.275381438371392,12.3894507871156,-2.14463731615934,0.0730020461631165,0.0834736511455308,-5.64157578164899,-1.21031404539908
AT3G49500.1,3745,4311,4246,36,86,38,293,6.35323532000101,8.82255068678048,18.6409007537096,8.46767670611699e-07,2.86361430425047e-06,6.73725644023297,81.7550146755153
AT3G49540.1,141,189,138,564,609,357,294,-1.68001482215264,8.1195220112627,-6.69316960799708,0.000418865175072186,0.00059321514642203,-0.0180790512237037,-3.2043124310816
AT3G49660.1,1458,1686,1612,260,206,308,295,2.63122772246251,9.31323252188911,14.3555012830586,4.32192171686514e-06,1.01329088992048e-05,5.02604364348386,6.19553008022698
AT3G49680.1,8343,8011,6294,941,799,810,296,3.14248775577802,11.3002430590906,19.0353985205447,7.4252654886399e-07,2.5734771072429e-06,6.87156966473781,8.83045487367647
AT3G49730.1,473,497,512,29,41,30,297,3.86605195593308,7.01749408755792,22.6035376422075,2.52009312445959e-07,1.36712068398472e-06,7.95048064586753,14.5813456003204
AT3G49770.1,4,1,4,343,345,351,298,-6.5588228037338,5.16069679845847,-17.8165859425723,1.12421005292126e-06,3.50452072363165e-06,6.44544209022067,-94.2762718778781
AT3G50020.1,212,195,234,256,266,254,299,-0.278245835611417,7.88110172144106,-2.1077839360886,0.076920940891895,0.0877748159870704,-5.69440016616703,-1.2127194491669
AT3G50060.1,6407,11548,6215,281,285,373,300,4.63219746295774,10.5982044478338,16.6175638631346,1.73804753423271e-06,4.89813396011037e-06,5.99176428533695,24.7987837900867
AT3G50720.1,32,3,21,2116,1853,2108,301,-7.14758290814369,7.40840003340376,-9.53284885375253,5.28512413001335e-05,8.77708114448646e-05,2.28949101335518,-141.787143080632
AT3G51895.1,14040,13925,8814,43,37,36,302,8.2439279107177,9.42756812126212,37.5205907225384,1.0200123091179e-08,2.18910334033765e-07,10.7746099159585,303.158383891569
AT3G53000.1,1971,1971,1477,165,160,112,303,3.63139431834175,8.99107558312978,17.016295382066,1.49871845096882e-06,4.44341235369877e-06,6.14669134828481,12.3924911064933
AT3G53370.1,592,808,716,185,256,248,304,1.61764273443596,8.64374979800798,8.28911531662241,0.000121448014810651,0.00018617580292402,1.36433610525369,3.06873216437518
AT3G54100.1,2715,2846,2601,246,227,219,305,3.55509427647691,9.63175279132981,28.1219051538863,6.34234948053869e-08,6.31969823239391e-07,9.2458421488477,11.7541171429965
AT3G54550.1,674,602,713,843,994,891,306,-0.455337885397041,9.59918165865431,-3.23196128758704,0.0164203676720402,0.0199620156013038,-4.07486472155124,-1.37110388581892
AT3G54710.1,1278,1112,812,467,316,344,307,1.49966455563676,9.28621771161449,6.37605857126911,0.000550771893128267,0.000766410764003922,-0.32402862656636,2.82776955705795
AT3G54740.1,1960,1826,1609,163,86,141,308,3.82507903061671,8.89595372196552,14.8870202927398,3.44854194282711e-06,8.55837557756958e-06,5.2673102837284,14.1730566822797
AT3G54800.1,113,226,102,311,161,188,309,-0.613851872443027,7.4222389457678,-1.61081843673772,0.155457937865662,0.172114145494126,-6.38268862105058,-1.53033963536052
AT3G55320.1,5621,6049,5238,85,115,112,310,5.75674606661796,9.5798479373906,34.5354600520092,1.72596575662782e-08,2.91845118847978e-07,10.3597015154684,54.069610799154
AT3G55420.1,8416,9776,7999,32,51,21,311,8.01859512266119,9.07738604670954,25.4898323032508,1.1805244365922e-07,9.02373473449928e-07,8.6754367185549,259.320980495322
AT3G57220.1,2402,1889,1732,265,329,287,312,2.76077258006972,9.5775628404313,15.6214054909281,2.5557392410397e-06,6.72689856839695e-06,5.58561441002712,6.7775910065214
AT3G57270.1,13803,13429,14208,20180,18395,22287,313,-0.550435407323457,14.0287136525162,-4.11107220760445,0.0055192611118755,0.00703138744389618,-2.88586632912931,-1.46452762568198
AT3G58470.1,768,651,612,176,110,113,314,2.36679992509528,8.21503710608025,10.6422643751269,2.71836911368962e-05,4.89306440464132e-05,3.0246237045508,5.15795764046068
AT3G59640.1,1227,1170,1072,162,71,154,315,3.24275900189343,8.55297202126259,9.91662003262062,4.16791013944491e-05,7.11221363244728e-05,2.55257800816927,9.46602676906946
AT3G59790.1,554,534,575,857,816,840,316,-0.595108017310693,9.41410868997811,-4.95471801547877,0.0021611854398858,0.00287128922727685,-1.84847229166547,-1.51058568174049
AT3G61620.1,632,569,487,108,106,113,317,2.34969193690017,7.95569307689769,16.0274554999698,2.17800067976538e-06,5.84290566975519e-06,5.75457854931223,5.09715398212954
AT3G61740.1,1124,944,723,163,203,179,318,2.33263174979226,8.67359268920255,11.6266899586526,1.58514527597864e-05,3.10354759296871e-05,3.61723754253646,5.03723399367684
AT3G62130.1,1005,1192,946,85,89,103,319,3.48781865459876,8.28342851702367,22.4653075049372,2.61942722289968e-07,1.39203846702669e-06,7.91275554179466,11.2185837511473
AT3G62230.1,204,270,231,4182,3569,1851,320,-3.68909629627795,9.71775152680127,-11.4746060524052,1.71807214178614e-05,3.32876477471064e-05,3.52900697540196,-12.898186196756
AT4G00220.1,1606,1935,2200,5,0,6,321,9.09354781935416,6.34421305060333,12.443060604413,1.04536858531648e-05,2.1445429066419e-05,4.07180875389405,546.299320878888
AT4G00231.1,1837,1783,1557,292,331,245,322,2.57932989272086,9.46043521006324,15.7484966211819,2.4299237003392e-06,6.45665440375845e-06,5.63902005660396,5.97662031136865
AT4G00540.1,403,368,396,91,135,127,323,1.73588629621593,7.73828474721042,9.43524615907665,5.62176314966707e-05,9.25352164458473e-05,2.22100196777365,3.33084055811681
AT4G00550.1,1733,1661,1544,53,45,105,324,4.68187135333341,8.34305898092793,14.7666854994429,3.62691546066146e-06,8.87639836425042e-06,5.21351571071016,25.6675084219302
AT4G00570.1,22140,23356,16995,638,650,612,325,5.02432621244585,11.8208061454907,30.8048070342605,3.56216457748937e-08,4.96921958559767e-07,9.75400376679858,32.5441473759719
AT4G00610.1,82,129,172,297,323,282,326,-1.29054709805552,7.5892853730318,-4.7031465165777,0.00282789950219921,0.00371286569935802,-2.14694162048021,-2.44620802923874
AT4G00690.1,96,119,73,30,14,35,327,1.89508163199563,5.62454478514372,5.16450837303825,0.00173855753984694,0.00232641512526281,-1.60648531704526,3.71943022097277
AT4G00730.1,13384,14140,13589,688,1109,743,328,4.04744031152482,11.7183411374457,19.6391965339804,6.10342836549012e-07,2.28571344157281e-06,7.07082394769551,16.5348758884968
AT4G00780.1,132,147,210,1,2,1,329,6.13362416303872,4.26179958175975,24.4650520698761,1.52973314365384e-07,1.00422481665746e-06,8.43105387485844,70.210950944405
AT4G01840.1,1728,2134,1914,221,305,226,330,2.94683966287626,9.43287056354935,16.3715367164737,1.90768191860296e-06,5.24377591418943e-06,5.89404960249086,7.71058148167381
AT4G02700.1,1054,1049,640,46,25,20,331,4.91867848338976,7.34178790589404,13.9044169431456,5.2676654937446e-06,1.20961207634135e-05,4.81361213888409,30.2461263835964
AT4G03110.1,975,1086,1083,250,227,269,332,2.07259114625924,8.9967119615184,15.3030892955421,2.90525548422872e-06,7.43638789082397e-06,5.44971273287027,4.2064148675034
AT4G05470.1,4,2,4,97,184,156,333,-5.07063112100909,4.6115884573365,-16.1290591123704,2.09382926922503e-06,5.67163462246391e-06,5.79611017685041,-33.6056317720426
AT4G07507.1,54,60,54,234,116,205,334,-1.64664180957314,6.6544731596573,-6.01590617285978,0.00076139041868374,0.00105162340006318,-0.685784755263044,-3.13103971809366
AT4G08590.1,2029,2054,1739,1380,1251,1433,335,0.516570840495032,10.6607340068784,3.70377808376811,0.00901403882508914,0.0111526245330371,-3.42379692963953,1.43055090974099
AT4G09580.1,1515,1020,897,83,33,27,336,4.69508587923444,7.77658800164612,10.6121670676546,2.76551874436651e-05,4.94602390819395e-05,3.00566932357307,25.9036928514327
AT4G09900.1,3140,2753,2223,32,1,11,337,8.17796850814361,7.29876979409834,8.59851958133026,9.77963148435659e-05,0.000151584288007527,1.60561896677624,289.610180666195
AT4G10160.1,86,70,103,754,813,672,338,-3.11018339319817,7.98613514109725,-17.0048651720004,1.50502676496249e-06,4.44341235369877e-06,6.14230802187202,-8.63492348060464
AT4G10430.1,5036,4600,3793,206,126,250,339,4.56728984065021,9.83488331973253,16.5234945594032,1.80076639314101e-06,5.01469884100607e-06,5.95459722090876,23.7077992396375
AT4G10640.1,7025,6790,5277,175,153,168,340,5.24885807263943,10.0001282348578,32.399451246427,2.58718769777184e-08,4.01014093154635e-07,10.026006061564,38.0245184568816
AT4G11130.1,4336,4347,4577,330,327,230,341,3.91637708253491,10.1515180255479,21.7931664922888,3.17185439071612e-07,1.58026316966035e-06,7.72500259557765,15.0989579690677
AT4G11320.1,93,152,116,3,0,0,342,6.22744713798457,3.78039023565895,11.0345890453386,2.18109810597524e-05,4.05684247711395e-05,3.26702759386023,74.9287323003169
AT4G11400.1,282,210,244,2066,1807,2036,343,-3.00777884342163,9.43802121189136,-18.9084094613485,7.74374591910651e-07,2.66729026102558e-06,6.8286984886444,-8.04325156600028
AT4G11510.1,1041,1074,941,551,466,532,344,0.980349612373702,9.50143977926919,7.10632286455898,0.000297592536077136,0.000426880810105506,0.363921192537726,1.97294346003496
AT4G11940.1,49,50,36,482,429,567,345,-3.42936148351825,7.22325904088418,-18.032996380204,1.04233996783438e-06,3.34267644857233e-06,6.52356302707107,-10.7730995376956
AT4G12080.1,794,691,720,53,31,56,346,3.99183907024035,7.52517870722958,16.2883676767327,1.96929179044785e-06,5.38659225034266e-06,5.86064169525615,15.9097478990811
AT4G12140.1,168,119,160,160,193,265,347,-0.449141748599204,7.43746651096804,-1.88830156852135,0.105058322637526,0.118669117473157,-6.00499947243825,-1.36522784853861
AT4G12590.1,3267,3659,3400,149,249,238,348,4.04936456962874,9.72317221252727,18.1371663306551,1.00539834777917e-06,3.24428713710109e-06,6.56077722260783,16.5569447224288
AT4G12710.1,1745,1658,1617,158,83,155,349,3.71177643669664,8.85275575065677,13.8694069713803,5.35054576062654e-06,1.21837752018712e-05,4.79681767491706,13.1025566064722
AT4G12790.1,1353,1277,892,105,75,79,350,3.74247481558302,8.30382942875623,16.7892083457404,1.62998708893815e-06,4.68491937867894e-06,6.05897019817578,13.3843466909575
AT4G12870.1,131875,120552,108889,757,580,527,351,7.60926665614194,13.068914165049,41.9793057809436,5.00012531740295e-09,1.74379370444428e-07,11.3011403916437,195.261898919775
AT4G12900.1,131,42,81,3,1,2,352,4.74774945931916,3.9021955632333,10.5013889316,2.94734332509678e-05,5.22100817588572e-05,2.93545288011672,26.8667416486183
AT4G13110.1,2952,2821,2611,90,91,141,353,4.72010112650575,9.08708513517301,22.683125344641,2.46487666803474e-07,1.36712068398472e-06,7.97206730727878,26.3567599794621
AT4G13345.1,522,371,385,1,0,3,354,7.72076099487435,4.86038049743718,15.8246181692869,2.35799077840755e-06,6.2954969107723e-06,5.67077850713537,210.950543577506
AT4G13460.1,15457,15944,14568,3425,3637,3921,355,2.06629455982471,12.8693516412216,16.0942923372569,2.12220156756683e-06,5.7207172690932e-06,5.78193194905789,4.1880961380697
AT4G13495.1,1779,2237,2347,252,236,211,356,3.17440508726148,9.45375496968266,19.4672368571955,6.44999323058463e-07,2.38350743222929e-06,7.01483548209781,9.02799166928279
AT4G13955.1,620,549,553,1013,853,824,357,-0.638901691025103,9.48461065640645,-4.4189052125876,0.00387341328802527,0.00499160419103488,-2.49525432033937,-1.55714327073445
AT4G14690.1,15864,16401,12416,9666,11609,8888,358,0.565144922363594,13.5691518910988,3.17146471135205,0.0177751642606719,0.0215620470814237,-4.16025509236129,1.47953612492791
AT4G15040.1,1701,1769,1702,1973,1988,1875,359,-0.173922087156884,10.8390982723567,-1.4580421128059,0.19228758743921,0.211630125820669,-6.58002597164843,-1.12812121154915
AT4G15050.1,26576,22388,26915,11716,10875,13092,360,1.0876284642811,14.0777089411563,7.33742177099085,0.000247501407105205,0.000359650482199752,0.569838676135436,2.12524396641927
AT4G15080.1,5732,5518,4972,411,294,322,361,3.98956814118891,10.4036047459699,23.4575964419015,1.99460777201914e-07,1.17156961767019e-06,8.17714824785113,15.8847242546052
AT4G15380.1,102,110,85,0,1,1,362,5.96906038274514,3.65119685803924,19.807477097219,5.78493278270952e-07,2.27956892031601e-06,7.12504349601334,62.6420874006108
AT4G15900.1,6740,6717,6449,532,422,463,363,3.81571995477561,10.7880221677234,27.168002030958,7.88951448403769e-08,7.26659801140983e-07,9.04803963251158,14.0814105730792
AT4G15960.1,2887,2982,3082,7,8,11,364,8.29121165372203,7.39723499424884,45.6543059215313,2.93376970196293e-09,1.52138649531869e-07,11.6665007126447,313.258892487727
AT4G16180.1,4972,4429,4014,433,363,343,365,3.55618844810151,10.3432977664992,22.5078461146332,2.58838432394804e-07,1.38876774304135e-06,7.92439659658378,11.7630351051156
AT4G16380.1,39366,41133,39713,135,171,190,366,7.92631551230209,11.3268765641471,48.2592093496043,2.06187929311202e-09,1.44362972215599e-07,11.8943566233323,243.253290833445
AT4G16760.1,62606,59611,53553,15464,15238,14315,367,1.96283918904061,14.8539331463999,15.0193556822589,3.26394557611944e-06,8.1671822039222e-06,5.32592472374848,3.89828397453981
AT4G17486.1,780,937,908,374,310,313,368,1.39487367681533,9.07281627320949,9.28179134464706,6.20204689980112e-05,0.000101786534414383,2.11198087499953,2.62965525624428
AT4G18320.1,2179,2261,2445,40,28,33,369,6.06223616039517,8.13211669386292,36.1268410402618,1.29695723473086e-08,2.49552461027524e-07,10.5878206135206,66.8213006998983
AT4G18400.1,608,487,415,19,12,18,370,4.87039338237942,6.52529513334706,21.0291927184867,3.97072868044418e-07,1.83125455753233e-06,7.50251429504473,29.2505811312081
AT4G18800.1,5435,4600,3393,525,373,431,371,3.32137712668996,10.4409222137928,14.6816902322601,3.75932352658308e-06,9.09834527834017e-06,5.17523117381633,9.996181708627
AT4G18870.1,1083,1099,1003,1257,956,1089,372,-0.0441411124376465,10.0743973574577,-0.292551848430134,0.779159050287615,0.796283425019211,-7.58937933126239,-1.03106916447849
AT4G19120.1,49015,40322,20002,754,657,563,373,5.7021271003276,12.2050062036126,16.4887252275362,1.82460625521825e-06,5.04024896243457e-06,5.94079906488534,52.06085499986
AT4G20800.1,7939,8027,8560,15439,16038,16557,374,-0.969870235489179,13.4813723857372,-7.96622406366003,0.000153391541150778,0.000230087311726167,1.10395538767884,-1.95866441340767
AT4G20830.1,3561,4398,4322,1330,1313,1652,375,1.51677779412704,11.2346940389057,9.26713976363289,6.26095802900469e-05,0.000102430119706387,2.10148483883314,2.86151227205
AT4G21430.1,2009,2080,1976,33,20,49,376,5.94050057924234,8.01146244088911,19.1586221607384,7.13060089564755e-07,2.53431547756136e-06,6.91284435431549,61.4142091411366
AT4G21630.1,19610,18873,18532,67,42,39,377,8.60188039776587,9.91282542916287,38.4701916159817,8.70378611596697e-09,2.15612120690118e-07,10.8954249217637,388.529517571018
AT4G21760.1,3197,2950,1904,26,12,6,378,7.60094518964362,7.5546999756092,15.3158477491316,2.89022690951517e-06,7.43201205303901e-06,5.45521963469703,194.138870012986
AT4G22430.1,488,450,505,271,355,259,379,0.716034589218911,8.55320532302452,4.30509346581689,0.00440795390369732,0.00564137219785116,-2.63804845734911,1.64266078451353
AT4G23020.1,9590,9789,8458,44,46,23,380,7.96647521062113,9.19370575488672,28.5421702907239,5.77411636485861e-08,6.18401604546755e-07,9.32999267928438,250.119757019452
AT4G23110.1,20,36,21,815,865,1021,381,-5.12220854353028,7.24817174078014,-20.4794734625503,4.69061585875374e-07,2.02896406913534e-06,7.33609712220539,-34.8287923189059
AT4G24640.1,35,45,49,291,150,134,382,-2.05590058266063,6.47373134042166,-6.43881648185811,0.000521296511425955,0.000730862948180108,-0.262567008998063,-4.15803119737042
AT4G24740.1,691,635,619,71,16,26,383,4.33712008111306,7.17265182217524,8.6462979909247,9.46359978856659e-05,0.000147918450476755,1.6421881097596,20.2117184193683
AT4G25280.1,635,609,511,16,31,67,384,4.13020756841131,7.12341234503921,8.62857478963861,9.57944568294625e-05,0.000149310913158771,1.62864406283429,17.5112184735349
AT4G25440.1,531,591,600,31,8,23,385,4.91368982655929,6.70847408066747,10.7704366237187,2.52765315120874e-05,4.60924986396888e-05,3.10476350293443,30.141719723751
AT4G25530.1,4710,4832,4521,45,23,43,386,7.00510336581057,8.69187037471044,26.1801254838103,9.9711847668247e-08,8.06396528261744e-07,8.83267920833077,128.45358688617
AT4G26140.1,1742,1974,1945,580,766,580,387,1.56447277084887,10.0981935435284,9.55697524105881,5.20551461443353e-05,8.69663818818536e-05,2.30632017173673,2.95769393941193
AT4G26410.1,3572,3148,2431,370,353,304,388,3.13865979833674,9.98784535221972,16.8078110567494,1.61874816050401e-06,4.68491937867894e-06,6.06620696496222,8.80705574963694
AT4G26420.1,16306,15871,15262,84,33,44,389,8.28548138223016,9.80564298235432,24.9749736682167,1.34291789645927e-07,9.85920438794173e-07,8.55434097031206,312.017120491677
AT4G26640.1,2362,2652,2810,69,97,95,390,4.90257508360052,8.89427266239404,27.2102743588059,7.81232368072905e-08,7.26659801140983e-07,9.05701140126117,29.9103955336302
AT4G27740.1,105,72,98,1,4,5,391,4.5467370126381,4.24233203818856,10.6661878664749,2.68154957363737e-05,4.8581320197716e-05,3.039652905699,23.3724491292088
AT4G27890.1,1700,1578,1260,840,763,924,392,0.83687168938576,10.1340026359244,4.99001831399663,0.00208262120496647,0.002773514635731,-1.807318480794,1.78617283875012
AT4G29280.1,767,567,503,764,571,618,393,-0.100331109948971,9.28749540288307,-0.478667499899199,0.648160097702978,0.674763683802727,-7.50853463317039,-1.07201947127192
AT4G29530.1,766,750,653,28,26,20,394,4.82790425681516,7.08234743509751,28.1804747142631,6.25940692647345e-08,6.31969823239391e-07,9.25767702412552,28.4016778777594
AT4G29550.1,105,119,99,85,187,66,395,0.077241481036312,6.72093500613066,0.20387464148655,0.844808123675268,0.855540713268239,-7.61453520026864,1.05499889000825
AT4G29860.1,1027,1066,1005,29,88,40,396,4.43306918954361,7.79659327183614,11.4278231295276,1.76150977504627e-05,3.40111575943189e-05,3.501631195608,21.6016437203536
AT4G31060.1,504,679,735,4,6,19,397,6.15396045266718,6.2273839302777,12.1045930906097,1.23838405760123e-05,2.51279383324177e-05,3.88712570622125,71.2076557377119
AT4G31080.1,3107,3196,2719,167,121,97,398,4.57196671628969,9.26523822629713,20.6933270593687,4.3939784376548e-07,1.9614719745691e-06,7.40148655086878,23.7847790175853
AT4G31180.1,6215,5737,4638,409,322,465,399,3.79621485772419,10.52445962848,19.3218560299122,6.76080483502441e-07,2.46570529277361e-06,6.96703379896956,13.8923124422267
AT4G31720.1,600,500,445,78,38,23,400,3.60888080202206,7.19582222359787,8.51270917961156,0.000103780740658436,0.00016041455204268,1.53948292526117,12.2006051491513
AT4G31770.1,142,149,138,37,19,10,401,2.82611462434318,5.75615305449434,6.63146278499431,0.000441431135257491,0.000623591325249823,-0.0767226628099529,7.09161701107117
AT4G32110.1,22158,17492,16386,7767,6758,7066,402,1.36585187572473,13.4938605305425,8.35189502897818,0.000116161838064212,0.000179056092927708,1.41393007629234,2.57728463261396
AT4G32120.1,3279,3099,2843,475,399,420,403,2.83162932437913,10.1679314542393,20.3842311670007,4.8301279164556e-07,2.069053304824e-06,7.30670396052136,7.11877658410252
AT4G32500.1,1537,1584,1387,71,194,82,404,3.83453467300934,8.63469891868428,10.1700164627197,3.57893988690866e-05,6.20201384128892e-05,2.72106889337473,14.2662541296534
AT4G32850.1,5556,5903,5448,411,286,254,405,4.17786080528988,10.3708506995509,20.4984166085667,4.66342570406664e-07,2.02896406913534e-06,7.34192321342492,18.0992850584515
AT4G33830.1,1713,1111,1246,2034,1391,1315,406,-0.216454044023969,10.4903397609005,-0.884079854955544,0.40876979047286,0.435293021152397,-7.2129961260769,-1.16187433871025
AT4G33840.1,11128,10068,10759,10852,10754,11017,407,-0.0310137766717915,13.3931934186014,-0.255250607208558,0.806570303858097,0.819792767855771,-7.60103457300232,-1.02172983943284
AT4G34330.1,182,217,130,210,230,182,408,-0.257080301269622,7.56764253883428,-1.16450026832518,0.285960822306489,0.306268980512516,-6.92903483941658,-1.19505772063374
AT4G35050.1,1120,1184,987,123,202,241,409,2.58373789110969,8.80466743383706,9.78780511911805,4.50956480278025e-05,7.62526412106479e-05,2.46535477489187,5.99490915275274
AT4G35740.1,1655,1553,1556,96,74,86,410,4.20937864881811,8.5285810005863,28.7753071300424,5.48436576087892e-08,6.18401604546755e-07,9.37591231345037,18.4990419144945
AT4G35840.1,6804,5364,5218,48,21,32,411,7.45092133551493,8.76497252846112,24.4769660310001,1.52503879331618e-07,1.00422481665746e-06,8.43397343294469,174.964853443301
AT4G36220.1,1252,1427,932,65,30,87,412,4.39288739527337,8.01578438043089,10.95664813039,2.27732486669254e-05,4.19388539806746e-05,3.21954934432364,21.0082982104794
AT4G36590.1,631,396,360,858,538,557,413,-0.504048707837644,9.06290134465456,-1.75973146357915,0.126052130691456,0.140956090031728,-6.1825900403297,-1.41818791530662
AT4G36830.1,106,107,76,15,30,21,414,2.11650436674512,5.52946149304728,7.60790503798285,0.000200660919585474,0.000296213738435699,0.804147325300587,4.33641961638804
AT4G37690.1,1609,1411,1379,1291,954,1224,415,0.351169528810569,10.3400225349076,2.10171244988776,0.07758672803896,0.088353865807632,-5.70308780200695,1.27559427593623
AT4G38700.1,6684,6700,7334,9150,9399,10192,416,-0.471998684061447,12.9884839378055,-3.71297575359013,0.00891224481112033,0.0110511835657892,-3.41139143741144,-1.38702970396679
AT4G38960.1,1103,665,400,56,86,34,417,3.5767482411153,7.5900796295438,7.70179491312724,0.000186835358729164,0.000276536154299399,0.883847903598088,11.9318698494287
AT4G39390.1,3951,4290,3281,277,271,192,418,3.96565466320162,9.91578098201478,19.8212094771742,5.75980031590023e-07,2.27956892031601e-06,7.12944337273174,15.6235962075974
AT4G39650.1,34343,30518,35326,27096,24103,29571,419,0.312966492338688,14.8680748028173,2.17132325199925,0.0702914318724086,0.0805392586956961,-5.60323423147719,1.24225942905367
AT4G39690.1,4055,3567,3204,553,393,491,420,2.91818066252831,10.3518598282124,16.14797544004,2.07857604539423e-06,5.65778260160967e-06,5.80381004328434,7.5589228402838
AT4G39753.1,55,54,56,63,58,87,421,-0.306823339417379,5.96061321962436,-1.68513638382637,0.140045023331358,0.155978289458877,-6.28366920976848,-1.23698099888185
AT4G39955.1,4192,4934,4507,116,119,160,422,5.11090036368528,9.59150757961148,29.4169857910779,4.76976182742884e-08,6.04892522660294e-07,9.49957294821299,34.5568632443563
AT5G02630.1,1405,1240,1130,129,52,59,423,4.07362420999751,8.25587172606548,11.6765116950039,1.54420123153573e-05,3.04642956929223e-05,3.64589028658085,16.8377120542251
AT5G02880.1,14454,14656,14532,708,573,611,424,4.53123051592408,11.562927453498,33.1373624605467,2.24301818544338e-08,3.68118866905119e-07,10.1450657013935,23.1225806313892
AT5G02970.1,10900,10492,8452,466,473,372,425,4.50516879384812,11.0189356665451,26.1799654626518,9.9715699731291e-08,8.06396528261744e-07,8.83264341635652,22.7086304303814
AT5G03020.1,462,395,495,200,155,317,426,1.06302814946706,8.28129302984204,3.85287109429904,0.00751033740830343,0.00939532628235639,-3.22415026505407,2.08931229141497
AT5G03100.1,790,934,710,173,211,133,427,2.24436968266583,8.53450255495615,10.5882563278696,2.80364729551046e-05,4.99819549806656e-05,2.99057384399537,4.73830045528576
AT5G03240.1,36413,35215,42573,7921,6240,6338,428,2.48152800802188,13.9705140156492,15.452225848889,2.73505959521332e-06,7.06557062096775e-06,5.51377012421988,5.58488667993439
AT5G03280.1,21814,22598,19570,1331,1113,1314,429,4.09055835091454,12.3325321649876,28.6786148494907,5.60244978569345e-08,6.18401604546755e-07,9.35693254174793,17.0365151047293
AT5G03370.1,2978,2828,2096,422,242,400,430,2.91467174418724,9.88959746648717,11.0211402058896,2.19736329547087e-05,4.06002887043956e-05,3.25885871675378,7.54056039152212
AT5G03800.1,1449,1347,1342,285,256,381,431,2.18225361383453,9.33876837825327,12.0686915501411,1.26116624984935e-05,2.54974915730413e-05,3.86722835329893,4.53861972136168
AT5G04560.1,11109,13250,12815,627,502,681,432,4.36545999290838,11.410284419028,26.0039846849279,1.04057998049438e-07,8.29490898736945e-07,8.7930989729888,20.6126772279844
AT5G05120.1,615,511,659,41,46,40,433,3.77621682528874,7.32292783900253,24.6907238999391,1.44357782411747e-07,9.998092789306e-07,8.48603585705817,13.7010715572346
AT5G06020.1,115,71,97,155,154,160,434,-0.749942553855337,6.92250989048937,-3.78668247745705,0.00814074418123634,0.0101170050181066,-3.31239953605031,-1.68172586514882
AT5G06030.1,82,110,53,110,114,82,435,-0.363534182926968,6.48988135808365,-1.24878290614909,0.255666356760483,0.277013256451164,-6.83354363293082,-1.28657377156027
AT5G06380.1,126,57,64,154,131,73,436,-0.553646131777818,6.56650089753164,-1.3949224997436,0.209728727305908,0.229018845081598,-6.65873844418048,-1.4677905681543
AT5G06500.1,1792,2092,2100,537,735,691,437,1.61557475651559,10.1510048936746,9.46497414717733,5.51669028286676e-05,9.10743543739542e-05,2.2419319560481,3.06433655471266
AT5G06670.1,4375,4805,4349,463,445,555,438,3.2116652245915,10.5317732682195,22.1908343387889,2.83038860751167e-07,1.44895123210231e-06,7.83696000241867,9.26419245694282
AT5G07430.1,332,569,277,1022,869,679,439,-1.17323846925741,9.13766508424433,-3.85244570027257,0.00751421288141537,0.00939532628235639,-3.22471547398336,-2.25517356080467
AT5G07460.1,1819,2003,1279,188,173,115,440,3.41905023599042,8.997247423061,13.1550868293629,7.41942455714603e-06,1.61091007894455e-05,4.44400281557302,10.6963764145856
AT5G08360.1,500,360,360,65,30,24,441,3.4393100758165,6.9338039110816,9.11482472606635,6.91296424831549e-05,0.000112134710772094,1.99145691560848,10.8476458286224
AT5G09490.1,507,531,431,375,474,487,442,0.140581577325996,8.86266075281594,0.844225412146406,0.42909536001214,0.45606706835576,-7.24856937741123,1.10234940396098
AT5G09900.1,4275,5192,4712,402,490,409,443,3.44437775715851,10.4800873260286,22.7653335582362,2.40930411626084e-07,1.35797141098338e-06,7.99426272877121,10.8858168026347
AT5G10220.1,1103,708,604,993,763,659,444,-0.0272984925547384,9.61996844833725,-0.0999175293601095,0.923479938075733,0.926801808356581,-7.63268896636626,-1.0191020262738
AT5G10440.1,408,331,373,506,516,410,445,-0.361655355607882,8.71345798586271,-2.26987634323468,0.061140322718959,0.0703428867570703,-5.46108749555605,-1.28489935211081
AT5G10950.1,3728,4159,4300,966,1169,893,446,2.0145337985386,10.9785322043129,12.9142785341587,8.31508474074372e-06,1.77092262799046e-05,4.32051374471683,4.04049990265783
AT5G11310.1,389,495,394,96,86,94,447,2.19150784027805,7.63332456892796,14.4528281978806,4.14447605935139e-06,9.79922729287321e-06,5.07093793267258,4.56782645725685
AT5G11460.1,900,812,728,39,75,40,448,4.02162074308882,7.65327957586076,14.5828688484613,3.92033413461996e-06,9.3484890902476e-06,5.13041535915334,16.2415874502079
AT5G12840.1,1526,1399,1395,350,248,343,449,2.21106159258803,9.38606209865226,12.5847138363744,9.75043300381347e-06,2.01508948745478e-05,4.14757939235416,4.6301585378434
AT5G13620.1,203,192,214,186,178,204,450,0.100961630723898,7.6205442609144,0.776060320800155,0.46553571073362,0.49105657200257,-7.30633960472219,1.07248809302199
AT5G14620.1,881,1066,878,26,8,24,451,5.68500998938162,7.03206122581764,13.2990578963122,6.93716621689686e-06,1.51208544883924e-05,4.5167101331616,51.4468196298543
AT5G15140.1,50,35,27,214,210,194,452,-2.47563902885828,6.45438793625294,-10.6310973222389,2.73575449520126e-05,4.90852414251545e-05,3.01759710835306,-5.56213603219554
AT5G15380.1,97,94,63,17,0,39,453,3.23090411870549,4.77940309146264,2.49372106911979,0.0446389354315153,0.0521098869681706,-5.13630377233818,9.38856144314072
AT5G15470.1,8367,8355,5031,237,235,225,454,4.91951344836945,10.3256366492131,21.7092660963722,3.24984365243291e-07,1.60479005137837e-06,7.70105110157273,30.2636365053129
AT5G16360.1,132,81,78,87,30,42,455,0.958907501523368,6.09275131200377,2.29642323435808,0.0588908477380143,0.0680353893122401,-5.42267735172489,1.94383734272279
AT5G17320.1,3645,3696,3808,825,663,713,456,2.34487235999809,10.6873754022642,16.9361051414353,1.54362827114725e-06,4.53339250157982e-06,6.11586821839209,5.08015445220529
AT5G19175.1,82,106,63,1112,808,956,457,-3.5220341555033,8.13318588366767,-15.2382240777306,2.98307008596487e-06,7.56615049076545e-06,5.4216367219496,-11.4878280536941
AT5G19600.1,1612,1286,1263,251,190,109,458,2.98434644816437,8.9375293791023,9.47700086209474,5.4748236073571e-05,9.06513819853193e-05,2.250382019396,7.91366748758144
AT5G20810.1,965,1070,967,217,228,231,459,2.14470542428639,8.89414241481034,17.1971090274355,1.40287657423962e-06,4.20862972271886e-06,6.21558549587492,4.42201961400351
AT5G21150.1,27677,27578,24298,2195,2197,2115,460,3.60886066789969,12.8876843079727,28.381186456401,5.98453165690408e-08,6.18401604546755e-07,9.2979691672167,12.2004348797901
AT5G21930.1,2261,2413,2478,356,333,222,461,2.9972504248027,9.72008669787584,14.4916438616056,4.07606087959738e-06,9.67847647155463e-06,5.08875164017047,7.9847676376221
AT5G22020.1,4645,4975,4335,32,48,22,462,7.12067577692087,8.62122652830399,25.5027807445926,1.17674298400801e-07,9.02373473449928e-07,8.67843949098159,139.167234861863
AT5G22200.1,2259,2406,2735,63,3,89,463,6.43370896744442,8.04747218249877,5.66937055617007,0.00105421719174613,0.001428722319471,-1.04901960952484,86.4449012600359
AT5G22440.1,4624,4615,4155,2078,1803,1711,464,1.26284014844194,11.4914616250593,9.02096510585248,7.35344500771141e-05,0.000118248481680201,1.92281387884976,2.39967686424312
AT5G22920.1,5618,12121,16566,585,398,322,465,4.62235680840906,11.0346424526507,10.6564484008365,2.69646952744609e-05,4.86935273888324e-05,3.03353834095871,24.6302063302747
AT5G23210.1,71603,73216,70024,4948,5403,4203,466,3.89098194041862,14.1822510502609,26.9431639455696,8.31519336214405e-08,7.43232654399403e-07,8.99999046514297,14.8355030317508
AT5G23340.1,2658,2296,2381,175,132,135,467,4.05266133523696,9.22705629941476,24.8225818196083,1.39583718037168e-07,9.85920438794173e-07,8.5178515940531,16.5948229839355
AT5G24240.1,13922,12327,12113,1916,1651,1619,468,2.88760354486639,12.1959386693864,20.5405482726789,4.60360178956639e-07,2.02268488077011e-06,7.3548573583758,7.40040150150973
AT5G24380.1,372,505,409,268,241,300,469,0.660520072621358,8.40490846184099,3.85448117138315,0.00749568906862974,0.00939532628235639,-3.22201123311052,1.58065232544681
AT5G24460.1,4472,4641,4627,410,386,481,470,3.4305524411335,10.4459674459188,24.6570770568542,1.45606046159317e-07,9.998092789306e-07,8.47788086923994,10.7819964991418
AT5G24810.1,24135,23356,17470,1429,1230,1369,471,3.99858875204218,12.3884192613538,23.1085353228607,2.19240581575373e-07,1.25393951963974e-06,8.08581930874188,15.9843564118577
AT5G25410.1,734,472,627,9913,8164,9622,472,-3.93361405512785,11.2007795482155,-19.6537505673349,6.07509659144428e-07,2.28571344157281e-06,7.07553540474713,-15.2804386642992
AT5G25950.1,968,764,854,1144,884,1106,473,-0.274551877322622,9.88375907291743,-1.63508206279776,0.150256766098388,0.166686432371571,-6.35055835789129,-1.2096183053062
AT5G26250.1,1113,1063,746,918,894,785,474,0.151243319977064,9.83163846855495,0.781571588000014,0.462511160767837,0.488790203993282,-7.30181663317185,1.1105261153451
AT5G26630.1,673,620,521,665,691,537,475,-0.0608362404307989,9.26473819887281,-0.357252731864862,0.732439003145222,0.754060818736225,-7.56551418135524,-1.0430701884514
AT5G26650.1,4213,4065,4131,47,66,55,476,6.19486234143019,8.91690004179394,38.5370279647039,8.60840596268605e-09,2.15612120690118e-07,10.9037401557166,73.2553560909327
AT5G26700.1,290,495,297,1559,1126,849,477,-1.70622699039653,9.30586021978404,-5.58579265774235,0.00114272231241416,0.00154392021870969,-1.13894228253784,-3.2630633360237
AT5G27910.1,219,202,161,171,157,124,478,0.36357194868439,7.41372923685596,1.90475629408698,0.102632674242637,0.116164365572802,-5.98200394617869,1.2866074509364
AT5G27960.1,403,426,489,245,136,217,479,1.17473692276606,8.19027876574192,4.81743061441915,0.00250001278070006,0.00329011115950621,-2.01022068321488,2.25751711102529
AT5G28000.1,811,796,735,1081,1223,1210,480,-0.583840662993714,9.90103159390774,-4.50603403437642,0.0035129545076463,0.0045436656211522,-2.38722602542477,-1.4988340553905
AT5G28530.1,1858,1853,1842,89,109,132,481,4.07869389794007,8.81551203075521,23.4748008443694,1.98540493886329e-07,1.17156961767019e-06,8.18160381148956,16.8969845281963
AT5G28646.1,97,155,100,47,50,18,482,1.68433606319767,6.01060648364425,4.01006916563518,0.00621853100331868,0.00786834535113793,-3.01705159029776,3.21392455546744
AT5G32619.1,260,286,191,4192,3401,2946,483,-3.83773015388902,9.84479021826675,-17.7988888671917,1.13122716864763e-06,3.50680422280766e-06,6.43900483079906,-14.2978880267009
AT5G34940.1,8089,7864,7506,6130,6337,5553,484,0.382048569923175,12.7413676501315,2.99751742250703,0.0223901972343576,0.026810579520969,-4.40780613219274,1.30319102199096
AT5G35490.1,87,85,72,18,9,11,485,2.6402342743891,5.03838984021192,10.2975694177302,3.31899966646894e-05,5.80564831940335e-05,2.80437360238308,6.23432892676961
AT5G37290.1,981,787,732,271,156,138,486,2.19275858634647,8.59672084746173,7.78248477607015,0.000175818229562161,0.000262317037689,0.95168835723474,4.57178825657349
AT5G37420.1,208,242,142,37,34,76,487,2.04934863379387,6.57267334059142,5.73038722986759,0.000994492932831267,0.00135988793759742,-0.983947700294856,4.13919045935768
AT5G37560.1,358,345,389,1,3,1,488,7.1765995250698,4.92163309586823,24.6218749821368,1.46925377907364e-07,9.998092789306e-07,8.46933301419198,144.667748976686
AT5G38140.1,360,370,270,7,3,6,489,5.76864150760141,5.48677239448657,19.7105106797125,5.96604531357989e-07,2.28017348286135e-06,7.09386962885565,54.5172735135261
AT5G38195.1,3345,3375,2462,3603,3427,2380,490,-0.0267882546506257,11.5785680710735,-0.119918379618063,0.908240236986119,0.913149643672531,-7.63015612524822,-1.01874166422456
AT5G39260.1,67348,60134,63797,93700,94703,94217,491,-0.564706624587711,16.2411899053793,-4.61396797539818,0.00311735377081333,0.00406421356101364,-2.25494801427211,-1.47908670292312
AT5G39440.1,772,659,542,1038,870,829,492,-0.479673722587446,9.58832192995206,-2.62908956482001,0.0369819072000592,0.0432618537057296,-4.93959095497189,-1.39442826920387
AT5G39560.1,173,178,195,343,394,359,493,-1.00078585895602,8.01421596855407,-7.58355480589921,0.000204435009370479,0.000300988747305349,0.783341648158386,-2.00108972860868
AT5G40570.1,906,899,789,63,149,92,494,3.16549042440204,8.17207104606899,10.2390768956294,3.43541077689554e-05,5.97183555609879e-05,2.7662955565994,8.97237814282994
AT5G40600.1,863,787,711,77,46,54,495,3.74377398950723,7.7456705894418,17.2818444136232,1.36040818459653e-06,4.10328522705332e-06,6.24758606663813,13.3964049745508
AT5G40680.1,729,565,766,4311,3435,5014,496,-2.62439870176277,10.7253639055821,-12.9724855418785,8.08767943767929e-06,1.74244213367762e-05,4.35058137045876,-6.1662727364007
AT5G41260.1,1503,1488,1395,64,205,133,497,3.58894752859998,8.71945960785647,8.90916944064882,7.92069858778268e-05,0.000125918798062186,1.8401994487727,12.0331923510956
AT5G41610.1,6484,7712,7368,1077,1048,1021,498,2.77236682891577,11.421556716547,21.0184845706331,3.98347447078548e-07,1.83125455753233e-06,7.49932428766994,6.83227871339888
AT5G41750.1,1655,1641,975,34,64,21,499,5.23146008607643,7.81942419257512,12.2571716152822,1.14670024322136e-05,2.33525086028291e-05,3.97102346554913,37.5687207366013
AT5G41830.1,841,832,792,25,16,14,500,5.45207766971199,6.95763655318931,24.3297693612406,1.58422562243791e-07,1.01608953714983e-06,8.39776918778951,43.7762864253183
AT5G41850.1,903,1036,1062,92,80,146,501,3.2712079546435,8.32849769693142,13.4366307776622,6.50979029148958e-06,1.44663102056678e-05,4.58541886832681,9.65454289393771
AT5G42235.1,20002,15902,15194,3343,3002,2641,502,2.50309550169854,12.7938686318109,14.6771703830421,3.76651928189351e-06,9.09834527834017e-06,5.17318855569135,5.66900484321277
AT5G42670.1,665,744,556,59,51,61,503,3.49349395854144,7.60058918731622,21.3603300697722,3.59887939478809e-07,1.7163886344374e-06,7.60017358563728,11.2628025681055
AT5G42690.1,4985,3506,3501,11,7,10,504,8.59641937727314,7.64634106175605,37.8945238139108,9.57791169707485e-09,2.15612120690118e-07,10.8227877283897,387.061600301158
AT5G42930.1,8106,7361,5906,86,42,102,505,6.60111186033503,9.4857921894122,19.1724257220062,7.09844124009527e-07,2.53431547756136e-06,6.91744817090534,97.0806498259538
AT5G43420.1,512,553,394,2,1,5,506,7.1907803410928,5.3186985043605,17.8831162665852,1.09827562238321e-06,3.46236043666572e-06,6.46957585910446,146.096756717934
AT5G43780.1,6738,8053,7700,338,464,389,507,4.24369332194675,10.7463662219338,25.2551556966966,1.25155369220174e-07,9.43739135471041e-07,8.62065390877217,18.9443183105008
AT5G45980.1,289,314,253,322,533,335,508,-0.440200637995288,8.37603425072244,-1.91676600546574,0.100897320284054,0.114432326663622,-5.96518610340194,-1.35679300578407
AT5G46230.1,685,586,305,82,84,100,509,2.4780091505797,7.71988519203532,7.89796846851028,0.000161317450386928,0.000241327445887146,1.04774607047654,5.57128125952146
AT5G46540.1,24688,25196,21619,7472,7697,7157,510,1.67651448251922,13.6992841049894,12.7975364795883,8.79374407845519e-06,1.8447027051797e-05,4.25978266397826,3.19654739006674
AT5G46810.1,14167,11945,13690,18041,16256,17670,511,-0.387137480296687,13.8854116430215,-2.85095239794189,0.0272829429486267,0.0324603031243789,-4.6183857225511,-1.30779596781255
AT5G47175.1,73,43,27,49,57,77,512,-0.436999832480232,5.71057988501473,-1.1725405628011,0.282944818039112,0.304427891644344,-6.92010804461008,-1.35378612185642
AT5G47620.1,4249,4888,4361,349,273,259,513,3.94257795424667,10.1618259797304,24.0160873186032,1.71943664434963e-07,1.09027914493988e-06,8.31963840668163,15.3756761986255
AT5G47770.1,9603,8419,7000,995,922,845,514,3.16922229154721,11.4295120200515,19.1260136665363,7.20724278754973e-07,2.54534270598275e-06,6.90195285435747,8.99561733500106
AT5G47790.1,5045,5222,4442,304,258,176,515,4.34394221171292,10.0843308625964,19.2953252606994,6.81937335697198e-07,2.47091580077297e-06,6.95826373174324,20.307520726275
AT5G48650.1,13645,13989,13104,422,391,356,516,5.12237487165485,11.1675220895822,39.0729041263347,7.88586369899302e-09,2.15612120690118e-07,10.9695403223924,34.8328079573422
AT5G48670.1,428,394,371,111,83,71,517,2.18003471513112,7.54654980632512,11.2273186861931,1.96257222570421e-05,3.67488356356695e-05,3.38302641969287,4.5316445834539
AT5G48970.1,1623,1547,1492,152,171,144,518,3.31398747868482,8.94484763514563,24.9345248722666,1.35673457916599e-07,9.85920438794173e-07,8.54468492101126,9.94511103610137
AT5G49040.1,2879,3290,3816,582,650,651,519,2.39726430602412,10.4928301398778,15.4719101069136,2.71346634776921e-06,7.0423917304894e-06,5.52217392809655,5.26803271910479
AT5G49160.1,1197,1409,1301,186,206,161,520,2.818057984323,8.93577279891869,18.5552562056394,8.71574692567201e-07,2.92975107501505e-06,6.70765133313611,7.05212469423005
AT5G49810.1,27711,25866,20477,1951,1752,1871,521,3.72070773306425,12.7192579791674,23.1653437474828,2.15872241143566e-07,1.25393951963974e-06,8.10080448898041,13.1839222369625
AT5G49830.1,15454,16820,14674,973,1130,1155,522,3.84958263774833,12.0068202717318,27.6225243727311,7.10357528704685e-08,6.834129327883e-07,9.14349247050122,14.4158363911753
AT5G49890.1,5869,5740,5317,813,929,975,523,2.64072998743394,11.1406014029918,19.3698302883673,6.65636651861497e-07,2.44358718249155e-06,6.98285559043922,6.23647142333926
AT5G49900.1,9490,8707,6772,315,233,200,524,5.06695073340917,10.4752077530177,22.6506425969514,2.48724206144308e-07,1.36712068398472e-06,7.96326874599902,33.5200113728295
AT5G50470.1,24,2,12,978,962,1027,525,-6.64097439266802,6.630239999213,-9.14358428461158,6.78410782622248e-05,0.000110365369301229,2.01236053433778,-99.8004484155027
AT5G51450.1,2792,2414,2269,58,52,46,526,5.55624385285956,8.49983937829734,35.7625125646154,1.38309910279268e-08,2.57256433119438e-07,10.5370396690788,47.0539474291788
AT5G52610.1,1864,1771,1706,374,314,414,527,2.28214927224018,9.65671541278836,15.0812752820134,3.18150271490929e-06,7.99675006720443e-06,5.35315673746564,4.86402037536955
AT5G53150.1,3334,3662,3426,1936,1898,1771,528,0.894405396997305,11.3144678042679,7.17599176674464,0.00028136634584684,0.000405691010290792,0.426568294349627,1.85884360977671
AT5G53250.1,2159,2275,1984,1671,1377,1230,529,0.594229793372698,10.7642263471096,3.67905051252432,0.00929410504991688,0.0114736960571983,-3.45720589128628,1.50966640998567
AT5G53870.1,4075,3522,3933,4090,3778,5214,530,-0.171056608205278,11.9912977500824,-1.01590937395639,0.34668446619077,0.369885147484608,-7.08647250916196,-1.12588276245286
AT5G54067.1,207,200,156,251,182,164,531,-0.0710632726060423,7.58423568904024,-0.334792987823787,0.748529305834896,0.769206910968457,-7.57431899341329,-1.05049061460739
AT5G54095.1,72,89,42,1178,897,636,532,-3.74037559668847,7.90616860164817,-10.8823546370244,2.37361821761437e-05,4.34255398501253e-05,3.17398339110699,-13.3648857229085
AT5G54350.1,13,12,12,1989,1757,2057,533,-7.17902165970953,7.32558894930136,-54.4785150770658,9.5396011873779e-10,1.44362972215599e-07,12.3533112581132,-144.910835053325
AT5G54360.1,6,8,6,757,654,880,534,-6.63992283265294,6.24817303151231,-36.9422969979462,1.12568158483274e-08,2.24332258691668e-07,10.6985138476011,-99.7277317841478
AT5G54650.1,6008,5772,5436,1074,971,1027,535,2.48535061068775,11.242861304436,19.7838520348745,5.82846737951656e-07,2.27956892031601e-06,7.11746531888963,5.59970416407075
AT5G55690.1,33,27,90,0,0,0,536,5.46753746783555,2.73376873391777,12.6266555077186,9.55277279704044e-06,1.99642218005564e-05,4.16984582238761,44.2479118467308
AT5G56430.1,171,102,110,170,150,137,537,-0.285866854251241,7.11199380987076,-1.25322242648454,0.254150248250097,0.275906300629482,-6.82839974473276,-1.2191425747032
AT5G57900.1,4786,5000,5374,121,123,119,538,5.37104392541108,9.61613004389163,43.5987940124867,3.93144254415115e-09,1.56696067116881e-07,11.4689918546365,41.385225847871
AT5G58030.1,2366,2403,2263,138,87,80,539,4.55550024001075,8.91715768475385,20.2062614793717,5.10386895610843e-07,2.14132246429211e-06,7.2513255116059,23.5148502571119
AT5G58550.1,1592,1989,1961,108,147,154,540,3.76014349916515,8.96465911480928,19.7432429806234,5.90418599993901e-07,2.27956892031601e-06,7.10441352869699,13.5492726232941
AT5G58760.1,823,508,406,267,269,239,541,1.09903732480268,8.56611712344038,4.0943530633175,0.00562872742546997,0.0071545100305518,-2.90747910748491,2.14211706562278
AT5G58840.1,19611,19698,17152,23396,26842,22830,542,-0.371181181207476,14.3827429641917,-2.65269496540166,0.0357948175388396,0.0421382029254694,-4.90532091338902,-1.29341135506779
AT5G60440.1,1144,955,945,1176,1208,1097,543,-0.197821469662774,10.0814757562662,-1.41082831428077,0.205203291858265,0.225400466253764,-6.63907338892669,-1.14696508103844
AT5G60760.1,1134,1439,2240,1423,1460,1524,544,0.0690630636369463,10.555554005521,0.268837156306261,0.796549196890518,0.811084766176841,-7.59696886160859,1.0490351823995
AT5G61490.1,202,216,187,28,68,59,545,2.03602665126435,6.64247867480359,6.13491098428514,0.000683053084972157,0.000948118461230009,-0.564517702580187,4.10114471232099
AT5G62140.1,447,446,309,59,73,81,546,2.4712381275532,7.39358438572845,11.7578672689395,1.47992960010394e-05,2.93879258668327e-05,3.69241553608455,5.54519474272955
AT5G63230.1,984,961,1096,406,312,307,547,1.5758434788744,9.19648519673512,9.70483138003479,4.74665318000402e-05,8.00191079891917e-05,2.40859717782471,2.98109733031369
AT5G63740.1,176,150,138,406,496,424,548,-1.51078489824067,8.03037623649753,-9.56479955116834,5.17999297101653e-05,8.67998822170338e-05,2.31176944696022,-2.84965032180088
AT5G64400.1,6905,5765,4514,782,512,449,549,3.31934510286713,10.8028274528053,12.5568408558378,9.88439617573318e-06,2.03523729374875e-05,4.13273958912003,9.98211208162361
AT5G64430.1,19210,23677,23817,251,239,245,550,6.49132807803667,11.1878923805009,45.4962354741777,2.99914900510853e-09,1.52138649531869e-07,11.6518925196914,89.967253613353
AT5G65160.1,1388,1813,1407,32,56,49,551,5.06769363994976,8.04089359440752,20.8852683014511,4.14605707684296e-07,1.86572568457933e-06,7.45946887744739,33.5372767322488
AT5G65870.1,1367,898,612,10,14,7,552,6.37448362328177,6.64268254972282,17.9007289698642,1.09152599860548e-06,3.46063356376056e-06,6.47594732695669,82.9680298449117
AT5G66100.1,1303,1309,1308,169,127,160,553,3.1060069394496,8.79977274114224,20.2828481280818,4.98392907922028e-07,2.10684274712493e-06,7.27522980413213,8.60996241260595
AT5G66250.1,2189,2456,2092,45,36,53,554,5.63428368975233,8.31310945282597,31.3854720876756,3.164716297773e-08,4.52797870296753e-07,9.85546365880612,49.6693406305297
AT5G66750.1,1398,1280,1117,327,373,334,555,1.86915857683291,9.36540053836674,12.8105634729939,8.73878775227411e-06,1.84009191161092e-05,4.26658792107803,3.6531945264722
AT5G66910.1,4710,4369,3453,127,169,121,556,4.90305309162807,9.56490263704756,24.8307643650964,1.39293522970498e-07,9.85920438794173e-07,8.51981848529481,29.920307384443
AT5G66985.1,378,790,434,2,0,0,557,8.45783233755294,4.75723700235019,16.7353067629122,1.6630638887271e-06,4.73464107096797e-06,6.03794993291049,351.610011113086
AT5G67620.1,12092,14784,15151,717,773,963,558,4.1013442269503,11.7163118222076,23.50580400702,1.9689445552596e-07,1.17156961767019e-06,8.18962219641528,17.1643607960003
