AT1G02790.1,159,396,287,681,999,1426,1,-1.91111117989646,8.99717168777244,-4.81171129932263,0.0022889776537911,0.00297727163360242,-2.07421360143462,-3.76098663566236
AT1G02940.1,2312,2368,2569,2790,3116,2967,2,-0.291539849118191,11.3834914838783,-2.50379001768793,0.0427897891359778,0.0495367268420656,-5.24059304423582,-1.22394594977817
AT1G04445.1,1379,1515,1155,1074,1110,1058,3,0.311727117493016,10.2346138653659,2.24891128608897,0.0615927167206579,0.0701402774084226,-5.61493478938481,1.24119270052709
AT1G04540.1,2125,2387,2311,527,337,571,4,2.28176459762585,10.0092639296193,10.6021972682608,2.20331058142625e-05,3.65906935844003e-05,3.10201891936378,4.86272362471585
AT1G05160.1,4339,4622,4479,3107,3144,2585,5,0.610084780509377,11.8240829402496,4.7535239429298,0.00244092252256532,0.00315285825831354,-2.14537555721112,1.5263489027847
AT1G05820.1,612,697,669,64,83,85,6,3.08463126157876,7.82263229429248,20.3445821606377,3.37911740127246e-07,1.08364799420117e-06,7.61205463872126,8.48333339867162
AT1G06470.1,2500,2447,2522,132,107,123,7,4.36074514259946,9.10182798731691,34.6810142599758,1.03380716233365e-08,1.62809866387765e-07,10.9695318426151,20.5454231984438
AT1G06660.1,199,218,265,181,164,275,8,0.163761457884804,7.74276116601663,0.722888269548057,0.494582200543686,0.521695402463851,-7.48237753066466,1.12020397898395
AT1G07135.1,642,651,707,102,101,83,9,2.79792177990284,7.98270865392925,21.0350112805347,2.71964742243444e-07,9.50639337890745e-07,7.83589843940784,6.95437941767836
AT1G07690.1,157,189,183,105,132,136,10,0.505321113180049,7.213072214265,3.30620141004564,0.0141834607323236,0.0172051545405143,-4.07094665052916,1.4194392579808
AT1G07705.1,2518,3050,3181,728,785,689,11,1.98360231113095,10.5113388416492,14.2735072134817,3.33749078210327e-06,6.67498156420654e-06,5.17658734730341,3.95479334910679
AT1G08030.1,5094,5700,5879,1363,1329,1428,12,2.01394583213381,11.4308491362364,17.0598865391585,1.05854640541355e-06,2.52422604367847e-06,6.41268675630886,4.03885354351802
AT1G08065.1,252,365,232,395,423,281,13,-0.377982956469658,8.30995133077904,-1.60578264910881,0.154984760119918,0.171590270132766,-6.52080447636085,-1.29952371021399
AT1G09380.1,788,891,946,591,699,668,14,0.421825042433136,9.55975481391748,3.16249203013167,0.0171812616816534,0.0206734023368541,-4.27696678537739,1.33962113492098
AT1G09550.1,1887,2010,1570,1648,1593,1416,15,0.226457413538473,10.7113739202179,1.57873873048535,0.161026366465551,0.177574530608256,-6.5565369710722,1.16995854634905
AT1G09880.1,4880,5569,5327,4498,4816,4614,16,0.178126074331061,12.2695373013986,1.53958074099734,0.17016481869283,0.187281989803943,-6.60778617848951,1.13141333054997
AT1G10010.1,2371,2393,2263,2063,2246,2060,17,0.142537840059656,11.1226490714106,1.28046170974259,0.243579884902663,0.2628966649433,-6.92991163763572,1.10384517938926
AT1G11420.1,553,602,665,130,152,113,18,2.20181128887523,8.14213926390256,14.3090535874482,3.28468843639231e-06,6.61680919677584e-06,5.1939178644476,4.60056575895263
AT1G11580.1,18580,19391,18674,115,67,101,19,7.66522198486992,10.3719007185514,36.5781810351119,7.28813205377413e-09,1.62591889423992e-07,11.2703442384878,202.983969344785
AT1G14580.1,1446,1665,1741,94,80,120,20,4.04632731733532,8.63268660816438,22.5779303243247,1.71498542174014e-07,7.01863271896691e-07,8.30610405863553,16.5221246671115
AT1G15760.1,869,868,765,58,46,32,21,4.20921950635917,7.59848509331223,18.954015317309,5.35224676733505e-07,1.4907607150662e-06,7.13319835758557,18.4970014135107
AT1G17770.1,1394,1270,1318,6200,5744,5886,22,-2.16222223100659,11.4554533058276,-19.3013753485635,4.75711108217497e-07,1.36828246590394e-06,7.25651161761998,-4.47603783451929
AT1G17820.1,12132,13719,13915,1585,1735,1819,23,2.95088249855808,12.2162582570239,23.7517249226436,1.23219448053045e-07,5.46247234983048e-07,8.63852927564388,7.73221899416454
AT1G17860.1,2368,2659,2610,12,35,11,24,7.16077751187902,7.73216449604103,17.342127895575,9.51974656331548e-07,2.29957514386582e-06,6.5255434855245,143.089848332888
AT1G17950.1,758,727,1145,4,6,7,25,7.03628634247537,6.22790417688601,28.2259799261198,3.98759233962052e-08,2.85266221219007e-07,9.73853142962521,131.260256069303
AT1G18250.1,593,668,526,833,1045,815,26,-0.588385126194554,9.50813945412376,-3.72645151855262,0.00823724074234894,0.0100577250201985,-3.48216452767387,-1.50356279928707
AT1G18350.1,926,1103,1100,791,1070,891,27,0.191516484739298,9.92742467061971,1.21298804738183,0.266792087475527,0.286840047806058,-7.00813315631798,1.14196345680621
AT1G19140.1,3370,3549,3252,180,151,170,28,4.33816447096402,9.55762420728624,35.2623006882778,9.26966918337986e-09,1.62591889423992e-07,11.0642564913268,20.2263553006023
AT1G19640.1,21973,23665,24047,43,56,74,29,8.66217570865586,10.1714679620939,42.3216414180879,2.79590545065631e-09,1.20008864728171e-07,12.051347132569,405.111634542256
AT1G20140.1,3284,3541,3612,1327,1524,1681,30,1.20847091415146,11.159433773389,9.01289651192794,6.04637426063813e-05,9.29442654941069e-05,1.97911192709654,2.31092576179773
AT1G20500.1,3407,3490,3574,228,155,239,31,4.092121728588,9.72322639848324,21.9573502578608,2.05659614638349e-07,7.78824536681603e-07,8.12174521612844,17.0549867449999
AT1G20690.1,1708,1849,1887,304,363,327,32,2.45229240305821,9.59881689395145,19.7128596724136,4.14804263876746e-07,1.23609065805568e-06,7.39934260252848,5.47285033151373
AT1G20730.1,8518,9499,7252,78,23,52,33,7.49262620099501,9.28520100165133,17.9877139806051,7.51400185948218e-07,1.89419487510282e-06,6.77622053673784,180.096483406659
AT1G20910.1,658,712,662,584,518,534,34,0.31315978581579,9.24833943428028,2.70298792029174,0.0323044838149053,0.0377901508778138,-4.94718630747652,1.24242587915171
AT1G20940.1,247,330,215,1283,1457,1160,35,-2.31252850965242,9.18285466127873,-12.1155326833173,9.49563146426956e-06,1.66621457769258e-05,4.0323122034723,-4.96752941258619
AT1G21790.1,1068,1138,934,93,69,56,36,3.85588628047208,8.10019710116516,18.8447082890755,5.55691202609696e-07,1.53502817354559e-06,7.09386100858317,14.4789620660791
AT1G22015.1,2235,2804,2859,2362,3004,2778,37,-0.0458714495892902,11.3770320447963,-0.289014296600897,0.781444033196021,0.795703960809087,-7.72372054203002,-1.03230654837619
AT1G22040.1,2571,2794,3117,206,240,228,38,3.64604420864335,9.63821546493042,27.617769944657,4.59864632527509e-08,3.09162005964277e-07,9.60274918198091,12.5189721219774
AT1G22180.1,1138,1110,1298,94,96,160,39,3.3712318399708,8.5191776961963,14.853494948505,2.58464474172012e-06,5.38146181298442e-06,5.4538819880684,10.3476541814744
AT1G22420.1,685,779,726,2788,2907,3171,40,-2.01577139826996,10.519621243749,-16.7178324069905,1.2065706418466e-06,2.7936365898357e-06,6.27313318129779,-4.04396748720366
AT1G23320.1,43,44,17,55,74,128,41,-1.30873038385582,5.694768430731,-2.9161467874033,0.0240239652277456,0.0282813767870929,-4.63453624610428,-2.47723439764968
AT1G23360.1,621,712,677,81,84,74,42,3.05596962281972,7.85990535516042,25.1716192762479,8.43353648691085e-08,4.398049868875e-07,9.01446931595015,8.31646036935954
AT1G27000.1,5097,5882,5937,312,381,475,43,3.87051597288195,10.5226797991997,21.4476296607196,2.39657273303859e-07,8.57235631433035e-07,7.96558098866716,14.6265333770414
AT1G27130.1,8102,9373,9859,80,63,73,44,6.96558602248695,9.66589413408133,47.7291550185614,1.26814697183889e-09,9.07218140389641e-08,12.6435975616878,124.982823071832
AT1G27600.1,5393,6012,6078,381,309,328,45,4.10171011527769,10.4560207266539,30.8338840230561,2.23523578766665e-08,2.09898282327635e-07,10.2790224792536,17.1687144781934
AT1G28460.1,312,424,361,77,70,85,46,2.21992322399062,7.39709964301832,14.1242168526437,3.57015422958986e-06,7.06434773089058e-06,5.10330854292881,4.65868641761501
AT1G29080.1,1882,1889,1596,1016,1217,747,47,0.87227985316081,10.3652388737976,4.33677328403011,0.00392337159822876,0.00495303473260554,-2.66942887696443,1.83055339152038
AT1G29960.1,1039,1161,1250,67,89,68,48,3.93526261541355,8.1969114391595,24.8385250593293,9.20039063430244e-08,4.62506123778447e-07,8.92870568428355,15.297909523875
AT1G32120.1,6510,7123,6914,1107,1233,1317,49,2.49188175336937,11.4949420434202,20.2788611654623,3.45096347872163e-07,1.10036435492953e-06,7.59028502927869,5.62511173355745
AT1G34170.1,1064,1180,1239,1377,1645,1669,50,-0.426728603567582,10.3928827583787,-3.15055243850737,0.0174594281047501,0.0209513137257001,-4.29417637725459,-1.34418210595856
AT1G34180.1,1696,2119,1760,476,508,544,51,1.86043962369298,9.92337971909499,13.5547199635545,4.64595961420582e-06,8.69948142525788e-06,4.81623108550007,3.63118296101407
AT1G34650.1,131,128,72,950,974,884,52,-3.12221588360206,8.30958991968827,-12.8067865327826,6.67354014695033e-06,1.21297570097664e-05,4.41989238627183,-8.70724237988671
AT1G35660.1,6034,6759,7164,733,1009,999,53,2.87437882027233,11.259042781851,17.1615079458957,1.01866930113577e-06,2.43955995722643e-06,6.45355628087705,7.33287435761076
AT1G43020.1,448,501,571,0,2,0,54,8.45234134158305,4.75449150436524,19.5728925693643,4.34456140392624e-07,1.26924882900044e-06,7.35114599139543,350.274302880328
AT1G43800.1,16772,19280,13416,57,105,138,55,7.42522579021976,10.2808937359146,22.4587265570581,1.77520277939911e-07,7.17697176807038e-07,8.27116967458217,171.876177879048
AT1G44130.1,4023,4241,4410,4195,5149,4705,56,-0.144535914777071,12.1162124708646,-1.13155978306767,0.297286777334603,0.318399273997521,-7.09890026489793,-1.10537501979021
AT1G44750.1,4390,4468,4428,162,188,145,57,4.7460134310249,9.73993842795651,35.2976175909327,9.20896583564484e-09,1.62591889423992e-07,11.0699371072903,26.8344317208399
AT1G47490.1,531,500,506,887,888,924,58,-0.811324621627934,9.40892603271388,-7.52084415378305,0.000181515823097241,0.000265146149969269,0.75141472455606,-1.75482190651655
AT1G47760.1,565,684,637,134,135,149,59,2.16297796854919,8.21252136054028,16.9133061694805,1.11926656080884e-06,2.64583313259419e-06,6.35326252629407,4.47838316453524
AT1G48910.1,79,59,37,889,761,587,60,-3.69807828474799,7.67462121035382,-12.4132587117391,8.13925608664811e-06,1.45102392854621e-05,4.20187940183768,-12.978738733509
AT1G49290.1,26,53,76,2293,2376,2472,61,-5.62468694777545,8.40453065556167,-15.5317897907884,1.93940186366045e-06,4.17832525066614e-06,5.76406814025476,-49.3400388938329
AT1G49600.1,1854,2085,1916,868,726,841,62,1.26722039729857,10.2958436465827,9.91264594508223,3.3542418057627e-05,5.42512152932053e-05,2.63530090164682,2.40697373191357
AT1G49640.1,3404,3465,2825,189,277,244,63,3.77720205077884,9.76374589874176,21.0557699310365,2.70224377408845e-07,9.50639337890745e-07,7.84249435688609,13.710431300466
AT1G52460.1,135,130,95,0,0,0,64,6.90194944783632,3.45097472391816,42.5023075690028,2.71871050405126e-09,1.20008864728171e-07,12.0731567095659,119.589709893464
AT1G53520.1,1339,1504,1787,748,742,869,65,0.965594726147357,10.0997679963182,6.34320402663918,0.000494240852738142,0.000689465989569708,-0.368077491983622,1.95286839195607
AT1G54570.1,218,223,257,10,45,22,66,3.36227123544357,6.18332079463889,7.01456200175172,0.000274683064435114,0.000391002933558147,0.288302779331106,10.2835838943501
AT1G54575.1,3614,3653,3404,63,22,19,67,6.84766329414034,8.3723283307183,16.0809817341206,1.55031969670863e-06,3.41928217693049e-06,6.0048201375858,115.173363943285
AT1G55050.1,683,766,845,168,217,231,68,1.8994681264407,8.62541564861591,11.4318011977817,1.37146639744737e-05,2.32607370752471e-05,3.62682128375357,3.73075630712328
AT1G55560.1,294,616,510,3087,3185,3943,69,-2.90151804027835,10.2743847882513,-10.2389831306142,2.74058592480984e-05,4.51105293818256e-05,2.85984452933103,-7.47212215352509
AT1G55650.1,764,919,873,44,53,81,70,3.86400095163792,7.80009801018937,16.5318681126456,1.29695985084666e-06,2.96599834742801e-06,6.19594704608893,14.5606307898494
AT1G55920.1,9863,10923,10170,110,132,114,71,6.4333854133543,10.1150888242757,50.85455857992,8.35538136591783e-10,9.07218140389641e-08,12.9357420901441,86.425516383513
AT1G57590.1,306,353,273,3,1,4,72,6.50193479450878,5.02494342888351,19.2567696299245,4.82910844739233e-07,1.37852808899318e-06,7.24081892943751,90.6311316976837
AT1G57800.1,104,112,76,7969,9343,8161,73,-6.44789484741325,9.82435109729869,-36.3135233827629,7.64400500037865e-09,1.62591889423992e-07,11.229796863818,-87.2990982991889
AT1G57820.1,6064,6610,7288,4685,5142,5070,74,0.419286559386483,12.4865066917873,3.35659774098837,0.0132703693411359,0.0161326058656946,-3.99921984729683,1.33726608728942
AT1G59800.1,61,74,69,88,100,99,75,-0.488501028555066,6.34834985355344,-3.74939808958718,0.00800252217522507,0.00979256003020962,-3.45066467165461,-1.402986404327
AT1G59890.1,2742,2893,3000,911,966,1121,76,1.52983222090931,10.7256224618714,11.8565171950556,1.08895044716313e-05,1.89104164285817e-05,3.8814059277015,2.88752256533799
AT1G59930.1,1016,1310,1337,24,56,70,77,4.70197500375886,7.89315194302748,12.2111291118979,9.03370743715302e-06,1.59519264238335e-05,4.08720466147578,26.0276833787512
AT1G60220.1,3437,4043,3957,906,882,901,78,2.08375500566541,10.8512814999768,17.3999216550265,9.31703724289967e-07,2.26039425284262e-06,6.54840296872159,4.23909120215111
AT1G60400.1,6,6,24,1096,1102,1149,79,-6.70513899931212,6.77209151095271,-13.7271050881309,4.2852918310192e-06,8.21715753164506e-06,4.90441854115709,-104.339310840905
AT1G60410.1,13,40,37,388,359,261,80,-3.57202266757802,6.59028948049543,-8.40127699641686,9.29942772544039e-05,0.000139491415881606,1.4987137934007,-11.8928507340678
AT1G60440.1,4222,4495,4468,136,88,68,81,5.54064173690405,9.33108419202039,22.2374602574435,1.89354260417843e-07,7.33747759119142e-07,8.20572638447235,46.5478212644936
AT1G60970.1,47,25,51,212,210,202,82,-2.37843426303829,6.51783111052026,-8.87778820438924,6.63488975753809e-05,0.000101432013279623,1.87551985799393,-5.19972117299655
AT1G61090.1,3044,3310,2579,70,21,29,83,6.3607879415836,8.35241708204197,15.2989476391545,2.13742654355423e-06,4.5177424670578e-06,5.6592358301943,82.1841308316417
AT1G61097.1,1138,1209,909,10,10,6,84,6.83261597987464,6.65838070971472,30.8259766456736,2.23899626444271e-08,2.09898282327635e-07,10.2774791133822,113.978348201509
AT1G61330.1,1199,1443,1418,2131,2181,2192,85,-0.684261538104259,10.7405749662,-5.50047042116007,0.00110787311817872,0.00149683583521484,-1.26827939076202,-1.60687926925491
AT1G62305.1,1597,1873,1978,472,647,640,86,1.63826196826397,10.0023732917462,9.5190028625148,4.31446402808178e-05,6.839406044516e-05,2.35517451035595,3.11290590433932
AT1G62333.1,80002,85774,79363,245,183,193,87,8.62874796542458,12.0030370839068,58.4142611769445,3.35630172873225e-10,9.07218140389641e-08,13.522958943084,395.832967882644
AT1G62340.1,4891,6071,5851,10260,11849,10324,88,-0.950819499659969,12.9217026891904,-6.82729585803441,0.000322115388417048,0.000456193874966275,0.110252207100482,-1.93297033869927
AT1G62660.1,1480,1570,1586,246,222,221,89,2.74607560185438,9.22093213354555,23.9887497247572,1.15486329853291e-07,5.32573322794517e-07,8.70320681126235,6.70889703407091
AT1G63010.1,8736,9556,9311,212,307,379,90,4.97626265067916,10.6785819150901,22.7079965436591,1.65194331203419e-07,6.828032356408e-07,8.34396773214865,31.4777965556555
AT1G63055.1,9567,11158,7286,10585,12032,7654,91,-0.108578091942462,13.2212994048813,-0.469612032473386,0.653763214741645,0.67306249783365,-7.64674144114955,-1.07816508226601
AT1G63090.1,9020,8451,8551,626,580,429,92,4.00776200238485,11.0781839464578,23.8528089839954,1.19850864849037e-07,5.46247234983048e-07,8.66620967262093,16.0863153502435
AT1G64630.1,3968,4476,4529,430,506,509,93,3.16547745062856,10.493318536298,24.2231768150518,1.08382017351129e-07,5.12518353236694e-07,8.76639994175113,8.97229745697818
AT1G64750.1,3268,3527,3301,423,549,436,94,2.84856505992074,10.2918484407856,20.0278280605374,3.74203672673671e-07,1.17669282021157e-06,7.50637026050804,7.20283601850121
AT1G65300.1,2815,3039,2928,2809,3483,3042,95,-0.0828940791247135,11.5566069411782,-0.643900171364411,0.54137836381558,0.566771345232821,-7.54031203210379,-1.05914057104603
AT1G65360.1,51,37,58,1442,1467,1317,96,-4.84920540379865,8.03493946221483,-26.3013848584931,6.32959109777415e-08,3.56758770965452e-07,9.29494327574595,-28.8241349010542
AT1G65770.1,736,658,532,4931,5836,5262,97,-3.06433030997185,10.8480475506067,-19.2175437926686,4.89345862578992e-07,1.38606594578212e-06,7.22698454231623,-8.36479573105604
AT1G65860.1,562,514,177,29,21,24,98,3.87032492036556,6.60522192818962,8.7884276916272,7.06002693730751e-05,0.000107636476257311,1.80623313110733,14.6245965498487
AT1G66630.1,14,2,10,1002,951,847,99,-6.88051979783878,6.42402147057505,-12.1452569306073,9.34916449309023e-06,1.64568889184364e-05,4.04942596195151,-117.82646408476
AT1G67390.1,44,28,30,490,481,569,100,-3.90108541925088,7.05188617690681,-19.9761116871003,3.80545218087346e-07,1.17669282021157e-06,7.4889309575776,-14.9397636476721
AT1G67500.1,1893,2078,2416,118,187,234,101,3.60732428484725,9.24563666294049,13.8337392131229,4.07829048510701e-06,7.91372427921351e-06,4.9584021981708,12.1874490695595
AT1G67820.1,729,1036,1194,18743,23799,22786,102,-4.48533027885319,12.1602477179095,-21.170729610088,2.60815068759327e-07,9.26973301705125e-07,7.87888349511267,-22.398500993019
AT1G67830.1,4924,5971,5865,6961,6543,6422,103,-0.254068965883167,12.5697237546491,-1.97752838498644,0.0910339808848611,0.102207165661474,-6.0072630690167,-1.19256587979999
AT1G68725.1,98633,87355,94054,494,312,286,104,8.03980770975429,12.4886406844022,36.445145270122,7.46457822322802e-09,1.62591889423992e-07,11.2500178062267,263.162061614699
AT1G69520.1,929,1216,1101,7,6,7,105,7.13625131507423,6.50391063155631,48.9298178601693,1.07695770524035e-09,9.07218140389641e-08,12.7597420397086,140.677843561664
AT1G69530.1,10660,12157,16158,77,47,89,106,7.52250197842401,9.88199026118303,27.3423385983885,4.91036340924042e-08,3.13726264941953e-07,9.53995345043153,183.864861077318
AT1G69860.1,320,409,314,415,624,422,107,-0.469182781931822,8.66963059263759,-2.2781282384086,0.0590625891212512,0.0673965740892805,-5.57220749658419,-1.38432509170557
AT1G69900.1,1663,2124,1701,867,1258,950,108,0.844595611571807,10.4066029161273,4.54859936805893,0.00307275663001714,0.00391460776152868,-2.39990124020778,1.79576132206261
AT1G70380.1,1016,955,719,0,2,8,109,8.20931212200149,5.6896185617219,11.2422854332585,1.52402090787574e-05,2.57698080786261e-05,3.51023854898034,295.971022242367
AT1G70440.1,1429,1421,1716,1,8,6,110,8.2412998605958,6.44640990479787,15.3295281504218,2.1101386277766e-06,4.477024160834e-06,5.67310050037505,302.606645522043
AT1G70560.1,46,17,10,92,122,113,111,-2.37687261961825,5.58308480039488,-4.76000642294849,0.0024234499473816,0.00313755236807177,-2.13742341494568,-5.19409578654307
AT1G70890.1,681,891,552,43,21,37,112,4.38629091615367,7.24874237498289,14.5150910450914,2.99686504396016e-06,6.1031047245612e-06,5.29349579578355,20.9124605869735
AT1G71100.1,2235,2486,2153,225,295,208,113,3.24756877982643,9.53611487662155,19.6344617970458,4.25682652688297e-07,1.25677735555592e-06,7.37239561515138,9.49763806930995
AT1G71210.1,2016,2057,2120,267,269,230,114,3.01363257070428,9.50503422832703,25.015333866488,8.78379247062719e-08,4.50886346166363e-07,8.97440922783842,8.07595331420595
AT1G71270.1,7853,8898,9595,955,940,1175,115,3.10275559016049,11.5442411502621,21.011926604723,2.73915268885452e-07,9.50639337890745e-07,7.82855441775305,8.59058030236315
AT1G71850.1,1441,1451,1341,327,251,253,116,2.35477784284886,9.28522779305449,16.1540949898107,1.50561862414651e-06,3.3471521604532e-06,6.03620314063415,5.1151545940662
AT1G71940.1,6153,5939,5739,514,506,361,117,3.7054248398092,10.6840845686236,22.0698019583094,1.98927046945515e-07,7.65526153073087e-07,8.15561375769755,13.0449981985096
AT1G72540.1,67,79,70,19,10,35,118,1.8692844468918,5.25173712843489,4.64609869709223,0.00275191625511602,0.00353004429966606,-2.27804170103223,3.65351326872676
AT1G73500.1,2661,3241,3861,199,180,235,119,3.97658351805344,9.66374013443331,21.8476523310383,2.12480958644517e-07,7.95734059890206e-07,8.08850507027696,15.7423991289813
AT1G73560.1,4388,5115,4273,5248,6073,4940,120,-0.238332373141553,12.2797822853711,-1.69843716436671,0.135866238020336,0.151324073483727,-6.39644842659886,-1.17962832786822
AT1G74000.1,1932,2092,1418,1960,2439,1562,121,-0.127166641038194,10.8697971180283,-0.570993989841246,0.58692551528591,0.608744307675721,-7.58851467811653,-1.09214668879211
AT1G76250.1,10545,10890,10568,292,412,329,122,4.96391043597131,10.8989808980148,32.1027768765192,1.71597009741415e-08,2.09898282327635e-07,10.5197507279471,31.2094371939872
AT1G76290.1,1028,1199,960,1370,1301,975,123,-0.184675116114716,10.1404170841119,-1.05668461984823,0.32782387612283,0.349094890985762,-7.17857457995598,-1.13656099957406
AT1G77000.1,1612,1995,1936,168,204,138,124,3.44624478619501,9.12288926260122,19.126518906439,5.0466189155282e-07,1.4222289671034e-06,7.19475671114287,10.8999135397486
AT1G77960.1,1833,2159,2338,42,100,101,125,4.78412269585764,8.64436187440395,13.7564992533234,4.22705179377048e-06,8.13343069284114e-06,4.91934230613533,27.5527171835201
AT1G78830.1,10742,19219,28354,2033,2530,2458,126,2.95109792666341,12.6620328885198,8.6153004847211,7.97521002216893e-05,0.000120600736920603,1.67021112252034,7.73337368147801
AT1G79530.1,10976,12337,12251,610,696,553,127,4.25998706728446,11.401255394221,31.4214070611533,1.9751173727163e-08,2.09898282327635e-07,10.3921773654876,19.159487522212
AT1G80190.1,962,1116,1075,191,351,307,128,1.93236238694335,9.06990808015613,8.15274209239403,0.000111625797102105,0.000166099186087932,1.29475372118024,3.81679681339359
AT2G02147.1,1874,1963,1470,1980,2230,1530,129,-0.106970301597764,10.8317636927456,-0.558235962295831,0.595118881083358,0.616097097670712,-7.59641340434952,-1.0769642062649
AT2G02490.1,44839,54735,59721,19372,23644,22506,130,1.27652749203336,15.0479615559766,8.13852216407101,0.000112814167951896,0.000166976938241799,1.2829235980134,2.42255176266138
AT2G02960.1,2523,3065,2806,522,585,536,131,2.34808308549975,10.2721089656347,18.2971518779198,6.72782187973873e-07,1.76093358264554e-06,6.89284002057243,5.09147295303134
AT2G03040.1,895,1162,1008,982,1108,1000,132,-0.0178722509003677,9.99883637966258,-0.12656355503489,0.903058005891097,0.909578280301863,-7.76223651261951,-1.01246515067709
AT2G03090.1,10450,8869,6786,654,650,531,133,3.81249426469189,11.1586295540432,19.8566618491195,3.95670286988562e-07,1.1999131529327e-06,7.44845063416859,14.049961428481
AT2G03190.1,5387,6682,5975,2806,3414,2777,134,1.00482154380978,12.046515470462,6.84299764887379,0.00031780007222538,0.000451227583465044,0.125326818547855,2.00669526067646
AT2G03770.1,1237,1449,1153,1067,1394,956,135,0.179646613290634,10.226196790942,0.995720656085305,0.354511111230627,0.376078327122984,-7.24056996208587,1.13260642050332
AT2G04046.1,1721,2200,2283,1095,1513,1542,136,0.585818624378083,10.7108106186947,3.06816972509275,0.0195158458844665,0.0232192793252288,-4.41328000562989,1.50089039371097
AT2G04425.1,280,300,335,514,673,476,137,-0.847505146499522,8.67720704650289,-5.03968055021198,0.00178757048991429,0.00236927395100279,-1.80009190021751,-1.79938655278371
AT2G04620.1,3435,3555,3710,115,115,165,138,4.76971493135457,9.41519127287797,27.7091063918784,4.50034928416726e-08,3.09162005964277e-07,9.62339118077326,27.2789258375348
AT2G04750.1,170,224,235,212,219,127,139,0.199402473904759,7.60505768153588,0.797304761505579,0.453021620183839,0.479669950782889,-7.42260726971266,1.14822269305657
AT2G07040.1,131,252,253,488,604,950,140,-1.68390371238327,8.51397598313328,-4.87553326983225,0.00213434282981203,0.00279568849538758,-1.9967214944941,-3.21296154203122
AT2G12465.1,1085,1221,1221,558,644,687,141,0.902913649861976,9.74683168421629,6.78857150132858,0.000333044768360213,0.00047047843226582,0.0729593097385965,1.869838476048
AT2G13560.1,23083,26937,27243,751,846,872,142,4.96498893331186,12.1660427515357,37.8469860429747,5.82604727908091e-09,1.62591889423992e-07,11.4587133863037,31.2327767621719
AT2G15280.1,3554,4088,4662,328,340,320,143,3.62606923883044,10.1803683493758,26.2232689235831,6.45390205105615e-08,3.60127734448933e-07,9.27605093039119,12.3468339441512
AT2G16140.1,286,408,461,87,81,62,144,2.29944981809273,7.41447942463147,10.3057557944411,2.63146289875406e-05,4.35714034867883e-05,2.90496505419353,4.92269998908627
AT2G17690.1,3473,4169,4103,105,53,48,145,5.89783697393586,8.98142442058189,19.7007709666403,4.16460651818044e-07,1.23609065805568e-06,7.39519552220911,59.6246494464168
AT2G17750.1,10156,12929,13930,3504,4563,4101,146,1.60041300013667,12.7780043606238,9.25740460400995,5.12638099851543e-05,8.05780449907495e-05,2.16310747621906,3.03230106524644
AT2G17990.1,8976,9311,8966,860,1057,883,147,3.28746893537287,11.5053664339872,25.6162530991187,7.5216799169582e-08,3.99723561301207e-07,9.12673687795864,9.76397726163693
AT2G18280.1,3411,4112,4075,189,169,140,148,4.53883924237235,9.64235225347532,28.5812332495148,3.6740865074331e-08,2.73352036153023e-07,9.81605486537265,23.2448505054395
AT2G18880.1,346,388,355,7,9,23,149,4.87042034430745,6.0708403706899,12.3944264653717,8.21815922977601e-06,1.46042447459077e-05,4.19127398180001,29.2511277882701
AT2G19220.1,548,736,913,2463,3129,3324,150,-2.03854620154415,10.5066842684915,-9.19856020636532,5.33225013265771e-05,8.28800995549583e-05,2.11922839763168,-4.10831328792364
AT2G19400.1,164,137,206,35,52,69,151,1.71373505185761,6.5325770169123,6.24509419108517,0.000540666309861977,0.000750331976034327,-0.468331977837143,3.28008920745771
AT2G19480.1,4164,4563,4434,542,638,634,152,2.85993631843971,10.6683325893568,22.9818545087489,1.52772044544093e-07,6.40953389891759e-07,8.4228358166481,7.25983278140757
AT2G19500.1,10826,14159,13547,15856,19389,19599,153,-0.512250534481538,13.8953492156017,-3.19559569944488,0.0164346764718987,0.0198496741803452,-4.22932359659747,-1.42627337859994
AT2G19802.1,7640,9233,9679,10444,12630,9902,154,-0.311926314493478,13.260322188649,-1.99423902130839,0.0888688911781946,0.0999775025754689,-5.98341469913755,-1.24136408735896
AT2G19970.1,1958,2432,1692,2061,2434,1762,155,-0.0445209628521148,10.9921899964599,-0.234740227126597,0.821531799350171,0.834999533765747,-7.73989039296827,-1.03134067273379
AT2G20160.1,207,307,300,1732,1904,1920,156,-2.78714236320356,9.46051982680035,-15.3920654205628,2.05557038069894e-06,4.39466771045981e-06,5.70136253337128,-6.90261186317732
AT2G20780.1,848,806,762,214,131,146,157,2.32310851329369,8.4923073612416,11.6401345174399,1.22356362651484e-05,2.10724846788667e-05,3.75283430589918,5.00409269255089
AT2G21420.1,422,620,701,291,259,304,158,0.997810909095424,8.65385805600062,4.7982439315732,0.002323182722498,0.00301473478872996,-2.09064046725956,1.99696757684694
AT2G21930.1,37,55,30,135,39,147,159,-1.20312185195953,5.93805384127579,-2.29598477615477,0.0575688312090156,0.0658266553578498,-5.54606190657911,-2.30237343599415
AT2G22121.1,2097,2192,2312,1957,1978,2352,160,0.0743440193371825,11.0658408602938,0.579339485591628,0.581601177769379,0.604345357905612,-7.58326041141431,1.05288219088882
AT2G23790.1,29436,21650,19699,884,870,765,161,4.79204464785873,12.1084433690941,26.712201605958,5.71947220766809e-08,3.43168332460085e-07,9.39311936425034,27.7044274671673
AT2G23990.1,4689,5769,4577,4697,5469,4680,162,0.0141574643623965,12.2763311206492,0.097415876701524,0.925290549039713,0.92861893230964,-7.76598198075173,1.00986151390516
AT2G24740.1,4551,5067,5780,2111,2665,2493,163,1.08249602472906,11.7776149904569,7.12650967970362,0.000250133476332151,0.000358803289957173,0.392960739410833,2.1176967671659
AT2G25295.1,286,254,212,161,115,203,164,0.67457121459223,7.62737105395735,2.89270412177119,0.024812817517962,0.0291485308947848,-4.66880212913842,1.59612231646729
AT2G25685.1,592,647,622,316,392,470,165,0.676172956147942,8.94018907207757,4.01574726013123,0.00575493337255423,0.00713611738196725,-3.09033108303013,1.59789538361225
AT2G25700.1,1074,967,814,2797,2777,2187,166,-1.44192257435628,10.6075080974681,-8.70252669282434,7.49822607151483e-05,0.000114005726100961,1.7390400428104,-2.71682676024748
AT2G26280.1,6435,7471,7358,578,696,626,167,3.48325511768405,11.0465462310619,26.3556228240273,6.24489835646215e-08,3.55576865602641e-07,9.30801820804191,11.1831531628314
AT2G26410.1,31,95,75,369,311,434,168,-2.5829217519833,7.2357575473799,-6.38625805679973,0.000475303897995978,0.000664710714490616,-0.324443297375011,-5.99151876453111
AT2G27040.1,39825,39312,39574,2626,2837,2813,169,3.8427258548926,13.3507849182565,35.4387291623396,8.97094373651269e-09,1.62591889423992e-07,11.0925504770986,14.3474839449159
AT2G28040.1,1766,2260,2116,1842,2478,2411,170,-0.12725331610226,11.056172376488,-0.745490369189441,0.481696500105865,0.509065619430062,-7.46474449317606,-1.09221230538132
AT2G28380.1,4969,5529,5011,120,207,191,171,4.93299971491891,9.86792167617174,22.4096968074936,1.8006739203044e-07,7.17697176807038e-07,8.25673562841107,30.5478664161157
AT2G29570.1,3642,4079,4261,1061,1245,1225,172,1.76239330895514,11.0796632103172,13.5162904908339,4.73103563869813e-06,8.82915681068079e-06,4.79641505669554,3.39260462771474
AT2G29940.1,1924,1878,2153,1181,1125,1232,173,0.749077366591093,10.5785261888491,6.31085723527741,0.000509030135207672,0.000708326223057059,-0.40100451394899,1.68071763294394
AT2G30160.1,1619,1732,1556,122,163,126,174,3.57887868976057,8.88568974379011,23.7639001512079,1.22807999540657e-07,5.46247234983048e-07,8.64187099705777,11.9495028305457
AT2G30590.1,4991,5708,5945,313,367,369,175,3.98418804943337,10.4419487465383,29.5596554975875,2.94724286034902e-08,2.41847281775699e-07,10.0230393683647,15.8255973299355
AT2G30900.1,323,458,294,603,599,448,176,-0.630341191338159,8.77742775918496,-2.9426202304567,0.0231651352427318,0.027328003098191,-4.59588375790105,-1.54793102946665
AT2G31360.1,61654,59664,52146,1881,1675,1336,177,5.15772769287033,13.2367442119422,31.3746118368106,1.99450858611261e-08,2.09898282327635e-07,10.3832733525464,35.6969199234332
AT2G32370.1,3503,4428,5486,12874,15184,17527,178,-1.776887888978,12.9915620118078,-8.65062007319415,7.77801943161616e-05,0.000117938446816354,1.69815460007617,-3.42686150924226
AT2G32750.1,11349,12440,11811,848,897,978,179,3.70860924097628,11.6794237631208,31.2946174078877,2.02816667772105e-08,2.09898282327635e-07,10.3680092087147,13.0738236851037
AT2G32940.1,970,1214,1052,307,290,317,180,1.8152709886835,9.16248377397093,13.8184508012307,4.10725240101257e-06,7.93026588153983e-06,4.95068876065662,3.51925728144945
AT2G32990.1,3876,3282,2841,28,11,27,181,7.2746388252202,8.05408555191221,20.4771281758877,3.23938534891731e-07,1.06328060276227e-06,7.65571111248029,154.840474675731
AT2G33770.1,40654,41911,37034,433,300,322,182,6.83742045790799,11.8622306502534,40.4336636609223,3.77370214017966e-09,1.36154772039213e-07,11.8140303648167,114.358552811684
AT2G33780.1,5033,5690,5170,7451,8649,7475,183,-0.567254558440416,12.6530217974792,-4.51473678219449,0.00319375918974099,0.00405949345757511,-2.44254842328006,-1.48170121589863
AT2G34200.1,2246,2460,2377,44,29,28,184,6.11920722143932,8.14517850640825,31.8010398519781,1.82557655742639e-08,2.09898282327635e-07,10.4637312532208,69.5128225588402
AT2G34260.1,1368,1533,1777,217,259,307,185,2.58023014303011,9.30922796434848,14.7061837166221,2.75552529140968e-06,5.65287909046545e-06,5.38453986566156,5.98035092192599
AT2G34880.1,793,823,911,37,33,39,186,4.49835576296988,7.46828403134537,35.501782888139,8.86688108419333e-09,1.62591889423992e-07,11.1026117039238,22.6016432600843
AT2G34890.1,191,229,173,3,19,10,187,4.36401211132987,5.44245929350649,7.99483564657309,0.000125666027218866,0.000185506992561183,1.16238743589479,20.5920008245857
AT2G35670.1,1299,1375,1575,45,31,33,188,5.26052922825564,7.83393954656361,29.8739801632584,2.74994171119701e-08,2.2902499624596e-07,10.0875731964434,38.333377919758
AT2G36010.1,2827,2976,2841,829,1029,780,189,1.72110862128112,10.6320792727895,12.1027217913104,9.55956689955712e-06,1.6721750250636e-05,4.02492351579477,3.2968965555734
AT2G36310.1,6581,7730,8043,167,280,330,190,4.89233861673452,10.4119796916362,18.7018067840422,5.83819099036519e-07,1.59572987951781e-06,7.04204135669415,29.698921099542
AT2G36560.1,87,106,69,4028,3974,3644,191,-5.47815557081286,9.1824716594009,-31.0079740708711,2.15425765330094e-08,2.09898282327635e-07,10.3128627972308,-44.5747737748039
AT2G36724.1,1181,1444,1304,1492,1302,1318,192,-0.0677154929771362,10.3850918094962,-0.510154105661011,0.626569337180471,0.647454981753153,-7.62471291873087,-1.04805577304515
AT2G36760.1,567,786,619,7,5,7,193,6.48704294985508,6.10517564183459,34.883166540949,9.95119776035288e-09,1.62809866387765e-07,11.0027382611702,89.7004271343489
AT2G37390.1,759,786,654,18,43,8,194,5.22271413224668,6.90378511063107,9.86530246086074,3.45571635477602e-05,5.57309169354052e-05,2.60215697523045,37.3416593340066
AT2G38220.1,2206,2485,2662,2074,2026,1888,195,0.292961742521932,11.1089585315866,2.33137136303246,0.0547219811104888,0.0626999290752623,-5.49418510307642,1.22515284279356
AT2G38810.1,395,443,425,157,223,305,196,0.929986197909398,8.25450093659715,3.84782059480431,0.00707571562988504,0.00871578216661336,-3.31636625777447,1.90525776862789
AT2G39220.1,7550,6940,6692,163,200,126,197,5.45150957729937,10.0581842495061,29.1939286251554,3.19763903694191e-08,2.51307406001913e-07,9.94676752647747,43.759051958047
AT2G39300.1,930,1123,1266,256,343,282,198,1.90923898006423,9.14680200560806,10.9452783071757,1.8039062681803e-05,3.02276185478861e-05,3.32366262633714,3.75610913104101
AT2G39650.1,848,813,790,161,188,177,199,2.21607125140666,8.56731091172736,18.6898550215002,5.86244848209947e-07,1.59572987951781e-06,7.03768703183044,4.64626439040243
AT2G40030.1,9624,10715,11102,99,90,144,200,6.57571723074413,10.0650452553682,33.3638711067795,1.33279732937737e-08,1.93954922000784e-07,10.7460181403668,95.3867670485087
AT2G40520.1,142,187,179,1199,1445,1719,201,-3.08951669741692,8.94686277697036,-16.8236325464047,1.15838369197725e-06,2.69324208384711e-06,6.3166295876582,-8.51210942678851
AT2G41040.1,110,150,143,7,9,9,202,3.85296313911426,5.14110029948204,22.4239385921472,1.79323220480346e-07,7.17697176807038e-07,8.26093224995818,14.4496549687534
AT2G42340.1,119,175,231,127,133,145,203,0.322796486678534,7.24670282645186,1.32905609253507,0.227968367789277,0.24796559303395,-6.87200581105334,1.25075263064233
AT2G43660.1,1883,2097,2313,2507,3179,2975,204,-0.458578710928085,11.2594744758966,-3.10950024076897,0.0184534266683178,0.0220021625660713,-4.35345044091146,-1.3741873531991
AT2G43670.1,1183,1440,1347,1462,1642,1872,205,-0.323017745448684,10.5278131283862,-2.19716395871594,0.0663485111473289,0.0754021776379013,-5.69042986664115,-1.25094446689543
AT2G44330.1,31,33,14,83,120,111,206,-2.04139404841737,5.68548150316164,-6.04477656020619,0.000651596055436404,0.00089554334712688,-0.676644598110871,-4.1164310134554
AT2G45110.1,2052,2266,1954,19303,21426,19098,207,-3.25397481793918,12.654667235651,-26.4985292405691,6.02792087700063e-08,3.50372900975661e-07,9.3423022784727,-9.53990445935711
AT2G46650.1,2880,2540,1831,2,1,6,208,9.41680699017714,6.50584263601482,20.7502833155501,2.97185107940231e-07,1.02282112179148e-06,7.74464654256242,683.504483060078
AT2G46990.1,169,128,132,0,20,0,209,5.69452773476113,4.31136967497348,4.95464614458074,0.00195862430981941,0.0025837171746554,-1.90147396682341,51.7873465314186
AT2G47030.1,108,210,243,585,932,1251,210,-2.31016270705321,8.62842163720894,-5.95921709327142,0.000706641628219809,0.000966436344477092,-0.767128542641489,-4.95939008790982
AT2G47115.1,24880,26457,25301,3920,4165,3833,211,2.68501645818769,13.2978707865023,24.3229250828791,1.0551253908529e-07,5.07551696634413e-07,8.79305796072259,6.43088128867578
AT3G01230.1,35,146,105,172,321,419,212,-1.79409094085853,7.26288473737656,-3.14058096551307,0.0176954560073926,0.0211889795109979,-4.30855949868516,-3.46796885197167
AT3G01240.1,95,256,192,399,474,614,213,-1.53901280201217,8.16385443006713,-4.13250538245966,0.00499743275475061,0.00623840598915177,-2.93552685987808,-2.90595588554701
AT3G01270.1,256,638,598,2695,2799,3936,214,-2.74632934241452,10.2237342921838,-7.39289841111148,0.000201111408010603,0.000291480949791991,0.63681510752105,-6.71007709565947
AT3G01870.1,494,539,584,601,562,504,215,-0.0434524133301721,9.09519058216128,-0.331016473377093,0.750900796029023,0.766001177667632,-7.70896700334108,-1.03057708061402
AT3G03260.1,2465,2655,2504,2258,2885,2679,216,-0.0302500071323593,11.326322138177,-0.223794961519637,0.829691365286797,0.841639720357941,-7.74275244414908,-1.02118907400531
AT3G03305.1,2306,2447,2603,161,224,176,217,3.71815570678554,9.39949010145432,23.6647212881878,1.26206222028086e-07,5.5018024915369e-07,8.61458770723484,13.1606214186076
AT3G04100.1,379,533,590,263,379,309,218,0.649063909077466,8.62132333219328,2.977185585261,0.0220927736720594,0.0261181519258669,-4.5454902832691,1.56815037316043
AT3G05610.1,269,591,450,2553,2981,4060,219,-2.91499135932511,10.1585798749743,-9.1571846513795,5.48265781932742e-05,8.49811961995751e-05,2.08822406877876,-7.54223111483176
AT3G05700.1,491,585,648,17,23,25,220,4.67467293581869,6.8224455413442,24.9942955554007,8.83220814828049e-08,4.50886346166363e-07,8.96899239866065,25.5397577516492
AT3G05725.1,3,15,12,74,77,105,221,-3.18056721526008,4.82376351367707,-6.22135475633341,0.000552627724696843,0.000763282847477322,-0.492763685816465,-9.06663505311449
AT3G05741.1,2717,3195,2147,1180,1615,1038,222,1.07805834687587,10.834024063789,4.84451639618502,0.00220798606568294,0.00288537757529527,-2.0343087839082,2.11119281646241
AT3G05860.1,335,353,302,282,243,201,223,0.456496631062715,8.13945066991355,2.85073302647882,0.0262948123708288,0.0308245909725261,-4.73023485005457,1.37220557317634
AT3G06125.1,70,82,70,0,0,1,224,5.8915112234521,3.27908894505938,20.5982632729021,3.11746514848648e-07,1.03609262473702e-06,7.6953213974854,59.3637869868872
AT3G06860.1,7158,8413,8444,815,832,638,225,3.39791000884408,11.2637117205167,21.9865652625201,2.03885629963853e-07,7.78824536681603e-07,8.13056425896628,10.5407820897789
AT3G07190.1,2607,3028,2945,128,112,205,226,4.30666299568021,9.32596707951399,18.2739092043552,6.78347647695348e-07,1.76093358264554e-06,6.88415753178969,19.7894964194423
AT3G08040.1,179,186,169,66,72,30,227,1.74600947754345,6.60970809201328,5.37329853302459,0.00126075445220059,0.00169110813540368,-1.41213479031148,3.35429477316908
AT3G08620.1,2364,2669,2509,302,347,364,228,2.89528333685025,9.84693171278814,22.5613624439499,1.72321269264958e-07,7.01863271896691e-07,8.30126198248957,7.43990055029582
AT3G08840.1,755,802,766,56,31,101,229,3.76308867103503,7.71664945422959,9.62698084850749,4.02294635374741e-05,6.43210333922938e-05,2.43305640064931,13.5769608698778
AT3G09110.1,461,553,470,314,300,294,230,0.702558539227281,8.5970788827457,5.61651004860165,0.000986365397185838,0.00133590264958664,-1.13891242122163,1.62738831752854
AT3G09340.1,107,108,145,78,144,62,231,0.417308874709485,6.69564435791873,1.30946861566892,0.234152217237449,0.254196375911472,-6.89549902624088,1.33543418332016
AT3G09950.1,882,1048,1447,10,0,6,232,8.01804264553801,6.09795016966731,9.4443118949403,4.53024185104671e-05,7.16111884669706e-05,2.30082918802365,259.221693066962
AT3G10195.1,1785,1878,1947,1366,1664,1898,233,0.198971832969816,10.769195309723,1.30336010534514,0.236110602378597,0.255824691509237,-6.90278382581826,1.14788000254465
AT3G10900.1,870,995,743,184,251,134,234,2.22673755690264,8.64186110547367,9.01971100001229,6.0183075058715e-05,9.27683864164723e-05,1.98430012104221,4.68074300656162
AT3G11200.1,4529,4953,4961,473,692,606,235,3.04179067026041,10.7112311675606,18.2534115610646,6.83299742826964e-07,1.76519100230299e-06,6.87649016986397,8.23512569435785
AT3G11310.1,10,24,7,665,620,741,236,-5.69660513116684,6.54939850172076,-14.2491112072776,3.3742934936909e-06,6.7244848909983e-06,5.16466717268963,-51.8619709934059
AT3G11490.1,989,1020,1158,21,54,44,237,4.79769076278654,7.64306019089048,14.3641432940618,3.20473781368972e-06,6.49330638597164e-06,5.22068836559379,27.8130636398611
AT3G12110.1,10499,8893,9671,700,734,735,238,3.73929463208337,11.3691249926388,31.370656595267,1.99615759362415e-08,2.09898282327635e-07,10.3825199126119,13.3548755980814
AT3G12700.1,3629,3977,4132,2998,3363,3627,239,0.235122834812996,11.814623596624,1.81808615884412,0.114493039610077,0.128030292790426,-6.23195930287895,1.17700694638937
AT3G13280.1,92,112,94,68,77,92,240,0.332035965035239,6.47704647810044,2.08899276830253,0.077528585774094,0.0875727750241791,-5.8473139697753,1.25878855353259
AT3G13400.1,427,1020,807,3921,4096,5685,241,-2.67182625377308,10.8010616668968,-7.93024743897035,0.00013198031421892,0.000194314024628383,1.10760645126608,-6.37235329068468
AT3G14205.1,9523,9519,8187,1386,1431,1265,242,2.73525453715761,11.7768371149175,21.6910409751395,2.22675373091401e-07,8.228666104967e-07,8.04070181673448,6.65876459130507
AT3G15960.1,328,409,524,460,652,614,243,-0.462135745469404,8.92360036799942,-2.09687330841014,0.0766534370897315,0.0867598740285399,-5.83593397745437,-1.37757965894494
AT3G16320.1,1115,1292,1344,984,942,963,244,0.372011705944878,10.0986669233887,3.01175962991025,0.0210730289178445,0.0249654992275101,-4.49517271630578,1.29415615514912
AT3G16565.1,998,1155,1148,38,22,32,245,5.1506904462205,7.52646465453615,24.4128351170619,1.0300074371616e-07,5.04161535031732e-07,8.81697000831578,35.5232197714582
AT3G16720.1,1590,1973,1816,314,345,318,246,2.45290607974423,9.57686932646841,18.7800255104681,5.68225474218598e-07,1.56192026903437e-06,7.07046080071571,5.4751788035561
AT3G17250.1,1057,1338,1399,213,187,204,247,2.63657977722881,8.97680186780915,17.6359196975071,8.53916086849229e-07,2.08984726518364e-06,6.64088421465583,6.2185567054906
AT3G18210.1,2886,3574,3698,212,227,233,248,3.90467938331303,9.76499447631451,27.9105337183063,4.29199363002171e-08,2.99366555694015e-07,9.668597637337,14.9770271761464
AT3G18470.1,102,153,131,232,266,137,249,-0.678575115294477,7.33851462005943,-2.4079336458002,0.0490474953110312,0.0565464925280071,-5.38170930555863,-1.60055817528979
AT3G19350.1,1322,1427,1222,230,237,207,250,2.55285992532335,9.09209880361671,20.4268411799324,3.29160187101223e-07,1.06675657713989e-06,7.63918709923486,5.86796361453208
AT3G21580.1,2719,2735,2769,585,619,572,251,2.20988037450225,10.3160310500689,20.4169613430041,3.30197416116922e-07,1.06675657713989e-06,7.63593505922623,4.6263691100889
AT3G21700.1,144,112,129,25,44,43,252,1.7902438107835,6.11236338309444,7.42608111200608,0.000195807817417195,0.000285276141302337,0.666691044411229,3.45873339057064
AT3G21820.1,590,737,715,82,102,70,253,3.00234000848912,7.9049323635895,16.8413003467253,1.15055406868122e-06,2.68623083817623e-06,6.32386401023703,8.01298629113592
AT3G22560.1,342,318,429,2,3,0,254,7.30090257626867,4.84543878837472,14.7062820779752,2.75540694581487e-06,5.65287909046545e-06,5.38458640911073,157.68510472649
AT3G22680.1,269,356,421,83,74,76,255,2.12992413193919,7.36093628395944,11.5699843854078,1.27122518268018e-05,2.16924664200471e-05,3.71065011675915,4.37694462539782
AT3G22810.1,921,1033,905,325,417,472,256,1.24807566371305,9.27129905174031,7.42213016866858,0.000196430887871851,0.000285438633938784,0.663139534031291,2.37524390113413
AT3G22968.1,29115,35194,40057,351,455,461,257,6.35944650421118,11.894413476845,35.7066467611792,8.53824362769229e-09,1.62591889423992e-07,11.1351180328469,82.1077504298987
AT3G23060.1,663,701,585,207,194,207,258,1.67230458534732,8.50555554268425,13.5777204960954,4.59588026650334e-06,8.66385536725967e-06,4.82806375367445,3.18723321067852
AT3G23780.1,4938,5830,5516,402,341,294,259,3.97737981275721,10.414376468933,25.5459156422338,7.65807284035552e-08,4.03132513671545e-07,9.10914279509976,15.7510905355765
AT3G24065.1,337,389,426,1998,2362,2226,260,-2.51535016795133,9.83977575385976,-17.8500844518229,7.89724290092975e-07,1.95851623943058e-06,6.72362817222182,-5.71736409733573
AT3G24790.1,1355,1353,1271,992,849,971,261,0.503084999945495,10.1221363140258,4.17283971216962,0.00476190792813122,0.00595772337196686,-2.88250464355032,1.41724089429996
AT3G25170.1,57,135,82,359,309,557,262,-2.19053851523609,7.53543034685966,-6.13913652914787,0.000596425659373678,0.000821742019581512,-0.577907241024468,-4.56475843433817
AT3G25250.1,485,436,417,2,16,12,263,5.67693201502489,5.96275436088331,9.20401812384286,5.3127634559591e-05,8.28078773303122e-05,2.12330886883528,51.1595622633222
AT3G25260.1,35317,38949,35756,143,89,59,264,8.63824037379939,10.8420097513599,28.3306587712164,3.89212350526248e-08,2.85266221219007e-07,9.7615092133775,398.445991714519
AT3G25280.1,1444,1790,1413,963,1239,1129,265,0.479283001792217,10.3500151004984,3.03181520707448,0.0205046717137269,0.0243438442899141,-4.46602743326978,1.39405067148861
AT3G25420.1,3241,3399,3062,4648,4918,4524,266,-0.538613022986219,11.9275455308736,-4.74265080344243,0.00247054587675502,0.00318375196126859,-2.15872742222723,-1.45257537007695
AT3G25540.1,828,851,782,48,27,30,267,4.55551511081765,7.40317791426205,20.5456643167691,3.16974528366917e-07,1.0465786202884e-06,7.67815548777977,23.5150926413924
AT3G25700.1,4720,4430,4097,131,122,128,268,5.10695392266008,9.55285558803702,43.7186845058569,2.25844329382831e-09,1.20008864728171e-07,12.216119278948,34.4624633454106
AT3G25710.1,1534,1556,1735,39,63,30,269,5.22466766550227,8.03770863450922,19.7752847825831,4.06370389534977e-07,1.2257009587055e-06,7.42071122093948,37.3922574040154
AT3G26110.1,40,46,71,232,373,393,270,-2.65035552208675,7.01919971362272,-9.22463173084955,5.23989537660416e-05,8.19008857183508e-05,2.13870049156316,-6.27821972879859
AT3G26410.1,1838,2241,2300,474,652,543,271,1.93771195647546,10.0789178869094,11.5709256175801,1.27057177332203e-05,2.16924664200471e-05,3.71121776760858,3.83097591706788
AT3G26590.1,1969,2137,2015,1087,1257,1270,272,0.762392870809855,10.6132388897831,6.24260552835016,0.000541906427135903,0.000750331976034327,-0.47089002708179,1.69630179869185
AT3G26990.1,4646,5032,5544,444,494,488,273,3.41120722042791,10.5998159088049,27.2170952610748,5.06010104745086e-08,3.13726264941953e-07,9.51112370244615,10.6383847921976
AT3G27150.1,278,351,261,37,19,5,274,4.15405260765061,6.12863234017601,6.64561574736981,0.000377192024390425,0.000530159067027348,-0.066148945800018,17.8030511030149
AT3G27440.1,38,38,58,53,60,49,275,-0.292011180804913,5.6304880860979,-1.47379397493099,0.186605156808018,0.204971806100146,-6.69249807299512,-1.22434588097472
AT3G27640.1,513,649,694,219,302,233,276,1.29863040271318,8.61428134021693,7.07546021109155,0.000261005558316954,0.000372483635654374,0.345398408659939,2.45995240508349
AT3G27910.1,544,548,506,97,129,136,277,2.14716898518955,7.98528773929617,13.4553023976665,4.86974715306315e-06,9.02763757943268e-06,4.76484821506742,4.42957715104493
AT3G27980.1,230,260,156,185,175,160,278,0.281589493005874,7.58396384912292,1.36041071689059,0.218369462289182,0.238158508889313,-6.83398373344558,1.2155333639617
AT3G28750.1,554,1271,1005,4771,5040,6786,279,-2.61492978605465,11.1086787284698,-8.14676289295556,0.00011212373829638,0.000166396398854734,1.28978153553775,-6.12593384050937
AT3G28917.1,12244,13928,14141,96,43,52,280,7.78204761610762,9.82011211318302,26.6125473752682,5.86101164506044e-08,3.47919627440822e-07,9.36948472297661,220.104924914935
AT3G28980.1,272,550,614,458,587,886,281,-0.457234910944539,9.04965353871147,-1.22511176863708,0.262486578691267,0.28275581256704,-6.99427252962175,-1.3729079607197
AT3G30842.1,1034,1150,939,1152,1328,1109,282,-0.201014010360501,10.1207083775416,-1.45471068856706,0.191639667914437,0.210088280346278,-6.71672617685199,-1.14950601111139
AT3G42830.1,284,340,301,212,239,193,283,0.521779239793288,8.00806063923714,3.75590547389487,0.00793729976893734,0.00973409510124624,-3.44174458047999,1.43572480018864
AT3G43505.1,1044,1163,1186,993,879,907,284,0.287418849046851,9.99871283864938,2.37462636674335,0.0514376158135569,0.0591797724205458,-5.4306743936796,1.2204547862015
AT3G43520.1,6317,6900,6993,619,608,533,285,3.52087508840581,10.9561437958256,28.6843690393863,3.58845020057158e-08,2.73352036153023e-07,9.83832018248454,11.4786023921059
AT3G43540.1,6553,7352,7906,451,416,612,286,3.89578871229743,10.8758362893323,21.7330764660722,2.1988494397716e-07,8.17971991595036e-07,8.05357290981563,14.8850144015196
AT3G43920.1,12338,13377,14696,1861,2047,2128,287,2.74104972404715,12.3433907260273,21.529467188183,2.33786830917098e-07,8.49500663807573e-07,7.99095021583422,6.68556609268037
AT3G44370.1,507,408,429,39,49,33,288,3.45319581446365,7.07768028253597,19.2487766568413,4.84214167459971e-07,1.37852808899318e-06,7.23800253809529,10.9525569751733
AT3G45090.1,4860,5314,5488,1770,1889,1956,289,1.47875732089816,11.6090276792781,12.6184564360478,7.33348530546898e-06,1.31578289403591e-05,4.31640763345587,2.78708561576199
AT3G45870.1,3329,2853,3896,67,52,26,290,6.17931783320881,8.61308251593007,18.0421312793613,7.36839976157595e-07,1.86889412134517e-06,6.79689114712203,72.4702935585402
AT3G48950.1,2098,2516,2346,2179,2430,2329,291,0.00200574724721392,11.1755231527018,0.01596404289365,0.987735281173718,0.98950859406631,-7.77128655299012,1.00139124493388
AT3G49307.1,5453,6485,5529,6713,8433,6508,292,-0.30463408945748,12.6554090642265,-1.99517658456486,0.0887489449462096,0.0999775025754689,-5.98207519530325,-1.23510533780257
AT3G49500.1,3757,4578,4885,272,308,295,293,3.90577693830256,10.1441129806357,27.2682878644051,4.99827049822115e-08,3.13726264941953e-07,9.52292869563724,14.9884255415755
AT3G49540.1,124,273,164,806,705,1115,294,-2.27131065550324,8.61236818837443,-7.14789631748703,0.000245732203230298,0.000353398374748727,0.412805897728802,-4.82761509726232
AT3G49660.1,1581,1706,1573,342,332,408,295,2.1692002956074,9.57706686986564,16.6117594281267,1.25720739738287e-06,2.89476921084426e-06,6.22922195506426,4.49774009252677
AT3G49680.1,8322,9340,7950,766,1083,950,296,3.20354549242426,11.4546171927846,19.5962388446579,4.31105104977786e-07,1.26608762409265e-06,7.35921262142181,9.21219846464559
AT3G49730.1,419,498,481,10,19,34,297,4.55979604292124,6.58344559828383,11.5636007607969,1.27566690407758e-05,2.17018942827833e-05,3.70679900743961,23.5849729796958
AT3G49770.1,1,5,9,290,360,385,298,-6.12209893715167,5.36334633377867,-11.0887721081889,1.66193724834716e-05,2.79325597764372e-05,3.41440319961106,-69.6522927186186
AT3G50020.1,483,512,468,393,518,568,299,0.000398325092060503,8.93150829258631,0.00241298549073857,0.998146083460534,0.998146083460534,-7.77142969743645,1.00027613603305
AT3G50060.1,6180,8109,8053,199,228,286,300,4.9688778670697,10.367094568384,26.5264818309361,5.98650112301986e-08,3.50372900975661e-07,9.34898030418866,31.3170815186268
AT3G50720.1,26,25,19,2200,2483,2498,301,-6.63075758633561,7.90779723156511,-42.4577718396729,2.73750935676595e-09,1.20008864728171e-07,12.0677945784517,-99.0961831982603
AT3G51895.1,13206,12792,9908,96,47,69,302,7.43081585572084,9.82012738114484,27.3924724408043,4.85185810683955e-08,3.13726264941953e-07,9.55144524372927,172.543444968825
AT3G53000.1,1745,1885,1982,156,194,237,303,3.26921731352807,9.23353159874709,18.5871451545933,6.07575342263863e-07,1.64127380753946e-06,7.00013691445887,9.64123067166239
AT3G53370.1,835,812,748,280,197,198,304,1.84096167392349,8.72061669057647,10.7535843179938,2.01575744559864e-05,3.35759001386281e-05,3.20065000943289,3.58248750812657
AT3G54100.1,2692,3161,2970,337,349,296,305,3.16398112926006,9.93746045426846,24.3444522908233,1.04904783609855e-07,5.07551696634413e-07,8.79879327674018,8.9629964749985
AT3G54550.1,1245,1586,1568,1770,2125,1819,306,-0.381064236847266,10.7008002526994,-2.5174379299832,0.041968738811301,0.0486872271449188,-5.22048634559054,-1.30230217405022
AT3G54710.1,1099,1074,1070,466,409,426,307,1.31776680626783,9.42050043607912,11.5845604848699,1.2611493701209e-05,2.16529645700757e-05,3.7194358213715,2.49279942592253
AT3G54740.1,1633,1812,1898,135,201,237,308,3.24962919357642,9.17164529255824,14.7848722222791,2.66268647035451e-06,5.50288537206599e-06,5.42167031673366,9.51121200153064
AT3G54800.1,140,306,197,305,473,645,309,-1.15017287614542,8.25208737735557,-3.13795388723424,0.0177582094412795,0.0212185885829421,-4.31235042138573,-2.21940487640976
AT3G55320.1,5839,6154,6093,180,180,177,310,5.06568145823096,10.0246491308264,47.5457375571389,1.30067116901741e-09,9.07218140389641e-08,12.6254029922915,33.4905336198946
AT3G55420.1,8323,8749,8383,27,52,28,311,7.91943172704382,9.09080132077137,30.9576185728745,2.17732830185749e-08,2.09898282327635e-07,10.303101689611,242.095378184047
AT3G57220.1,2046,2269,2587,311,346,339,312,2.78393628787199,9.76982981312873,20.6711422181487,3.04665764351312e-07,1.0303242212608e-06,7.7190211204881,6.88728934433648
AT3G57270.1,16035,18163,16694,29253,32686,30963,313,-0.868710124102611,14.4826715608932,-7.34665648073753,0.00020877665580784,0.000301026806048514,0.594999010684822,-1.82602956513833
AT3G58470.1,672,830,822,126,133,147,314,2.50456291298113,8.3403572041102,17.9412621540146,7.64091077749662e-07,1.91194090306866e-06,6.75852027158763,5.6747739028589
AT3G59640.1,1175,1291,1247,144,217,164,315,2.83534976311829,8.8558134245717,16.3119380738415,1.41406745989456e-06,3.19453296607759e-06,6.10343536501456,7.13715825914721
AT3G59790.1,1637,1841,1780,2082,2236,2146,316,-0.298884784041526,10.9238586549654,-2.61523284232122,0.0365460931702403,0.0424848333104044,-5.07639333959724,-1.23019309561847
AT3G61620.1,549,653,666,114,131,141,317,2.26611543176239,8.14626814581703,15.8071440232191,1.73183723746553e-06,3.78966736668928e-06,5.88589785963303,4.81026185502244
AT3G61740.1,1098,1266,1119,233,297,306,318,2.06227713720642,9.14834793040846,13.64888399792,4.44481217981814e-06,8.43607209638953e-06,4.86454435598843,4.17644991560389
AT3G62130.1,1166,1336,1382,96,148,131,319,3.38116085164782,8.64507225315982,18.0741160513508,7.28433293378316e-07,1.86452191607844e-06,6.80900816676586,10.419115119222
AT3G62230.1,216,410,370,2936,2944,4240,320,-3.37151568129738,10.0123649048977,-11.9720575205318,1.02406385620971e-05,1.78571134926568e-05,3.9491186963976,-10.3496902187192
AT4G00220.1,2218,2473,2087,6,6,3,321,8.60050662987602,6.83848992964308,35.7034895860245,8.54320076548807e-09,1.62591889423992e-07,11.1346191874656,388.159726785916
AT4G00231.1,1794,2016,2020,287,248,373,322,2.69726523676836,9.57423974951686,15.3672798668469,2.07700145238497e-06,4.42353744439242e-06,5.69017599847815,6.48571323565356
AT4G00540.1,487,666,615,232,347,314,323,0.990909723517362,8.69756741472211,4.92718895856671,0.0020177085288287,0.00265538056388306,-1.93442951792103,1.98743781905227
AT4G00550.1,1656,1871,1815,99,108,123,324,4.00834475638575,8.79291798650572,30.2011985881764,2.56051224711181e-08,2.16479671801271e-07,10.1537754940804,16.0928144771781
AT4G00570.1,23483,23496,24526,1024,1199,1326,325,4.33916103800193,12.3709736990873,32.0093963137932,1.74906057999172e-08,2.09898282327635e-07,10.5024937332206,20.2403318388832
AT4G00610.1,212,156,152,367,278,365,326,-0.958888298120043,7.90835021966339,-5.06906278883261,0.00173240464211171,0.00230162331023413,-1.76529922100915,-1.9438114688943
AT4G00690.1,103,112,158,28,55,26,327,1.804426072164,6.04228750919821,5.69605956676951,0.000911737112201001,0.00123783286765975,-1.05125679128131,3.49290177341699
AT4G00730.1,12178,14753,13643,1006,1326,1097,328,3.5688142192036,11.9345614303959,23.3889473720024,1.36238387872361e-07,5.89310235913002e-07,8.53797728589302,11.8664312912154
AT4G00780.1,163,221,215,5,2,13,329,4.97652514987725,5.14735588277193,9.5193836270738,4.31339450800218e-05,6.839406044516e-05,2.35545055979518,31.4835244800499
AT4G01840.1,1701,2079,2114,342,179,273,330,2.92995837908624,9.46896250469746,11.7462267238455,1.15531719698436e-05,1.99587305237546e-05,3.81616260449868,7.62088412310066
AT4G02700.1,641,572,635,19,55,53,331,3.97251108401838,7.28097904837867,10.0476693615395,3.08303775080668e-05,5.01555412521904e-05,2.72902852134613,15.6980242051706
AT4G03110.1,1149,1380,1417,301,240,447,332,2.03663618990556,9.33786776082366,8.4635988229859,8.88958415642032e-05,0.000133703179495486,1.54904091366657,4.10287781201491
AT4G05470.1,5,6,7,137,151,169,333,-4.45784182786023,5.02636005485637,-28.6021230033958,3.65655296683997e-08,2.73352036153023e-07,9.82057330474148,-21.9757702546591
AT4G07507.1,75,99,138,189,202,273,334,-1.10749961084495,7.22399139740308,-4.32867928659038,0.0039606995702871,0.00498887214496659,-2.67985749945711,-2.15471881061389
AT4G08590.1,1990,2056,2300,1530,1896,1668,335,0.319706027398553,10.8846966037906,2.36301995160064,0.0522984523182635,0.0600463711802285,-5.44772541147457,1.24807620714365
AT4G09580.1,1327,1507,1514,41,53,41,336,4.98634662508497,8.00634742844948,33.4682363372165,1.30576945255148e-08,1.93954922000784e-07,10.7641933330949,31.6985869592661
AT4G09900.1,2754,3316,3077,61,32,37,337,6.15491982446195,8.49296589329394,24.9700264980357,8.88844051582437e-08,4.50886346166363e-07,8.96273658035431,71.2550235692437
AT4G10160.1,153,165,170,718,592,561,338,-1.92549469609284,8.31597351035566,-13.8694907790874,4.01147354660241e-06,7.86961105365546e-06,4.97640566448739,-3.79867081410002
AT4G10430.1,4797,5236,4741,195,341,263,339,4.23902193362175,10.1451631262641,20.0087065240241,3.76534127360878e-07,1.17669282021157e-06,7.49992836471665,18.8830765749168
AT4G10640.1,6008,5171,6285,190,192,227,340,4.83485548122477,10.0850197004352,34.5970329670841,1.05038623475978e-08,1.62809866387765e-07,10.9556528009306,28.5388536618957
AT4G11130.1,3901,4990,5160,451,392,453,341,3.42781107147662,10.4689431863932,22.2978501904839,1.86036747584587e-07,7.25933602462935e-07,8.22366544771286,10.761528297015
AT4G11320.1,201,150,160,2,0,2,342,6.35253603291639,4.23290968360563,14.5682532388701,2.92737099888831e-06,5.9834176460794e-06,5.31894972630885,81.7153968969649
AT4G11400.1,223,245,257,992,1264,880,343,-2.09415770107012,8.96744441147509,-12.6383326449942,7.26041433486324e-06,1.30720413407893e-05,4.32740218749991,-4.26976805522039
AT4G11510.1,873,968,876,375,496,492,344,1.00371354258086,9.32090168116304,6.61205934850287,0.000388492404060115,0.000544670254938553,-0.0991338813396316,2.00515469446667
AT4G11940.1,73,77,92,477,609,585,345,-2.77142489975134,7.73038391507541,-17.812728848202,8.00510544221419e-07,1.97648178617501e-06,6.70927540692903,-6.82781940495704
AT4G12080.1,885,1034,989,54,63,59,346,4.02320411559183,7.90768549417364,31.6912585528593,1.86743808900026e-08,2.09898282327635e-07,10.443163325875,16.259422543183
AT4G12140.1,250,234,234,202,362,231,347,-0.100855067742578,7.95862001623154,-0.448377770878745,0.668241104165855,0.685438485523065,-7.6575986947307,-1.07240887786935
AT4G12590.1,3686,4458,4339,193,239,378,348,3.99378601225761,10.0211788314511,15.699717592454,1.80962538382431e-06,3.94441782880454e-06,5.83863942386783,15.9312328741356
AT4G12710.1,1699,1881,2045,174,209,177,349,3.32225677101136,9.20819173899396,24.1809959468364,1.09622372712899e-07,5.14027596418468e-07,8.7550857778153,10.0022784688182
AT4G12790.1,1070,1406,1570,163,149,153,350,3.09581986915737,8.83229567984831,18.4221516493625,6.43735926358351e-07,1.71049831860933e-06,6.93932295527287,8.54938041146815
AT4G12870.1,145902,160072,150583,1886,995,1128,351,6.88683967755414,13.7709899755909,28.075921870883,4.12918636997436e-08,2.91656454993126e-07,9.70539399484735,118.343747676078
AT4G12900.1,153,241,267,8,4,4,352,5.14598592573674,5.17758669327405,16.604777122854,1.2606253014967e-06,2.89476921084426e-06,6.22632076420704,35.4075698774489
AT4G13110.1,2844,3295,3300,129,214,192,353,4.1621277292379,9.53540309791428,19.9379449938877,3.85304550958957e-07,1.17669282021157e-06,7.47602717543261,17.9029785895015
AT4G13345.1,422,453,609,15,10,1,354,6.11476538474127,5.8771932319164,8.29155816962731,0.000100744130758731,0.000150711058883034,1.40932185651396,69.2991323710324
AT4G13460.1,15266,16311,15136,3723,3918,3607,355,2.05389196132174,12.8989095934663,18.4283510733097,6.42333300208958e-07,1.71049831860933e-06,6.94161905133787,4.15224612249758
AT4G13495.1,1832,2563,3061,199,188,176,356,3.69024200685988,9.4030223914562,18.1945473347823,6.97753502716926e-07,1.79422329270067e-06,6.85441752299948,12.9084333088135
AT4G13955.1,1269,1467,1456,1849,2159,2144,357,-0.552617629424724,10.7226535469014,-4.23752275206607,0.00440940978695978,0.00552910260926642,-2.79796554663327,-1.46674454801184
AT4G14690.1,14352,13931,11443,9371,9333,7757,358,0.584531060732774,13.3935622141526,3.91733440907425,0.00649232859028551,0.00801486582606043,-3.22231849117745,1.49955148994983
AT4G15040.1,1773,2290,1639,2344,2603,1836,359,-0.250329904856182,11.0031756647985,-1.29555931652218,0.23863237489315,0.25805594029143,-6.91205754147215,-1.1894790852054
AT4G15050.1,52174,65032,64641,16325,18853,18241,360,1.76256553379269,14.9987637820118,12.4615981910072,7.94066691645935e-06,1.42015773698215e-05,4.22902866496795,3.39300965139694
AT4G15080.1,5642,6378,6248,384,275,264,361,4.32122772679153,10.4096430773328,24.7549579280347,9.40517257381148e-08,4.68579133588107e-07,8.90696143089803,19.9902931928954
AT4G15380.1,85,124,119,0,1,19,362,4.99233718002845,4.27014462164334,4.84033625967602,0.00221812618202217,0.00289185609712236,-2.03938498268573,31.8304838020844
AT4G15900.1,6515,7687,7551,768,992,904,363,3.03218096040011,11.304178372687,20.6787520340035,3.03937130878727e-07,1.0303242212608e-06,7.72149013134669,8.18045427283345
AT4G15960.1,3662,3880,3596,40,16,33,364,7.01370782017021,8.35101313912469,21.9424706288569,2.06569948797271e-07,7.78824536681603e-07,8.11724813896698,129.221992935654
AT4G16180.1,4469,5018,5460,456,507,567,365,3.28657020898985,10.6347791582732,23.1162797103219,1.47069699197735e-07,6.26449558414778e-07,8.4611306734002,9.75789668947812
AT4G16380.1,42502,44051,44954,246,195,273,366,7.5324272532617,11.653250012851,48.9250096939609,1.07765410366241e-09,9.07218140389641e-08,12.7592869506807,185.134152951267
AT4G16760.1,55624,62574,64863,10295,10680,9904,367,2.56512608246392,14.61139527525,21.4488999124472,2.39564868899347e-07,8.57235631433035e-07,7.96597563930992,5.91806721621273
AT4G17486.1,896,1083,944,379,419,361,368,1.33044557410043,9.25987179141031,10.0779306821386,3.02574838749679e-05,4.9367473690737e-05,2.74987422404952,2.51480332217723
AT4G18320.1,2366,2749,2108,49,23,22,369,6.30800754242494,8.0714639867301,20.0839302141661,3.67461271748857e-07,1.16501925929467e-06,7.52522955606982,79.2317928371649
AT4G18400.1,574,638,603,29,61,29,370,3.98583916816663,7.24891208461795,13.5846762836653,4.58085747281044e-06,8.66385536725967e-06,4.83163813116946,15.8437195925243
AT4G18800.1,4979,5294,4976,688,609,647,371,2.97084335315767,10.8257135459252,25.9781488260889,6.86260257611166e-08,3.71779828880612e-07,9.21629506389527,7.83994402075098
AT4G18870.1,1172,1293,1208,1189,1598,1462,372,-0.200402135514663,10.357936977514,-1.35989176222376,0.218525370163671,0.238158508889313,-6.8346171198552,-1.14901858676909
AT4G19120.1,45455,41591,38140,961,774,1007,373,5.51667703254749,12.5867470187509,36.7772891390645,7.03294530652723e-09,1.62591889423992e-07,11.3005577230038,45.7809987769341
AT4G20800.1,13645,15647,15038,21633,24492,24049,374,-0.662847261602789,14.1801910226069,-5.4188850035833,0.00120338070348924,0.00162194790470289,-1.36031593953997,-1.58320410875072
AT4G20830.1,4403,5311,5559,1579,2259,2006,375,1.39395551693085,11.6098580257086,7.86706888647874,0.000138508378975672,0.000203388619653749,1.05365600814899,2.62798222364853
AT4G21430.1,1870,2295,2331,50,94,47,376,5.13153646403113,8.5081827156901,18.4409367930072,6.39496555409511e-07,1.71049831860933e-06,6.94627778014012,35.0547116851964
AT4G21630.1,17535,20059,19345,63,45,96,377,8.16877965125762,10.1255480917102,30.4762705913668,2.41282257534775e-08,2.10367968288132e-07,10.2086699472807,287.771448614681
AT4G21760.1,4008,4488,3675,57,46,39,378,6.40354273088759,8.77993734600799,37.0824378415931,6.66154521786767e-09,1.62591889423992e-07,11.3463836167551,84.6561357331449
AT4G22430.1,641,719,677,357,527,406,379,0.675443055233117,9.07008648791288,3.97554950112878,0.00604435794755794,0.00747838522114707,-3.14407744078582,1.59708716684758
AT4G23020.1,9501,10666,9917,87,24,52,380,7.67983586863521,9.45032068864268,18.043972088651,7.36353136629661e-07,1.86889412134517e-06,6.79758916567345,205.050559309407
AT4G23110.1,17,25,22,1207,1163,1147,381,-5.73142011108955,7.33035228075824,-35.5238798193253,8.83074199612729e-09,1.62591889423992e-07,11.1061313279478,-53.1287222464857
AT4G24640.1,32,90,67,188,195,358,382,-2.00838023378395,6.8840739838278,-4.72809988582568,0.00251081842518165,0.0032281951180907,-2.17662224325149,-4.02330255534669
AT4G24740.1,817,832,807,43,74,74,383,3.70642406714334,7.82556836678136,16.4151622125245,1.35765384061916e-06,3.07955627262394e-06,6.14702320024522,13.0540364453426
AT4G25280.1,562,698,693,63,108,86,384,2.93793459646942,7.8726765717766,13.4935558872393,4.78220672581798e-06,8.89490451002144e-06,4.78466489394994,7.66313433528424
AT4G25440.1,512,693,704,37,47,28,385,4.07073843539305,7.2656595541273,17.9795815661616,7.53604412675314e-07,1.89419487510282e-06,6.77312540593346,16.8040658042998
AT4G25530.1,4548,5206,4966,66,113,65,386,5.94411870604605,9.28651712768335,25.6395188562939,7.47718132551563e-08,3.99723561301207e-07,9.13254297715744,61.5684227868273
AT4G26140.1,1962,2113,2165,534,743,491,387,1.8401177495738,10.1017483406988,10.2532741519768,2.71680233720801e-05,4.4851352194144e-05,2.86952457888437,3.58039249549212
AT4G26410.1,3219,3376,3576,417,405,531,388,2.91697611841247,10.267813887462,19.9331712158951,3.85904634585514e-07,1.17669282021157e-06,7.4744111963588,7.55261433030531
AT4G26420.1,17914,21690,18986,108,83,73,389,7.7921528694526,10.3527281391212,43.9459566495084,2.18275765964164e-09,1.20008864728171e-07,12.2421021877408,221.652046007862
AT4G26640.1,2524,3062,2954,142,123,133,390,4.41052763385578,9.26531609613557,33.2734449134855,1.35673696025145e-08,1.93954922000784e-07,10.7302039733011,21.2667494474602
AT4G27740.1,70,141,143,0,0,1,391,6.48980641348389,3.57823654007528,16.9166438366341,1.11784016956141e-06,2.64583313259419e-06,6.35462190282712,89.8724118030873
AT4G27890.1,1674,2120,1924,1502,2163,1995,392,0.0250356443840811,10.8778545165522,0.139231455442108,0.893423566983502,0.901501537751888,-7.76030623511556,1.0175048310849
AT4G29280.1,1032,1128,1026,1054,1207,1027,393,-0.0431272653857491,10.074121891345,-0.348326870676651,0.738448938961797,0.754678585971947,-7.70232376656926,-1.03034484008352
AT4G29530.1,673,835,763,26,48,24,394,4.55597973508169,7.28247437955865,16.8618452358665,1.14152576420387e-06,2.67635032111663e-06,6.33226607861594,23.5226669670927
AT4G29550.1,124,165,171,110,87,98,395,0.6279614552147,6.94171542929635,3.65386934095741,0.00903071396242214,0.0110024855699379,-3.58226383030352,1.54537981050864
AT4G29860.1,1123,1337,1260,113,71,111,396,3.67015711450865,8.43846853647588,17.7368740714727,8.2293830114108e-07,2.022905603686e-06,6.68002706765867,12.7299700026099
AT4G31060.1,680,800,921,32,9,22,397,5.33863606351577,6.96594608852549,12.6378318339476,7.26224518932741e-06,1.30720413407893e-05,4.327125375871,40.465936068003
AT4G31080.1,3093,3447,3430,136,84,87,398,5.04145343778676,9.17634493147189,24.4924151207282,1.00834775181539e-07,4.97927473905297e-07,8.8380430653593,32.9328037775088
AT4G31180.1,6030,6945,6467,483,558,520,399,3.63618163543983,10.8416599085187,29.4275057340666,3.0350225134373e-08,2.42596554716958e-07,9.99562814288607,12.4336816036772
AT4G31720.1,536,603,643,45,43,32,400,3.87023740045745,7.27758126491298,23.0305719600525,1.50676554717435e-07,6.36950890396432e-07,8.43674591211429,14.6237093876368
AT4G31770.1,163,149,199,14,10,46,401,3.10310527298841,5.85852299180202,6.0133982690822,0.000671201427402503,0.000920222104399501,-0.709722711115734,8.59266275389487
AT4G32110.1,18455,21261,21187,5330,5800,5395,402,1.87960025584209,13.3664504624824,15.5526578650885,1.92270699386236e-06,4.15841280067905e-06,5.77338170447883,3.67973087574916
AT4G32120.1,3010,3352,3056,440,539,454,403,2.71799713990367,10.25605629585,20.5962796670512,3.1194186551222e-07,1.03609262473702e-06,7.69467497011516,6.57958750586703
AT4G32500.1,2239,2344,2181,173,206,169,404,3.62342307372852,9.32698533335951,28.2790358629611,3.93887181996074e-08,2.85266221219007e-07,9.75019176615443,12.3242083611196
AT4G32850.1,6118,7387,7592,372,435,534,405,3.98196380044279,10.7825189756616,22.7757642146682,1.62015506071106e-07,6.74661584982666e-07,8.36359144407472,15.8012172999956
AT4G33830.1,2683,3265,3317,2805,3311,2944,406,0.0292460109602306,11.5719023954258,0.207228312660022,0.84208478273873,0.851237878203281,-7.74682823570743,1.02047865827393
AT4G33840.1,11962,14246,12899,13454,16387,15710,407,-0.218649582555788,13.7759066547816,-1.59658391726191,0.157015506980258,0.173494362168285,-6.53298866899411,-1.16364386161188
AT4G34330.1,203,224,189,201,242,209,408,-0.0804024541680723,7.7255552742572,-0.599066154714124,0.569128011903026,0.592487743734867,-7.57056769798311,-1.05731294741597
AT4G35050.1,1115,1161,1234,174,204,204,409,2.58887989362084,8.89783038375816,20.7332080656321,2.9878108037995e-07,1.02282112179148e-06,7.73912739081738,6.01631411814363
AT4G35740.1,1592,1821,1947,160,145,141,410,3.57537573363679,9.01118405231817,27.2351311842018,5.03821735583137e-08,3.13726264941953e-07,9.51528609569,11.9205238666122
AT4G35840.1,7245,8023,7515,43,62,27,411,7.47491928943024,9.15214846611339,26.1670607612232,6.54508824002092e-08,3.6159992454769e-07,9.26241205768728,177.899579393294
AT4G36220.1,1529,1446,1164,52,119,80,412,4.09653944353234,8.37315673945162,13.6545289532477,4.43307473345891e-06,8.43607209638953e-06,4.86742978369682,17.1072913153064
AT4G36590.1,608,900,711,886,1099,785,413,-0.324349486761806,9.67597979160966,-1.63105666433541,0.149531529549067,0.166212337626254,-6.48717199430636,-1.25209973777554
AT4G36830.1,98,108,98,13,16,22,414,2.5361726151904,5.40754621405018,12.9047578109225,6.35730197538886e-06,1.16689950732467e-05,4.47312306656515,5.80048130443418
AT4G37690.1,2379,2491,2314,1954,2097,2429,415,0.154046078700594,11.148520523772,1.19029464851843,0.27501291052888,0.29511000783676,-7.0338413653845,1.11268565844217
AT4G38700.1,8022,8771,8088,9872,11076,9939,416,-0.31107357023707,13.1723240598612,-2.65152452989011,0.0347250190720885,0.0405367377452414,-5.02293946250895,-1.24063056206078
AT4G38960.1,766,684,600,49,56,72,417,3.52256445441418,7.65013914814692,19.4508045312402,4.52475430184699e-07,1.31500671897428e-06,7.3087811015178,11.4920514704943
AT4G39390.1,4302,4198,4151,236,231,200,418,4.24292399697881,9.92072064355766,35.2307631213444,9.32426606015725e-09,1.62591889423992e-07,11.0591766289276,18.9342188428849
AT4G39650.1,60410,75301,79902,57273,72012,75812,419,0.0723887109540762,16.0867677314042,0.421451348849324,0.686822018715388,0.703204929253553,-7.67068544307728,1.05145616886432
AT4G39690.1,3878,4129,4191,552,535,409,420,3.03670438939258,10.4705871814289,19.9873059790214,3.7916214674069e-07,1.17669282021157e-06,7.49271022285459,8.2061435379936
AT4G39753.1,64,58,36,110,115,85,421,-0.98806579605351,6.1988543073665,-4.02803641027101,0.0056695261099258,0.00704586986489666,-3.07394569730447,-1.98352392069796
AT4G39955.1,4483,4513,3985,168,232,73,422,4.9189894380903,9.61766770123362,12.2823193691712,8.70641186610563e-06,1.54227867342443e-05,4.12780691767819,30.2526462568626
AT5G02630.1,1407,1574,1477,23,68,44,423,5.14155274407636,7.96588972331451,14.2014923694653,3.44747882170099e-06,6.84588321177634e-06,5.14133885425652,35.2989348144802
AT5G02880.1,14440,17223,17386,1151,1148,1120,424,3.83635946412677,12.0737326143613,30.6347287246485,2.33220313697372e-08,2.09898282327635e-07,10.2399832694185,14.2843102010219
AT5G02970.1,11233,11163,12159,453,396,435,425,4.74809269858828,11.1166223523644,40.2251835658998,3.90407948499537e-09,1.36154772039213e-07,11.7867313201175,26.8731344188068
AT5G03020.1,722,851,678,477,571,492,426,0.54454908009488,9.27433520042646,3.7901527850299,0.00760351004594816,0.00934528327233277,-3.39489411134111,1.45856439305683
AT5G03100.1,808,962,1158,146,151,133,427,2.7454545608474,8.54395696333627,16.9028054133071,1.12376783588678e-06,2.64583313259419e-06,6.34898382492524,6.70600965773855
AT5G03240.1,38593,47445,56474,8829,8987,8479,428,2.42119395467998,14.3078738710621,14.8328370664042,2.60785849141785e-06,5.40960980747643e-06,5.44420161915396,5.35614105450767
AT5G03280.1,21181,23775,22502,1456,1523,1498,429,3.91112743493832,12.4996360566377,34.8327355826432,1.0046128005842e-08,1.62809866387765e-07,10.9944808501329,15.0441160458026
AT5G03370.1,2658,3158,2812,608,509,547,430,2.37237672773118,10.3004163431075,17.8902547292821,7.78311179550692e-07,1.93882874191646e-06,6.73902507571236,5.17793454388425
AT5G03800.1,1299,1630,1693,362,309,357,431,2.15942973780855,9.50097017574902,14.2934513091011,3.30774591709835e-06,6.63928856741323e-06,5.18631654405558,4.46738235586868
AT5G04560.1,11273,12297,13615,635,660,766,432,4.17179702700423,11.5073892416004,30.3798685552182,2.46343740026399e-08,2.11476626053432e-07,10.1895095159363,18.0233717665202
AT5G05120.1,586,711,630,20,25,4,433,5.51992036108393,6.56485525914437,9.28664971995712,5.02745093086644e-05,7.92462604356913e-05,2.1848215613932,45.8840349994907
AT5G06020.1,194,252,273,274,366,428,434,-0.55980064245011,8.17601897835987,-2.61797959014114,0.0364048214359533,0.0424089569128641,-5.07234697246482,-1.47406551076614
AT5G06030.1,149,201,164,131,161,123,435,0.304970651621179,7.26529880335391,1.79285569692345,0.118710861250037,0.132481321155042,-6.26697400160832,1.23539350557497
AT5G06380.1,61,114,93,144,202,108,436,-0.753051372989385,6.82795075749765,-2.4622673142833,0.0453920854526637,0.0524405459266798,-5.30174869434669,-1.68535367176874
AT5G06500.1,2042,2650,2493,1094,1376,1517,437,0.853685373130402,10.7908373779115,4.87769722652057,0.00212930826040525,0.00279565649248501,-1.99410429236751,1.80711131076216
AT5G06670.1,4048,4665,4691,498,669,729,438,2.83488062441313,10.7049956270232,16.1846840430235,1.48735708759811e-06,3.31978101951898e-06,6.04928766805348,7.13483775984431
AT5G07430.1,287,723,407,1110,1258,1632,439,-1.5822728380576,9.57186849586114,-4.59797881962221,0.00290534460440625,0.00370979928892148,-2.33801137195121,-2.99441221408706
AT5G07460.1,1924,1870,1412,174,146,191,440,3.33631212221817,9.08010471357237,18.9443750903965,5.36994451125997e-07,1.4907607150662e-06,7.12973941747711,10.1002011650797
AT5G08360.1,731,921,964,22,53,79,441,4.22611011925366,7.64651424399611,9.66623240835518,3.92260189999916e-05,6.28968925344693e-05,2.46116980655134,18.7148310518513
AT5G09490.1,618,818,648,671,895,682,442,-0.107274734757347,9.48483400366348,-0.605108199936137,0.565339504796574,0.589643819956053,-7.5666037919893,-1.0771914879853
AT5G09900.1,4611,5402,5170,409,594,482,443,3.36494800574203,10.6198424483832,19.947205512124,3.8414352134658e-07,1.17669282021157e-06,7.47916069132343,10.302681724104
AT5G10220.1,1056,1251,1071,1091,1438,1128,444,-0.107523363220025,10.187717581201,-0.690520158831206,0.513429697570704,0.538522126399347,-7.50681972927144,-1.07737714298166
AT5G10440.1,546,487,492,549,510,621,445,-0.136553287582297,9.05880270936893,-1.05306786641601,0.329361004814707,0.350063696545917,-7.18232632954731,-1.09927571967856
AT5G10950.1,3842,4359,4568,846,988,1131,446,2.11169643167078,10.9960825868098,13.8576149761694,4.03352824613882e-06,7.86961105365546e-06,4.97043065731719,4.32199208956476
AT5G11310.1,490,561,573,84,157,97,447,2.30367697759377,7.92779899827355,9.53371721341918,4.27335264053627e-05,6.81294506691211e-05,2.36583491495384,4.93714486685384
AT5G11460.1,817,904,934,74,54,54,448,3.85833848404737,7.85968194787209,23.6906467965085,1.25307594451959e-07,5.5018024915369e-07,8.62173321946665,14.5035934355289
AT5G12840.1,1565,1786,1644,481,558,456,449,1.74147337360797,9.82928474151439,13.1852116835137,5.54287226499104e-06,1.02414659730629e-05,4.62327591574293,3.34376480373155
AT5G13620.1,78,75,72,60,81,90,450,-0.0181837206263218,6.25626946714673,-0.105400223624062,0.91919231139204,0.924160918480646,-7.76505259190515,-1.01268375979261
AT5G14620.1,913,945,982,48,73,60,451,3.96929792914367,7.90294914700752,23.1309769038919,1.46461217917256e-07,6.26449558414778e-07,8.46530107806843,15.6631006396694
AT5G15140.1,21,39,35,134,173,152,452,-2.27528740687508,6.1214052750932,-9.24102268221285,5.18276780481947e-05,8.1235517839586e-05,2.1509170922948,-4.84094065009814
AT5G15380.1,111,91,72,32,10,6,453,2.73652025898043,5.13865368284133,5.01338588301242,0.0018386104048896,0.00243114835528056,-1.831332020986,6.6646090987281
AT5G15470.1,8567,8274,8100,327,329,226,454,4.83758264911401,10.6022655599419,27.6340755208177,4.58091841438241e-08,3.09162005964277e-07,9.60644083274827,28.5928524986861
AT5G16360.1,53,111,90,52,72,99,455,0.169478620400609,6.27193971127295,0.504496430407432,0.630327997202147,0.650134976781512,-7.62788854953293,1.12465197011377
AT5G17320.1,3817,4272,4038,905,787,667,456,2.37009802260383,10.7947567952941,15.9382432875755,1.64205467171872e-06,3.60734845204349e-06,5.94310576703747,5.16976256543804
AT5G19175.1,78,123,80,937,1295,1223,457,-3.62428496554802,8.34475150325687,-16.1226116856191,1.5246834176108e-06,3.37608471042391e-06,6.0227081301516,-12.3315732633516
AT5G19600.1,1368,1709,1463,179,227,138,458,3.07690099869909,9.01967856042219,14.9698512131778,2.45823882097091e-06,5.1374429292201e-06,5.50814360831022,8.43799948028849
AT5G20810.1,1165,1283,1283,310,340,389,459,1.84616067818024,9.35699001005825,13.860333045989,4.02846823688006e-06,7.86961105365546e-06,4.97179865020346,3.59542091921655
AT5G21150.1,25137,28728,28662,1966,2112,2201,460,3.71441578536171,12.8876935752735,30.5159406104864,2.39234256412923e-08,2.10367968288132e-07,10.2165303143301,13.1265491114341
AT5G21930.1,2483,2795,2876,296,364,404,461,2.94336591233169,9.93429958027922,18.9896502682973,5.28740664310577e-07,1.48259945067991e-06,7.14596692802425,7.69203811981906
AT5G22020.1,4913,5584,4625,27,36,19,462,7.51561229193171,8.53738494015716,32.1005914241241,1.71673625844846e-08,2.09898282327635e-07,10.5193476618773,182.988895438096
AT5G22200.1,2413,2938,2756,34,57,35,463,6.01000471430057,8.3907320283219,27.1141742171365,5.18709173833933e-08,3.18065625273994e-07,9.48730193394122,64.4453657916749
AT5G22440.1,4141,4470,5022,1687,1956,1825,464,1.31560964970559,11.4878042512922,10.014764366696,3.14674391422368e-05,5.10431134923493e-05,2.70629539016773,2.48907491013454
AT5G22920.1,9076,17285,18477,338,430,350,465,5.26227484581273,11.1684750037497,18.2732930067454,6.784959144602e-07,1.76093358264554e-06,6.88392717737622,38.3797882246208
AT5G23210.1,64588,69111,67953,2551,2256,2038,466,4.88555698337618,13.5931949506792,37.6684781119564,6.00976972644707e-09,1.62591889423992e-07,11.4327995040277,29.5596438754484
AT5G23340.1,2926,3198,3533,149,227,165,467,4.16965016535616,9.56374112801393,22.3491137628727,1.8327296035894e-07,7.23483288864943e-07,8.2388475720206,17.9965712931497
AT5G24240.1,13892,15697,16421,1283,1416,1618,468,3.41592170210659,12.1932744511676,24.2559569864667,1.07429235130303e-07,5.12354813698366e-07,8.77517561896632,10.6732060858461
AT5G24380.1,758,719,791,450,524,484,469,0.638055872980464,9.24402732745135,5.32189313016918,0.00132916726347354,0.00177859792090704,-1.4709083781537,1.55623062195281
AT5G24460.1,4420,5331,4973,723,837,499,470,2.86479075693843,10.8245409136174,13.568514933832,4.6158489766418e-06,8.67220110763005e-06,4.82333039880558,7.28430210434265
AT5G24810.1,24387,25836,24055,1540,1769,1503,471,3.95045676145697,12.6198195951161,32.431593176476,1.6050523602333e-08,2.09898282327635e-07,10.5799551831982,15.4598751295988
AT5G25410.1,738,890,1014,20672,27128,28134,472,-4.84237018236733,12.1931771537639,-26.4056066220119,6.168000993755e-08,3.5481902623869e-07,9.32003687785431,-28.6878944935528
AT5G25950.1,2171,2920,2963,2486,3406,3409,473,-0.206549428428472,11.480069635194,-1.0613392208505,0.325854156979341,0.347660840524804,-7.17373281991518,-1.15392497613922
AT5G26250.1,837,868,844,725,810,605,474,0.262089501999112,9.60123069289488,1.84213153763056,0.110609114191806,0.123935513492023,-6.1984393517788,1.19921430841067
AT5G26630.1,607,641,589,645,596,717,475,-0.088629788322228,9.30395760909948,-0.715015425171574,0.499123917410926,0.52549272814207,-7.48841091057259,-1.06335976787394
AT5G26650.1,1952,1976,1806,60,49,17,476,5.65181188390023,8.07407878487675,12.882967592991,6.42612489096599e-06,1.17566481611771e-05,4.46131907950384,50.2764849806251
AT5G26700.1,302,464,394,1264,1229,2051,477,-1.94740318429417,9.55035816965802,-7.60950266600493,0.000169209473894921,0.00024781859956264,0.829891193806885,-3.85679692419431
AT5G27910.1,278,299,344,63,110,90,478,1.8270606824806,7.3476005100899,8.28655555009494,0.000101114646351738,0.000150860889476658,1.40522177833971,3.54813445871246
AT5G27960.1,259,228,235,141,86,121,479,1.07359556585698,7.37794043390059,5.41501670795156,0.00120813362457961,0.0016244302711215,-1.36470211991019,2.10467221892721
AT5G28000.1,1007,1153,1137,1116,1132,917,480,0.0627654382447798,10.0692813723616,0.453748293883626,0.664564550762374,0.682922687523766,-7.65489724420937,1.04446593370914
AT5G28530.1,1887,2024,2195,98,127,157,481,4.01129140425656,8.98335815821385,21.0075319653086,2.74288411111846e-07,9.50639337890745e-07,7.82715525485413,16.1257170073405
AT5G28646.1,111,102,123,35,58,54,482,1.20470799843296,6.21366325399275,5.69920209591246,0.000908922305045928,0.0012370210883308,-1.04781108903018,2.30490613323702
AT5G32619.1,187,210,234,2536,2878,2741,483,-3.68968924881893,9.56224628672607,-27.5490081391256,4.67427970909039e-08,3.10505723532433e-07,9.58714956375629,-12.9034884844588
AT5G34940.1,9647,11453,11852,5702,6739,6301,484,0.811636826422514,13.0116958240301,5.87618406967966,0.000765126304135645,0.00104386424867406,-0.85582114446744,1.75520169786644
AT5G35490.1,81,93,105,15,21,3,485,3.06020989740721,5.01658215491604,5.07437682769611,0.00172263231159118,0.00229410221925508,-1.75901967314142,8.34093952004507
AT5G37290.1,898,984,967,172,207,191,486,2.31833000354461,8.73250848393863,18.5810937774751,6.08859638280769e-07,1.64127380753946e-06,6.99791725378241,4.98754550290816
AT5G37420.1,182,238,213,46,61,76,487,1.79415397663551,6.82226755590422,8.52170992506749,8.52588644777709e-05,0.000128579584807017,1.59567858906577,3.46812038149161
AT5G37560.1,386,355,447,0,0,0,488,8.62642603638947,4.31321301819474,66.7882503093084,1.38927976943691e-10,7.75218111345794e-08,14.0222128991528,395.196411425833
AT5G38140.1,360,346,421,0,2,3,489,7.35692785581715,4.87345142814896,14.9935917649482,2.43332786280845e-06,5.10449980243277e-06,5.51916017663734,163.929064520423
AT5G38195.1,3416,3724,2716,3343,3886,2405,490,0.0483722137639884,11.645593257414,0.221933301177276,0.831081515980691,0.841639720357941,-7.74322585747157,1.03409749787312
AT5G39260.1,78419,97607,103968,94423,116079,115687,491,-0.224021958663531,16.6118242133942,-1.38697343950401,0.210520527843557,0.230334224581775,-6.80138477710868,-1.16798517189625
AT5G39440.1,966,868,687,1111,1075,987,492,-0.343973821957158,9.87426997797636,-2.16224425180094,0.0697671352678931,0.0791261412184642,-5.74122501269738,-1.26924785500824
AT5G39560.1,271,273,198,447,440,416,493,-0.824591265435094,8.35300214763572,-5.15261326723511,0.00158567570522449,0.00211676326199824,-1.66702824435542,-1.77103321001482
AT5G40570.1,794,915,922,133,183,133,494,2.5561537796473,8.49665700214783,15.2580360595906,2.17456905828061e-06,4.57890390385124e-06,5.6406411550236,5.88137621938183
AT5G40600.1,782,798,932,66,64,96,495,3.47742787179914,7.96817055112402,18.3881318194646,6.51495882455209e-07,1.72291328156401e-06,6.92670743588,11.1380739540112
AT5G40680.1,3850,5098,5426,12199,13907,14606,496,-1.51321264709586,12.9675913981372,-8.93428968191395,6.38116640096651e-05,9.78211772455855e-05,1.91901078134533,-2.8544497141436
AT5G41260.1,1473,1611,1711,162,174,274,497,3.00613224984958,9.13747514974994,13.8304493590377,4.08450285378762e-06,7.91372427921351e-06,4.9567431147579,8.03407678481156
AT5G41610.1,7299,8451,7994,811,885,559,498,3.4192860987574,11.2382369902738,17.478830323953,9.04822287113949e-07,2.20476347689774e-06,6.57947895340245,10.6981252825773
AT5G41750.1,1134,1379,1385,37,23,18,499,5.64494104945757,7.51607636726489,21.5201044299434,2.34450003989904e-07,8.49500663807573e-07,7.98805362317173,50.0376125114427
AT5G41830.1,985,1013,973,22,36,44,500,4.87806510581599,7.51398869224654,19.7017890585215,4.16320860623534e-07,1.23609065805568e-06,7.39554489592455,29.4065392971272
AT5G41850.1,847,1105,906,154,118,113,501,2.88672756085984,8.44464117467889,16.4859063055145,1.320483021309e-06,3.00746745261396e-06,6.176724492284,7.3959094463696
AT5G42235.1,24074,26899,26752,3488,3867,2974,502,2.91777862492049,13.2004372840449,20.636369438078,3.08020885125081e-07,1.03539550542045e-06,7.70772548945136,7.55681667940247
AT5G42670.1,608,675,659,45,63,92,503,3.31825976708976,7.68003680593323,13.0707662097445,5.85984881099326e-06,1.07914047410371e-05,4.56239658712342,9.97460538830538
AT5G42690.1,4678,5199,5922,41,17,5,504,8.3070626223763,8.20259961950222,12.8567731897407,6.50999151607964e-06,1.18711609999099e-05,4.44710264499342,316.719661945022
AT5G42930.1,8344,8048,8220,150,91,130,505,6.07033288518393,9.96696300823182,30.9287925073528,2.19066303761052e-08,2.09898282327635e-07,10.2975039889101,67.1973709788698
AT5G43420.1,832,864,940,18,5,16,506,6.13880902173437,6.70952212933888,14.3592537205232,3.21174294359888e-06,6.49330638597164e-06,5.21831663355496,70.4637339503467
AT5G43780.1,6795,7101,11719,295,556,458,507,4.28927583504401,10.8690836596496,14.011395965749,3.7583628899342e-06,7.41048230594799e-06,5.04739614448689,19.5524275818002
AT5G45980.1,296,353,337,533,439,538,508,-0.61113100026626,8.66650020252178,-4.32197000621492,0.00399194005696471,0.00501689763915835,-2.68850923333564,-1.5274561884513
AT5G46230.1,794,754,718,101,93,97,509,2.94775593568637,8.0877859804313,26.1065802254347,6.6448651110715e-08,3.63513209017441e-07,9.24769431069517,7.71548011927092
AT5G46540.1,21750,21347,21292,6261,6411,5781,510,1.80412653865178,13.4875030682493,16.2824486328001,1.4306750299001e-06,3.21901881727522e-06,6.09092813417666,3.49217664960137
AT5G46810.1,20302,25081,27425,23033,27447,27115,511,-0.0985736131088206,14.6049623639711,-0.622741271014755,0.554369651099081,0.579285141036119,-7.55483261920889,-1.07071432801257
AT5G47175.1,51,64,57,85,92,85,512,-0.603633264738369,6.16207947446822,-4.61833381281742,0.00283931049925344,0.00363379646464087,-2.31260273836301,-1.51953853830737
AT5G47620.1,5025,5122,4836,537,522,414,513,3.35292264324775,10.6094936633032,23.7801642836342,1.2226083376604e-07,5.46247234983048e-07,8.64633169367566,10.2171622185737
AT5G47770.1,8217,8872,9250,1071,1093,1368,514,2.90492617756837,11.6459274036203,20.411875890031,3.30732773916131e-07,1.06675657713989e-06,7.63426041898944,7.48979471829507
AT5G47790.1,4850,5292,5389,238,315,321,515,4.15814717539903,10.2575950657903,26.8137592840153,5.57925942150674e-08,3.38394212739213e-07,9.41708789717861,17.8536503903938
AT5G48650.1,14718,16730,18297,524,622,643,516,4.79494919965462,11.614200881058,33.0249424391735,1.42511681040003e-08,1.93954922000784e-07,10.6864241509258,27.7602604741393
AT5G48670.1,478,454,457,90,127,151,517,1.93902873842564,7.88808842042691,9.69378091552066,3.85388262886907e-05,6.19730981818138e-05,2.48083865985697,3.83447413577758
AT5G48970.1,1635,1948,1851,303,322,269,518,2.59973677542384,9.51991287610804,19.4347958549539,4.54901303503727e-07,1.31520687748746e-06,7.30320341040737,6.06176017655036
AT5G49040.1,4352,5024,5103,1081,1461,956,519,2.06817576841371,11.1992837156286,11.1782025603531,1.57993539980761e-05,2.66345605163942e-05,3.47038711092424,4.19356078663223
AT5G49160.1,1318,1647,1665,205,263,238,520,2.70738020242596,9.23094391938712,17.1721640323621,1.01458863355309e-06,2.43955995722643e-06,6.45782645811538,6.53134538862499
AT5G49810.1,27595,29018,28882,2437,2385,2582,521,3.52937401381388,13.0335845623848,32.1952582639133,1.68390635306673e-08,2.09898282327635e-07,10.5367716732829,11.5464224779231
AT5G49830.1,16100,18647,18295,1412,1376,1291,522,3.69786255462398,12.2580142603663,30.6434179942602,2.32787269655901e-08,2.09898282327635e-07,10.2416939010809,12.9767981324055
AT5G49890.1,6563,7096,7255,1077,1122,1131,523,2.64878997901998,11.4417089621717,23.7479850867193,1.23346149834882e-07,5.46247234983048e-07,8.63750238183457,6.27141060272854
AT5G49900.1,10314,10656,11422,434,538,566,524,4.40180198109369,11.1963069833571,30.7757704908668,2.26304314673169e-08,2.09898282327635e-07,10.2676670207276,21.1385128984667
AT5G50470.1,34,42,14,950,1193,1153,525,-5.27495926450509,7.45829242133774,-13.6907342809341,4.35863339528802e-06,8.32916929647504e-06,4.88590715090479,-38.7187175897425
AT5G51450.1,2541,2734,3102,41,80,33,526,5.83629704909996,8.52469194685455,18.317702366072,6.67905039351497e-07,1.75797647150064e-06,6.90050650293827,57.1347689405444
AT5G52610.1,1537,1883,1856,204,336,183,527,2.90851143358857,9.32080466237572,11.8525746631944,1.09124625268876e-05,1.89104164285817e-05,3.87908396698008,7.50843082961451
AT5G53150.1,3409,3706,3940,1995,2105,1916,528,0.876039369945794,11.4072931343166,7.3665738711465,0.000205435096296309,0.000296976123661504,0.613036217085687,1.83532984856195
AT5G53250.1,1537,1361,1729,1000,864,1076,529,0.652773994197897,10.2585820357337,4.37665874867476,0.00374503509728956,0.0047386158373868,-2.61817835427348,1.57218827338693
AT5G53870.1,6230,6965,7405,7227,8305,8261,530,-0.20858423294046,12.8462393142449,-1.60807982142866,0.154481488677447,0.171373102747545,-6.51775697802601,-1.15555364214299
AT5G54067.1,320,417,315,585,702,491,531,-0.752360957151248,8.82203693436905,-4.03403539374951,0.00562834269938634,0.00701030184432496,-3.06595493623457,-1.6845473222254
AT5G54095.1,36,107,81,1011,960,1338,532,-3.98547785612729,8.10003655220048,-10.1355066221524,2.92007559856861e-05,4.77830552493046e-05,2.78937542764863,-15.8397521498547
AT5G54350.1,62,78,48,2870,3265,2568,533,-5.53062244995916,8.73056806357699,-27.2861310313985,4.97692408814869e-08,3.13726264941953e-07,9.52703649835814,-46.2256739958083
AT5G54360.1,9,4,0,1095,1416,1337,534,-8.43622077891509,6.09939578604912,-10.837733905582,1.91943603969172e-05,3.206722485473e-05,3.25490546974031,-346.382150744291
AT5G54650.1,6267,6466,6173,1192,1076,1111,535,2.48417939739088,11.3794636770164,22.3334531645324,1.84112234800756e-07,7.23483288864943e-07,8.2342140196316,5.59516003911025
AT5G55690.1,65,106,138,3,0,3,536,5.30160072616104,3.98413369641385,9.08307376093427,5.76433348576199e-05,8.90996699461272e-05,2.03237435515351,39.4403575669739
AT5G56430.1,144,139,92,190,237,179,537,-0.705249589868479,7.30207510095688,-3.29694666897959,0.014358415933202,0.0173796010644831,-4.08414895768874,-1.63042670832626
AT5G57900.1,4765,5517,5914,123,130,113,538,5.45271536822721,9.66652745947663,40.4586608187319,3.75840877846985e-09,1.36154772039213e-07,11.8172885113034,43.7956406496619
AT5G58030.1,2293,3014,2657,122,121,143,539,4.35151350257834,9.19014903273731,28.9875133776936,3.34973488353829e-08,2.59604453474217e-07,9.90314661547448,20.4143751208913
AT5G58550.1,1661,1920,1939,138,133,143,540,3.72441071429559,8.98052377868899,30.7334151879157,2.28356108417834e-08,2.09898282327635e-07,10.2593719917266,13.217805020248
AT5G58760.1,877,696,647,333,391,345,541,1.04329987135414,8.9993307237524,6.65908552324325,0.000372761036661364,0.000525254188022831,-0.0529442857994962,2.06093623859138
AT5G58840.1,12467,12770,12119,15553,16681,15340,542,-0.348159726726228,13.777955994526,-3.16207978522093,0.0171907861725812,0.0206734023368541,-4.2775607635533,-1.27293585946081
AT5G60440.1,831,778,684,777,732,632,543,0.099507330500769,9.5255394727665,0.706424553112783,0.504111119996836,0.529743888810234,-7.49492997903912,1.07140752245109
AT5G60760.1,1184,2319,2294,2142,2290,2399,544,-0.300379232125124,11.0018092400965,-1.09930450599611,0.310143125839154,0.33153230693151,-7.1336848921562,-1.23146807903205
AT5G61490.1,155,198,222,35,70,48,545,1.92951492475467,6.6095514507314,7.10862064330583,0.000253883752409418,0.000363249061139629,0.376324609975644,3.80927099121453
AT5G62140.1,574,490,423,81,74,95,546,2.5545282062915,7.66770850175746,15.4524116074894,2.00444452422709e-06,4.30184632507198e-06,5.72851881231306,5.87475304264243
AT5G63230.1,1263,1375,933,599,709,428,547,1.05066550006713,9.67377533082939,4.43482414009976,0.00350087220997386,0.00443974248446685,-2.54385509565907,2.0714851816768
AT5G63740.1,167,196,193,469,617,523,548,-1.52237363052819,8.29928084340485,-10.2110243825927,2.78780757935788e-05,4.5752842037697e-05,2.84087001605818,-2.87263288210454
AT5G64400.1,6452,6751,6832,702,751,721,549,3.20244405089623,11.1038302779939,29.4152333166933,3.04332595523065e-08,2.42596554716958e-07,9.99307404861913,9.20516799365419
AT5G64430.1,21523,24889,25317,269,286,292,550,6.39611121534498,11.3435487337221,52.0595766171762,7.16222479571906e-10,9.07218140389641e-08,13.0399454123562,84.2211818448497
AT5G65160.1,2087,2132,2009,59,74,80,551,4.86133158132924,8.58918555366096,33.0839803260075,1.40851909216809e-08,1.93954922000784e-07,10.6968679255528,29.0674293022508
AT5G65870.1,1130,1164,1089,8,7,13,552,6.81410998323195,6.73281496611594,31.0743116248588,2.1242928179027e-08,2.09898282327635e-07,10.3256883083755,112.525641813329
AT5G66100.1,1344,1554,1379,210,285,329,553,2.3930830447987,9.27897243564315,12.7080067881712,7.01078122011359e-06,1.27013503922837e-05,4.36580618032259,5.25278685531957
AT5G66250.1,1996,2189,2360,84,68,73,554,4.84604911320544,8.665480809451,35.4513204750999,8.95005143956275e-09,1.62591889423992e-07,11.094561749829,28.7611431412764
AT5G66750.1,1408,1577,1536,414,449,441,555,1.79052918639037,9.6614816854761,15.5699656178522,1.90898553695063e-06,4.14480128256207e-06,5.78109616252804,3.45941762094536
AT5G66910.1,4323,4828,4967,87,145,161,556,5.20166761124194,9.59720253242162,21.5785271750842,2.30346928032112e-07,8.45615696328411e-07,8.00610361765201,36.8008609007121
AT5G66985.1,754,776,495,17,6,10,557,5.89319613028994,6.42550191252404,16.2533047020092,1.44730845097299e-06,3.24336592627681e-06,6.07854333074871,59.4331577673041
AT5G67620.1,15766,17095,13960,1027,1294,962,558,3.83978449946135,12.0051432229344,24.0202769555309,1.14500401596356e-07,5.32426867423053e-07,8.71175000280214,14.3182622048625
