AT1G02790.1,156,117,74,422,270,538,1,-1.82490728949233,7.71448114099595,-5.96186187087742,3.11599769432465e-07,4.58766942858353e-07,6.19487456299175,-3.54284239886011
AT1G02940.1,2755,2333,2235,3496,2947,2649,2,-0.308515347625297,11.4021421708976,-1.08981365223011,0.281373971421046,0.321077047143034,-6.617560007019,-1.23843259451336
AT1G04445.1,1795,1508,1162,1501,1335,1105,3,0.168691682172669,10.4335155278273,0.587288040360033,0.559832618405923,0.60295134144971,-7.03874499885388,1.12403868021483
AT1G04540.1,2116,1461,1209,291,158,220,4,2.83723813618872,9.18215575927963,9.53484461622654,1.51728787600362e-12,2.87975045853749e-12,18.3378698351826,7.14650634830547
AT1G05160.1,5709,4661,4445,3739,3127,2695,5,0.635949473047283,11.943458780945,2.23593548018087,0.0301626311148376,0.0369906553012733,-4.8011218393247,1.55396011286858
AT1G05820.1,706,563,506,41,60,69,6,3.37954063897498,7.50721624524969,11.6530698199279,1.94761536216434e-15,4.80871403578628e-15,24.960377638478,10.407420543269
AT1G06470.1,3300,2114,2217,128,105,121,7,4.39342932461407,9.08667634482348,15.3046577905679,7.64216104446498e-20,3.33150458032145e-19,35.00580560706,21.0161911826312
AT1G06660.1,289,231,220,302,172,191,8,0.187675977567702,7.84809289272746,0.644600106809081,0.522332985208533,0.568151668121562,-7.00317210517241,1.13892755079313
AT1G07135.1,927,472,891,53,69,58,9,3.59258789997233,7.71856513947626,12.1266130153958,4.75526898725885e-16,1.25162268626908e-15,26.3607402875008,12.0635942041938
AT1G07690.1,220,222,169,169,117,140,10,0.522202685850364,7.40496312222463,1.82761290045884,0.0739858905309916,0.0884028413625124,-5.57471996442774,1.43614626225603
AT1G07705.1,3788,2758,2844,876,807,695,11,1.97138536400356,10.6115553523502,6.93163384624679,1.05879823792957e-08,1.65957701338399e-08,9.54004954596334,3.9214449942332
AT1G08030.1,6727,5315,4858,1423,1110,1050,12,2.23586920344365,11.3282424304944,7.83278308935735,4.65360978779776e-10,7.70538356555238e-10,12.6418275207205,4.71046408239161
AT1G08065.1,370,328,258,385,311,262,13,-0.000916935793345175,8.30513428057754,-0.00319369051106912,0.997465380265785,0.997465380265785,-7.213294914966,-1.00063577347825
AT1G09380.1,1440,973,946,700,488,582,14,0.911179945187371,9.64702775998147,3.15432222134973,0.00280923761501581,0.00365397340134923,-2.63309658151937,1.88058295268002
AT1G09550.1,1935,1894,1526,1805,1796,1216,15,0.168086464475122,10.7104000068057,0.585846018138755,0.56079326528062,0.60295134144971,-7.03959801243325,1.12356723932777
AT1G09880.1,6013,5161,4633,4918,4348,4183,16,0.228193812699484,12.2411917294945,0.808319703734601,0.422995760007791,0.470182538016629,-6.88371273425406,1.17136753301423
AT1G10010.1,3050,2447,2244,3447,2597,2154,17,-0.0677492972045446,11.3555259942355,-0.235077460263862,0.815173986368652,0.843909247483688,-7.1852458732766,-1.04808033064725
AT1G11420.1,730,581,473,100,132,114,18,2.34278740618721,8.02438835949272,8.17317823297605,1.44868831004518e-10,2.4796566779301e-10,13.8019149882161,5.07281801783804
AT1G11580.1,14746,13285,12117,41,58,78,19,7.8439586145559,9.78155971405052,26.9432736677496,3.78053740457117e-30,1.40635991450048e-28,57.9171169638811,229.755982049338
AT1G14580.1,2058,1347,1194,116,116,105,20,3.71949263498407,8.68262961540204,12.8880166454484,5.23411728274219e-17,1.5453108168096e-16,28.550088889688,13.1728228612913
AT1G15760.1,625,437,372,76,62,37,21,3.03861458305021,7.34997195073791,10.1134374234035,2.32807204958806e-13,4.77597133702256e-13,20.2033142735971,8.21701604042575
AT1G17770.1,1655,1252,956,6427,5166,4738,22,-2.10286651880845,11.34711084984,-7.24795084828969,3.51999643368137e-09,5.6279599140235e-09,10.6323375304541,-4.29562042822136
AT1G17820.1,14494,11917,10745,2144,1620,1292,23,2.8965658333516,12.1369285392474,10.0277150544811,3.06544479519867e-13,6.22006616625766e-13,19.9295089378197,7.44651725616786
AT1G17860.1,2865,2813,2401,38,10,42,24,6.66738378366756,8.05739142256766,19.825193569688,2.06956882842329e-24,1.72841888339133e-23,45.2966671828637,101.644178801901
AT1G17950.1,1927,903,754,6,7,2,25,7.63369457002628,6.28095309260606,23.0472466787866,3.41936768383492e-27,4.17044117638091e-26,51.4689139690184,198.596249843487
AT1G18250.1,596,509,444,1145,838,702,26,-0.772899041430614,9.39098354870778,-2.68006348981767,0.0101287973686078,0.0127294345308179,-3.82030374251519,-1.70869990423253
AT1G18350.1,1299,964,794,1252,917,746,27,0.0716688715726868,9.92866292762798,0.244510790327358,0.807903908331212,0.839497915919584,-7.18295061687441,1.05093167079382
AT1G19140.1,4087,3191,2562,176,194,141,28,4.24545306570475,9.53095419396481,14.7310948903556,3.37994440745027e-19,1.33759502082075e-18,33.5392923039277,18.9674399577669
AT1G19640.1,33269,24695,20593,55,57,30,29,9.10810941304191,10.0938987823783,30.5169370554632,1.51183945006707e-32,2.10901603284356e-30,63.0403686745706,551.841219950157
AT1G20140.1,4403,3304,3284,1534,1591,1185,30,1.34805836994064,11.1515411367527,4.72357216172478,2.14284252884712e-05,2.98926532774173e-05,2.0437816145788,2.54569286455359
AT1G20500.1,4174,3638,3590,283,223,162,31,4.12040885332058,9.82881449192474,14.27892136725,1.12112957516308e-18,4.08882550941829e-18,32.3549290831365,17.3926861114898
AT1G20690.1,2457,2042,1696,385,290,290,32,2.67543527185464,9.6584535436222,9.35054804273811,2.77964964063224e-12,5.17014833157598e-12,17.7353511065705,6.38831420217073
AT1G20730.1,11321,8715,8235,30,25,22,33,8.46194060649493,8.95703629810912,29.6774084071145,5.2395420397797e-32,5.84732891639415e-30,61.8967176260699,352.612695060482
AT1G20910.1,1027,812,680,698,804,548,34,0.293863707299453,9.54781717277726,1.01997109724603,0.312985050956127,0.354970850474632,-6.69066090480355,1.22591904090598
AT1G20940.1,285,184,217,1631,1307,1150,35,-2.57826905451006,9.10894690127891,-8.95057487616367,1.04790142828554e-11,1.89232685107874e-11,16.414694026586,-5.9722272161192
AT1G21790.1,1354,1031,881,108,132,78,36,3.35756390958893,8.38786445761287,11.5061511199768,3.03415953478796e-15,7.36113487135513e-15,24.5198565550745,10.250084582293
AT1G22015.1,2709,2229,2144,2861,2482,2165,37,-0.0826089890253403,11.2391935156579,-0.291452041899138,0.771993306508169,0.809722302690899,-7.17019067340977,-1.05893129559285
AT1G22040.1,3451,2344,2042,158,186,133,38,4.00639861322839,9.31182150849078,13.7998501600811,4.10143862532784e-18,1.40405076867051e-17,31.0723215957273,16.0711204910321
AT1G22180.1,1219,959,1123,136,98,77,39,3.42706380879244,8.38446221169701,11.8332577585982,1.13507351538704e-15,2.89210512139711e-15,25.4967402992703,10.7559556666224
AT1G22420.1,1135,813,592,3176,2675,2156,40,-1.68786727939949,10.5207737724721,-5.73053905516343,6.95205175873301e-07,1.01817450954672e-06,5.40391412177019,-3.22180076129022
AT1G23320.1,83,59,63,71,140,129,41,-0.677545382827429,6.43850869754281,-2.28238136114176,0.0270557924695196,0.0332535951497619,-4.7050586566701,-1.59941617464219
AT1G23360.1,1001,641,637,100,93,73,42,3.063418398008,8.00579376569013,10.5823407858594,5.25268148025582e-14,1.14046547314504e-13,21.6846728083069,8.35951010462818
AT1G27000.1,6811,5463,4878,439,467,315,43,3.8154896915365,10.5595799061966,13.2750987026912,1.75342436174426e-17,5.34650707023659e-17,29.6339300487899,14.0791632703745
AT1G27130.1,9606,7434,7724,70,54,54,44,7.09761332345071,9.45296217724335,24.9881645510279,1.0265204793073e-28,1.84773686275313e-27,54.8060638640264,136.960239880326
AT1G27600.1,5936,4946,4429,352,299,359,45,3.91225046842431,10.3508572875777,13.8192437354372,3.88954998104713e-18,1.33973388236068e-17,31.1248063001473,15.0558313585321
AT1G28460.1,467,366,329,116,133,110,46,1.67515113676038,7.74786549384395,5.89616442171534,3.91492442113342e-07,5.74875743945381e-07,5.96977388335039,3.19352808196689
AT1G29080.1,1914,1632,1293,949,924,562,47,1.0106584278881,10.1326906708448,3.45218337331326,0.00118960931940052,0.00157299052186135,-1.82371140911133,2.01483043360338
AT1G29960.1,1407,1156,1022,56,78,54,48,4.23872157387454,8.0920376122261,14.788179475132,2.91010484189704e-19,1.17669456650619e-18,33.6870281576828,18.8791456500994
AT1G32120.1,7189,6197,5376,979,823,790,49,2.85042550017659,11.1754368669745,10.0604966067022,2.75898641851376e-13,5.61866577200978e-13,20.0343239402091,7.21213049152059
AT1G34170.1,1488,1210,1224,1642,1217,1090,50,0.00560888432878315,10.3440879652244,0.0196209025577105,0.984429188086099,0.989750426940618,-7.2131045405416,1.00389534958782
AT1G34180.1,2119,1974,1972,544,429,479,51,2.06615495442123,9.94814276549804,7.34218099300021,2.53745457014734e-09,4.08040244997757e-09,10.9571808468475,4.18769088779394
AT1G34650.1,167,134,139,1908,1623,1465,52,-3.49439688531612,8.94667045491625,-12.345210558695,2.50463920657246e-16,6.78441105469628e-16,26.9971361848095,-11.2698537249442
AT1G35660.1,7775,6226,6192,1070,837,754,53,2.92989158851284,11.2435731384771,10.284034991097,1.35007828539477e-13,2.85357455776621e-13,20.7454891492376,7.62053131712032
AT1G43020.1,383,248,338,1,0,1,54,7.65003529864186,4.4916843159876,25.4015749105358,5.01459241016782e-29,9.99336630312015e-28,55.4838922998213,200.858443435932
AT1G43800.1,19613,19318,28724,131,114,153,55,7.38355917401523,10.7440031573402,25.7036010299426,2.99016814068689e-29,6.95214092709701e-28,55.9721531311476,166.983202573581
AT1G44130.1,4318,4266,3665,5303,4746,4154,56,-0.210273029750571,12.0969628705246,-0.745119804647616,0.459924383977661,0.507189340433863,-6.93294436017222,-1.15690710762984
AT1G44750.1,5261,4126,3816,263,168,121,57,4.63149527806166,9.77441793676534,15.540394409866,4.19314029527533e-20,1.87181782781091e-19,35.5971818241131,24.7867167253736
AT1G47490.1,650,429,377,1000,887,920,58,-0.983916821433755,9.37760807970893,-3.40981519252059,0.00134736630154055,0.00177318489683874,-1.94155765453948,-1.97782779783527
AT1G47760.1,836,631,507,252,171,215,59,1.61246780531325,8.52761584650991,5.55684748592626,1.26673688482552e-06,1.83594592657828e-06,4.81345254927728,3.05774437867189
AT1G48910.1,57,65,39,1204,875,642,60,-4.03799206955769,7.76043043790331,-13.6034873943494,7.03579222761802e-18,2.29589009532798e-17,30.5382080045637,-16.4269424329651
AT1G49290.1,30,33,13,2483,1932,1982,61,-6.43317675632192,7.8329264027259,-21.039465169279,1.68614745983266e-25,1.59469539421461e-24,47.7231721660933,-86.4130175620404
AT1G49600.1,2351,1930,1691,1167,990,871,62,0.976189505354515,10.4583447962917,3.42664755107989,0.00128244281074706,0.00169173306949613,-1.89484259402142,1.96726254105361
AT1G49640.1,4702,3454,2653,281,231,179,63,3.94613427454925,9.80286228522664,13.446651407136,1.08640096382087e-17,3.4684820711077e-17,30.1080640441506,15.4136248148426
AT1G52460.1,147,98,128,0,0,0,64,6.95001241371061,3.4750062068553,24.4602357815416,2.60142383591333e-28,4.14741285839896e-27,53.924108770365,123.640913969572
AT1G53520.1,1780,1282,1206,839,539,553,65,1.15206131206006,9.87763174961874,3.96323537827438,0.000251113296814833,0.000340927541661014,-0.339145602541024,2.22231189974019
AT1G54570.1,322,301,267,22,44,23,66,3.34650224378964,6.54004363959744,11.3352979697448,5.09875325098413e-15,1.17082482059635e-14,24.0039712244967,10.1717939932538
AT1G54575.1,5061,3659,3410,24,28,20,67,7.32831471907148,8.29554222876276,25.5244525825327,4.06073145188551e-29,8.71495442366198e-28,55.6832383196785,160.709869378077
AT1G55050.1,947,698,732,292,169,163,68,1.96462049574316,8.63621017959759,6.69469898632995,2.41997880267653e-08,3.68947587949044e-08,8.72098749726998,3.90310018854885
AT1G55560.1,304,235,170,3239,2621,2392,69,-3.56322458427808,9.63266595770504,-12.2453417135484,3.3544268759573e-16,8.95583826212523e-16,26.7071770608317,-11.8205444691182
AT1G55650.1,1116,890,887,124,129,103,70,3.0101730475079,8.40128379569783,10.634395318086,4.46005643791338e-14,9.72152926701432e-14,21.8473921335353,8.05661071194424
AT1G55920.1,11879,10263,8376,107,90,94,71,6.68707762608759,9.9543847299415,23.5612201417737,1.31957158791439e-27,1.79590474647861e-26,52.3784002215233,103.041209732978
AT1G57590.1,411,264,278,0,0,1,72,7.95349012948766,4.31007839807716,26.3361872210439,1.02981162389431e-29,2.73635660063346e-28,56.9763030213995,247.878636855066
AT1G57800.1,222,141,92,10992,8684,7353,73,-5.95437176555504,10.1404544929552,-19.6292545320638,3.13732165203485e-24,2.53713837947166e-23,44.8929017865977,-62.0075406663425
AT1G57820.1,7408,6563,6042,5589,4640,4233,74,0.473271254890893,12.4621883287482,1.67256384363853,0.101085148403172,0.11950320510375,-5.83334334033647,1.38825371333509
AT1G59800.1,90,81,72,169,100,89,75,-0.501428103840792,6.60243778648599,-1.71200663929429,0.0935141492558905,0.110787463449654,-5.76946242493718,-1.4156141658974
AT1G59890.1,2875,2577,2392,1180,945,713,76,1.49173976785793,10.6029598461842,5.19248907750113,4.41581585478462e-06,6.28577869124953e-06,3.58747387838462,2.81227907749096
AT1G59930.1,1667,1205,1167,62,50,48,77,4.62177573821271,8.06569290563523,16.1753338309659,8.58393927163868e-21,4.47648421829382e-20,37.1579088474493,24.6202880893212
AT1G60220.1,4218,3473,3316,957,739,737,78,2.17933013180162,10.7439118366718,7.67857154712014,7.91819859421734e-10,1.29951612222743e-09,12.1136913151094,4.52943195945105
AT1G60400.1,39,12,13,1650,1192,1192,79,-6.10005277507255,7.32660063256496,-18.9364883716102,1.40263344930835e-23,1.05766143880279e-22,43.4368959145817,-68.5960108597429
AT1G60410.1,25,22,4,479,278,248,80,-4.48169469014011,6.08949060143188,-12.1720720144273,4.15962150453763e-16,1.10003260641327e-15,26.4936053201166,-22.3421278737403
AT1G60440.1,4548,3875,3610,101,86,64,81,5.58404420960223,9.17126765508401,19.4787211924174,4.3284982722489e-24,3.40183385340125e-23,44.5803202309728,47.9694571982436
AT1G60970.1,62,36,38,297,272,191,82,-2.47491755137069,6.72817061168238,-8.41182659401277,6.42917042599873e-11,1.12813745210921e-10,14.6098628260504,-5.55935515850846
AT1G61090.1,4435,3390,3508,19,17,21,83,7.55603274554078,8.09511127775938,26.6943760168587,5.68759338406487e-30,1.80350145871938e-28,57.5340518348087,188.188250408234
AT1G61097.1,1607,1185,1373,4,4,1,84,8.5477500282561,6.15516041071963,27.5558351672499,1.40313219568266e-30,6.02267511685328e-29,58.8445143738191,374.221860795174
AT1G61330.1,2256,1572,1474,3237,2388,2322,85,-0.592952983274536,11.0584741242186,-2.05341912299053,0.045642976337086,0.0553669147741174,-5.16297437522877,-1.50833092011894
AT1G62305.1,1860,1598,1301,644,551,603,86,1.39041525009709,9.92190247385316,4.89983469328867,1.18858705632374e-05,1.66641099856444e-05,2.61872472996157,2.62154125587127
AT1G62333.1,96023,82633,61356,151,204,145,87,8.89108781713007,11.8179546325081,30.7918164529249,1.01318098939667e-32,1.88451664027781e-30,63.4073708521109,474.770938295542
AT1G62340.1,6518,4988,4671,12423,9804,8499,88,-0.922865560862785,12.8430309380284,-3.21726983709824,0.00235030406714425,0.00307856729921711,-2.46586158744577,-1.89587725260131
AT1G62660.1,1911,1546,1178,387,288,316,89,2.20543157919411,9.46377497453946,7.65128171333303,8.70058019910383e-10,1.4237313053079e-09,12.0200834311146,4.61212488832993
AT1G63010.1,11880,9040,8158,291,320,212,90,5.14061608237438,10.6539625965966,17.818924747682,1.72149868307567e-22,1.21594463943826e-21,40.9905839219563,35.2760246160592
AT1G63055.1,12995,9035,7895,12899,9368,9037,91,-0.0787985944772487,13.2907842499649,-0.271125425550771,0.787486651436107,0.822879309927618,-7.17598953747896,-1.05613817429433
AT1G63090.1,8856,6926,7690,538,432,394,92,4.10716643958996,10.8729410599762,14.460583545952,6.90534257328547e-19,2.60350078100898e-18,32.8337819684751,17.2337701150467
AT1G64630.1,5044,4142,3811,755,549,551,93,2.81312545782387,10.6645809587157,9.85626316033769,5.32930416337113e-13,1.06205418684325e-12,19.3791589250522,7.02805488416565
AT1G64750.1,3966,3216,2596,506,465,305,94,2.94684909237539,10.1758965209711,10.0925300695067,2.48945925002883e-13,5.0883452802787e-13,20.1366183364505,7.71063187843605
AT1G65300.1,4026,3229,2593,3988,3528,2845,95,-0.0826013662048748,11.6992243400287,-0.286963591399335,0.775406673107157,0.811776592108431,-7.17150708232123,-1.05892570049368
AT1G65360.1,53,44,41,1792,1329,1270,96,-4.95268686566333,8.02269610658897,-17.3668566631876,4.90981472867111e-22,3.04408513177609e-21,39.9651845605706,-30.9675826735679
AT1G65770.1,748,638,558,6497,5568,4580,97,-3.09174365029852,10.8776046592322,-10.840023338502,2.34519153950705e-14,5.25548947407603e-14,22.4867422192652,-8.5252589171241
AT1G65860.1,130,58,98,21,20,18,98,2.14858203870642,5.44084987097309,7.23062524003634,3.73849199375393e-09,5.94324368237804e-09,10.5725767988246,4.43391784378247
AT1G66630.1,9,6,4,1126,1068,1003,99,-7.24021679333705,6.4371787672793,-24.7497382871865,1.5589602078642e-28,2.55852881173008e-27,54.4100522003959,-151.189778197211
AT1G67390.1,73,26,35,596,616,468,100,-3.74329734789829,7.24973729702739,-12.1080747458562,5.02238751041964e-16,1.30957580879166e-15,26.3064789597527,-13.3919797639815
AT1G67500.1,2662,2204,2003,169,172,178,101,3.70874383527067,9.29698356464823,13.1504083255997,2.48881735635893e-17,7.50681126945016e-17,29.286922748595,13.0750434468061
AT1G67820.1,1375,883,757,21468,16109,14294,102,-4.12954596472413,11.9915134331169,-14.0386080288603,2.1414464883287e-18,7.46829462804635e-18,31.7151536736212,-17.503189867142
AT1G67830.1,6589,5241,4995,8917,7448,6548,103,-0.444624099030687,12.6651527661259,-1.56243926952875,0.124920775605831,0.147369540778126,-6.00466756528924,-1.3609594659172
AT1G68725.1,84600,51922,44752,257,200,190,104,8.08082073936367,11.7869796278945,27.4960866075286,1.54422315107584e-30,6.15483227357371e-29,58.7550041989127,270.750602749509
AT1G69520.1,1017,719,667,4,5,10,105,6.83358567354454,6.20556690818754,22.6093525460175,7.80585260856741e-27,9.07430365745962e-26,50.6786812165962,114.054983409781
AT1G69530.1,12777,8118,3787,42,41,93,106,7.0475034466442,9.3148087330416,20.9555651075083,1.99750122940234e-25,1.85767614334417e-24,47.5595905201593,132.284796019289
AT1G69860.1,578,433,400,774,504,583,107,-0.393862479930714,9.0590743055949,-1.36477460149807,0.1788487201153,0.208781560301961,-6.28559627700596,-1.31390637745836
AT1G69900.1,2992,2119,1961,1634,1194,1057,108,0.863446901266773,10.7467213624226,2.97488013793439,0.00462407315737581,0.00594523691662604,-3.09786574102453,1.81938000266687
AT1G70380.1,986,1031,967,4,0,2,109,8.65670205718191,5.63064789379379,25.1559395080069,7.66597145507771e-29,1.47503864549426e-27,55.0824862638154,403.577534394194
AT1G70440.1,1895,1468,1365,4,9,4,110,7.95310647102751,6.63181466373445,26.5829782763387,6.83576362374272e-30,1.90717805102422e-28,57.3614152033958,247.812726812132
AT1G70560.1,47,32,26,143,134,91,111,-1.79535281076903,6.02575777946554,-6.09416435875256,1.96649474660321e-07,2.91062087163021e-07,6.64912492041415,-3.47100347799676
AT1G70890.1,1111,735,698,16,23,31,112,5.13974211072815,7.12734616935457,17.3219948183244,5.45394332974748e-22,3.31161579224994e-21,39.862263502111,35.2546611899881
AT1G71100.1,2437,1882,1654,286,212,273,113,2.94175552235566,9.47009397113185,10.267449628432,1.42329723991647e-13,2.98571375892252e-13,20.6929398714108,7.683456770478
AT1G71210.1,2420,1975,1714,309,356,193,114,2.85930998171778,9.54826082802238,9.74564485632077,7.62869969328409e-13,1.49887832001849e-12,19.0221832251423,7.25668165602553
AT1G71270.1,9937,7529,7596,1315,1016,840,115,2.99345945138911,11.5193996349772,10.4076993115949,9.11611155458297e-14,1.94152299521271e-13,21.136210462903,7.96381358603786
AT1G71850.1,1888,1520,1240,507,300,297,116,2.09667531341639,9.52882861803954,7.13335549242621,5.2436297957452e-09,8.31234496030063e-09,10.2368981490091,4.27722562967446
AT1G71940.1,6274,5037,4883,503,342,297,117,3.84978980843742,10.464399307597,13.3028294650419,1.62245885795862e-17,4.97435188319182e-17,29.7108294643541,14.4179066507366
AT1G72540.1,114,78,82,25,13,8,118,2.6155301962758,5.20033831201823,8.373801412595,7.31515148813759e-11,1.2795782226899e-10,14.4814516402505,6.12848381722002
AT1G73500.1,5083,3452,4077,295,183,129,119,4.43454861972018,9.80240202143156,14.7324037764027,3.36835078468176e-19,1.33759502082075e-18,33.5426841703461,21.6238067653588
AT1G73560.1,6542,5336,4475,7812,6559,5137,120,-0.250862666977309,12.5206127242642,-0.870629939277548,0.388399450972096,0.436070208536076,-6.83136501640712,-1.18991842020402
AT1G74000.1,2040,1711,1371,2130,1813,1280,121,-0.0155787196820629,10.7273200997099,-0.0535555424368793,0.95751719700258,0.969681662300254,-7.21184319743934,-1.01085685818175
AT1G76250.1,11257,9858,8769,655,343,295,122,4.61032651371344,10.9695866318398,15.3865443625287,6.19953878504009e-20,2.7455100333749e-19,35.2119708590041,24.425674786886
AT1G76290.1,1234,1015,990,1442,1220,889,123,-0.111547778300551,10.1263476426272,-0.387915258270522,0.699837274742055,0.742412926437389,-7.13698565379956,-1.08038669505362
AT1G77000.1,2921,2277,1876,254,177,139,124,3.64704518152409,9.35664588568545,12.3949996086666,2.16621122173959e-16,5.95441311197384e-16,27.1412004078471,12.5276610683107
AT1G77960.1,2608,2114,1965,122,95,73,125,4.53328013715867,8.84561685914245,15.7009307122027,2.79614164608765e-20,1.31113196514026e-19,35.9961821295791,23.1554539773795
AT1G78830.1,32183,29066,37898,3230,2396,2593,126,3.59509358315812,13.2061274559678,12.6523918052613,1.02796538062503e-16,2.92655450198351e-16,27.8807395448081,12.0845645473456
AT1G79530.1,14970,12512,10956,771,546,489,127,4.42536543140086,11.4208467153882,15.3564496470218,6.69441615514685e-20,2.94132615320625e-19,35.1362937097681,21.4866018630587
AT1G80190.1,1296,1123,979,365,339,227,128,1.88468207829624,9.19500130201028,6.5313864199951,4.27966596287355e-08,6.43680217596615e-08,8.15656672671982,3.69271540236015
AT2G02147.1,2375,1993,1525,2929,2138,1666,129,-0.177045347809196,11.0056253612491,-0.603932000045316,0.548804741674262,0.593474895066353,-7.02874993928942,-1.13056610331813
AT2G02490.1,56813,47958,41929,33132,25490,24459,130,0.822449891874975,15.1551643960021,2.88558398026142,0.00589124958419665,0.00750529056616833,-3.32226398198385,1.76840643828753
AT2G02960.1,3252,2529,2424,676,613,548,131,2.15015886687809,10.3303358360892,7.58288331480978,1.10205560039519e-09,1.79284846944757e-09,11.7852870138853,4.43876665003707
AT2G03040.1,1137,1034,979,1412,1139,807,132,-0.0577458361473315,10.0636521959723,-0.200067351356483,0.842294577495654,0.867159362071172,-7.19297654020044,-1.04083821398413
AT2G03090.1,5530,4472,3004,514,361,414,133,3.302752969977,10.3864571634512,11.2743558161443,6.14141175435457e-15,1.40447039300404e-14,23.8190236078217,9.867967539844
AT2G03190.1,8369,6391,5590,4517,3395,2969,134,0.904872571786898,12.2548817907715,3.13177455326117,0.00299326666890593,0.00388428558430118,-2.69248048382156,1.87237910685941
AT2G03770.1,1841,1302,1130,1487,1335,1067,135,0.118167631126552,10.3869368273198,0.40848086067943,0.684783399279435,0.727826927234142,-7.12869427087124,1.08535547531063
AT2G04046.1,2256,1825,1599,1390,1251,1206,136,0.549794143573637,10.5979422425301,1.93941131990864,0.0584915879676083,0.0704931016974632,-5.37595438857363,1.46387680221608
AT2G04425.1,388,344,312,1050,691,761,137,-1.2405748751693,9.06165335211276,-4.33761003955394,7.61399915422225e-05,0.000105424603673847,0.812110148451843,-2.36292669802325
AT2G04620.1,4966,3795,3313,135,193,175,138,4.57199129786835,9.66826474962576,15.8918238752401,1.73343429867867e-20,8.41092468402346e-20,36.4667443690405,23.785184281609
AT2G04750.1,360,214,216,320,170,190,139,0.227962759625719,7.88788498982751,0.759141985691877,0.451573695827414,0.499956591808922,-6.92235847021914,1.17117994908981
AT2G07040.1,128,77,48,165,78,235,140,-0.883374636828386,6.74546709121443,-2.65555152027693,0.0107889322556072,0.0134982605350421,-3.8779238508797,-1.84468519864843
AT2G12465.1,1560,1658,1279,865,865,755,141,0.849197411382207,10.1174949902493,3.00779359390201,0.00422498579460785,0.00544466991545308,-3.01397985480211,1.80149845112928
AT2G13560.1,29788,23145,21500,890,835,808,142,4.86214894702971,12.1532866888591,17.1760850793046,7.68728686994637e-22,4.56330433343625e-21,39.5260487138858,29.0839022578079
AT2G15280.1,5207,4114,3655,400,429,327,143,3.47867917429007,10.3237406806992,12.196394918199,3.87260640210222e-16,1.02900684398716e-15,26.564582381197,11.1477386060098
AT2G16140.1,437,368,329,123,50,48,144,2.47575159447794,7.31831962939683,7.99897558389546,2.62937193176067e-10,4.39278304767202e-10,13.2092678419916,5.56257003224249
AT2G17690.1,5843,4191,3837,69,21,62,145,6.62876930048471,8.83638283660308,20.4125805421791,6.06188604387911e-25,5.36909906743579e-24,46.48646809895,98.9597054092911
AT2G17750.1,17371,13444,11997,6590,5348,4616,146,1.36856317594809,13.098973308154,4.77098305803926,1.82975277447036e-05,2.55890237632698e-05,2.19773318866869,2.58213275539905
AT2G17990.1,10687,8156,6994,978,828,821,147,3.27874921549699,11.4105039160089,11.4805166643088,3.27911227073718e-15,7.7424454456657e-15,24.442700794182,9.7051412850975
AT2G18280.1,3649,2357,2546,123,73,78,148,4.96139385723859,8.96984040335027,16.9020733941359,1.47308160588418e-21,8.56228683420178e-21,38.888511598646,31.1550441714711
AT2G18880.1,635,417,323,13,41,15,149,4.3868065818045,6.59329407251437,13.4461932048378,1.0877855957775e-17,3.4684820711077e-17,30.1068027306353,20.9199367096247
AT2G19220.1,1015,572,499,3185,2416,2197,150,-1.95388256001632,10.3492280467385,-6.55483088748854,3.94334271551693e-08,5.94698712232013e-08,8.23756929562001,-3.87415737528741
AT2G19400.1,183,145,120,44,65,53,151,1.44703834478668,6.48723074501054,5.02137030993954,7.89139102327697e-06,1.11761324644379e-05,3.01904477891916,2.72647767950924
AT2G19480.1,5553,4502,3670,850,589,478,152,2.85882377052963,10.7099013224886,9.7589418429216,7.30619144228212e-13,1.44569320028136e-12,19.0651717665058,7.25423645088267
AT2G19500.1,14422,12369,11155,22462,17967,16635,153,-0.584750807328053,13.9110999891314,-2.05856130396759,0.0451263204510721,0.0548594483914994,-5.15312801786628,-1.49977991412965
AT2G19802.1,10070,8181,7257,13541,11267,9191,154,-0.409915549715985,13.24546227012,-1.43051167227108,0.159212193831084,0.1864029624098,-6.19601666093046,-1.32860803978723
AT2G19970.1,2877,2216,1803,3206,2051,1759,155,-0.00298527090346035,11.1422351537394,-0.0101056201711741,0.991979966930127,0.995548240192466,-7.21324822089129,-1.00207137444811
AT2G20160.1,561,404,303,2415,2235,1874,156,-2.39788405366746,9.88031933731256,-8.23138190597449,1.18775060959504e-10,2.05827590109948e-10,13.9994009115032,-5.27029622741521
AT2G20780.1,1379,930,674,235,132,160,157,2.47433041272829,8.66011266069003,8.20604890189152,1.29494019777316e-10,2.23017478505378e-10,13.91347918776,5.55709310864041
AT2G21420.1,824,569,490,356,374,262,158,0.904400531265111,8.8086822785341,3.10795260646535,0.00319999239549077,0.00413332351084224,-2.75491860336216,1.87176657669321
AT2G21930.1,35,36,17,132,140,128,159,-2.21891922493656,5.9592274019728,-7.46884533624534,1.63541623986927e-09,2.6527972728112e-09,11.3932846262341,-4.6554454765399
AT2G22121.1,2549,2126,2398,2504,1931,2421,160,0.0502152917958814,11.1745934514355,0.177599998024113,0.85980345106306,0.883554927611764,-7.19728340824974,1.0354194268164
AT2G23790.1,31145,23399,17925,1099,962,830,161,4.61912056691865,12.2140217711346,15.9423925418665,1.52823167584374e-20,7.68246193802527e-20,36.5906965561408,24.5750179789018
AT2G23990.1,6989,5349,4250,6582,5523,4140,162,0.0260652953438125,12.390296172354,0.0893103131817618,0.92921633910837,0.947902590900312,-7.20924874491269,1.01823128314004
AT2G24740.1,6207,5112,4346,2297,1984,1495,163,1.44589689952936,11.6122753946194,5.01979894270031,7.93341333487685e-06,1.12072016224336e-05,3.01385010199476,2.72432137196503
AT2G25295.1,224,271,199,181,144,152,164,0.533336216445273,7.58169863252473,1.87953154798945,0.0664049036592803,0.0796858843911363,-5.48367398704644,1.44727212969638
AT2G25685.1,1024,808,736,795,429,514,165,0.597892934571389,9.43002849802026,2.0398310952046,0.0470330481348348,0.0569293727966113,-5.18889411179508,1.51350446845678
AT2G25700.1,1487,1010,825,3677,2827,2428,166,-1.4485649598089,10.7945238347146,-4.93465972076977,1.05723459991545e-05,1.48598717066202e-05,2.73312506054686,-2.72936428037831
AT2G26280.1,8066,6191,5783,723,727,626,167,3.25729865786854,11.0619700489622,11.4795775007965,3.28845801186876e-15,7.7424454456657e-15,24.4398724023414,9.56190888164392
AT2G26410.1,29,27,19,252,215,191,168,-3.09555665500848,6.22650286502207,-10.7981241337143,2.67221064822328e-14,5.94061171995455e-14,22.3569125733722,-8.54782075224958
AT2G27040.1,44982,36284,32804,3131,2593,2273,169,3.83365273656716,13.2851089684286,13.4424924647328,1.09903471263318e-17,3.47741408888633e-17,30.0966145504745,14.2575356658779
AT2G28040.1,2729,2170,2070,2778,2036,1990,170,0.0410277315853023,11.1511331624216,0.143618390390878,0.886418326891882,0.907562250285633,-7.20282500539254,1.02884648426281
AT2G28380.1,5349,4483,3922,214,252,210,171,4.33378324868914,9.98432016200823,15.2952192734841,7.8290621042425e-20,3.3865245381142e-19,34.9819913265274,20.1650244331683
AT2G29570.1,4853,4165,3629,1230,1054,1009,172,1.93545914745224,11.0639902096322,6.83648367103069,1.47547153449259e-08,2.28064575137637e-08,9.21114943086712,3.82499840829152
AT2G29940.1,2541,2110,1733,1384,1221,1216,173,0.725178359368314,10.6758599408405,2.5520213234601,0.0140350254385922,0.0174811254346751,-4.11694690535443,1.6531049958781
AT2G30160.1,1991,1584,1357,120,128,81,174,3.90329810800789,8.71419655310925,13.4657479761971,1.03025797529148e-17,3.32302861394593e-17,30.1606079690309,14.9626946269802
AT2G30590.1,5782,4817,4892,506,482,338,175,3.56048728449318,10.5491979019051,12.4545458835403,1.82172404523021e-16,5.0355788774027e-16,27.3130665261309,11.7981380030171
AT2G30900.1,398,323,249,529,453,343,176,-0.452260855891508,8.54142350253544,-1.55718810770991,0.126161921406675,0.148519730263555,-6.01257554238716,-1.36818266473406
AT2G31360.1,73661,61070,49978,2169,2134,1569,177,4.97193956192584,13.4059859561692,17.3144252922549,5.55163570927246e-22,3.33098142556347e-21,39.8448767341991,31.3836133626774
AT2G32370.1,5351,2750,2254,19777,13167,12015,178,-2.18617069966241,12.743256864198,-7.10873148829396,5.71286837427932e-09,9.00502981030469e-09,10.1518795159611,-4.55095934909883
AT2G32750.1,16408,13806,11826,1251,1126,882,179,3.69018274610391,11.9166114646364,12.9064132804459,4.96689722485941e-17,1.47421736780402e-16,28.6020424712673,12.9079030873988
AT2G32940.1,1355,1138,998,413,375,279,180,1.71522517883831,9.31673219812647,5.9857820933893,2.86735116787158e-07,4.23275648590567e-07,6.27691394558237,3.28347888745286
AT2G32990.1,1408,619,605,20,8,18,181,5.72319478246406,6.79832070378691,17.6904258641968,2.31420296107042e-22,1.55984372120769e-21,40.7012714258395,52.8266779471773
AT2G33770.1,40304,31722,29893,271,234,216,182,7.13131670098963,11.4741686905814,25.1317388960544,7.99488545989193e-29,1.4870486955399e-27,55.042727287649,140.197489092432
AT2G33780.1,6098,4891,4164,10017,7833,6617,183,-0.687784472058333,12.6287810591446,-2.38723132915632,0.0210675978022087,0.0261238212747388,-4.48244508903388,-1.61080792136201
AT2G34200.1,3188,2486,2079,28,55,42,184,5.94994877187011,8.33884127656415,20.1157878070195,1.12332596576803e-24,9.64332136767018e-24,45.8891135109174,61.817729949083
AT2G34260.1,2177,1961,1819,393,338,310,185,2.51621874909963,9.69409739212425,8.9191564507577,1.16389118081784e-11,2.09500412547211e-11,16.3102292596798,5.72080729893558
AT2G34880.1,1014,783,660,108,62,38,186,3.64653795018545,7.83355779747242,11.7264291682769,1.56250142444713e-15,3.87500353262889e-15,25.1792657491362,12.523257292612
AT2G34890.1,247,230,168,23,29,18,187,3.15568139277062,6.15776756630973,10.8999820612511,1.94634625342162e-14,4.39700894497678e-14,22.6721331127346,8.91158094051594
AT2G35670.1,1715,1376,1307,11,13,16,188,6.68183774770116,7.16751229519361,23.4348762999417,1.66482891544637e-27,2.2118441305216e-26,52.1566079956683,102.667642155823
AT2G36010.1,3423,2621,2332,863,792,571,189,1.91331788465375,10.4719709072088,6.62697554931654,3.06536578543904e-08,4.66069239311985e-08,8.486890518407,3.76674373425543
AT2G36310.1,8487,6349,6251,248,238,179,190,4.98037668136094,10.2744289528066,17.4064681090983,4.47542144612054e-22,2.8059383898149e-21,40.0558841562118,31.5676876529659
AT2G36560.1,112,90,83,4417,3954,3361,191,-5.35115088885299,9.24900578622404,-18.8286465071922,1.77765645838964e-23,1.30517408392292e-22,43.2061685355158,-40.8184894421154
AT2G36724.1,1993,1575,1482,2309,1765,1702,192,-0.192001695773742,10.8019356466566,-0.673172978952043,0.504147458072103,0.551596630596536,-6.98422269091774,-1.14234758958686
AT2G36760.1,886,663,693,7,3,2,193,7.34055302583503,5.8652640131579,23.8447577561048,7.86275512916156e-28,1.12497881078773e-26,52.8719946250033,162.078961574264
AT2G37390.1,907,711,775,5,8,1,194,7.38243575276032,5.94284704376798,21.7637714476588,3.99345573232887e-26,4.05154236116274e-25,49.1112005722188,166.853223989167
AT2G38220.1,3735,2771,2742,3725,2702,2445,195,0.0685209148971406,11.5409159387831,0.237914404842291,0.812985850536065,0.843208372860825,-7.18456507728764,1.04864104071492
AT2G38810.1,661,491,484,192,171,192,196,1.5412880066609,8.30770361307653,5.43748152115214,1.91014025217885e-06,2.73296989927128e-06,4.40974529721001,2.91054234377025
AT2G39220.1,8761,6058,4361,225,164,169,197,5.05226347713064,10.0580957761649,17.1029540195249,9.13763536095441e-22,5.36715845411849e-21,39.3566837879718,33.1804943809315
AT2G39300.1,1071,709,788,275,227,221,198,1.80860518585675,8.81624603869271,6.32332246296369,8.84677044728655e-08,1.32345788460748e-07,7.43828576065562,3.50303447356869
AT2G39650.1,1163,838,743,87,173,123,199,2.85999657652774,8.38218876322151,9.62323631385623,1.13651549756273e-12,2.19437940359864e-12,18.6254515295881,7.26013601443086
AT2G40030.1,12903,10617,10073,764,508,517,200,4.24681936453176,11.3192917060466,14.7935550550749,2.86943281967064e-19,1.16871789297534e-18,33.7009198129329,18.9854115079192
AT2G40520.1,204,198,130,1581,1458,1384,201,-3.07481353058023,8.9872493391523,-10.7220196826574,3.38917773143441e-14,7.41631832996236e-14,22.1205096833626,-8.4257991763714
AT2G41040.1,143,121,90,10,3,0,202,5.04967512018887,4.3446480996402,12.3429094731972,2.5215188163535e-16,6.79713767886594e-16,26.9904700808034,33.121018216709
AT2G42340.1,318,212,203,223,223,130,203,0.358804910103182,7.72878007026914,1.21264361374527,0.231350881394451,0.267274931300422,-6.47788913120293,1.28236318217805
AT2G43660.1,3187,2456,2346,4185,3215,2767,204,-0.339772110731856,11.5357927829912,-1.18312360786563,0.242734451841834,0.278695111373958,-6.51273962630649,-1.26555666983192
AT2G43670.1,1904,1427,1399,2024,2017,1687,205,-0.285649727410256,10.7516804164525,-1.00577772539109,0.319693628077216,0.361843903584354,-6.70495110550532,-1.21895910650652
AT2G44330.1,47,23,12,157,119,116,206,-2.40355711459521,5.82523346382541,-7.4096338836859,2.00799098137535e-09,3.23832071562845e-09,11.1895053306592,-5.29106123507868
AT2G45110.1,2276,2100,1694,22123,19817,16527,207,-3.2678747799181,12.6062202502368,-11.4876418865899,3.20907993330634e-15,7.61985788419123e-15,24.4641553579619,-9.63226297218405
AT2G46650.1,2182,2021,1589,2,7,3,208,8.70783741544812,6.54890620796445,28.2595375775696,4.60199250115673e-31,2.64404857902413e-29,59.8837115025733,418.138598653716
AT2G46990.1,270,126,100,32,7,9,209,3.45424099887734,5.51589457085394,9.63623880062781,1.08930379119668e-12,2.11052609544358e-12,18.6676775633798,10.960494612139
AT2G47030.1,139,67,61,415,258,408,210,-2.07408762339574,7.42735786789193,-6.7529748492412,1.97459299082235e-08,3.02698595845843e-08,8.92245033501649,-4.21078035664698
AT2G47115.1,34409,27940,24265,6350,4619,3764,211,2.5741352200349,13.5153607235479,8.87091904579184,1.36772494798856e-11,2.45398881343285e-11,16.1496439580088,5.95513915413541
AT3G01230.1,53,36,26,121,50,116,212,-1.25143300972063,5.86545929484561,-3.96245283556241,0.000251729496540817,0.000340934609392659,-0.341500449848733,-2.38077785078465
AT3G01240.1,104,56,59,208,67,260,213,-1.12290061415391,6.71279234955675,-3.29857873051677,0.00186178376224145,0.00244441256313113,-2.2467562634263,-2.17784399596797
AT3G01270.1,285,153,147,2597,1860,2024,214,-3.51754766835472,9.30414424854477,-11.8488581860524,1.08344985987186e-15,2.77323404499312e-15,25.5429749816959,-11.4521587437931
AT3G01870.1,668,522,337,648,401,469,215,-0.0174114441908255,8.94784204648561,-0.0584021957594351,0.953676878118904,0.967548541800634,-7.21156758383789,-1.01214181399153
AT3G03260.1,4453,3217,2892,3840,2902,2537,216,0.183704534147335,11.6652094200733,0.634211955812953,0.52902992602957,0.573201356746602,-7.00986142038523,1.13579662831354
AT3G03305.1,2919,2309,2011,211,146,107,217,3.9924546927711,9.22372078023989,13.5265980057821,8.70257665909317e-18,2.82327777661278e-17,30.3277230826735,15.9165383080055
AT3G04100.1,410,330,299,22,48,19,218,3.6074335953084,6.62378342934073,11.7929137604161,1.28045825409195e-15,3.23301224336339e-15,25.3770236567229,12.1883725260845
AT3G05610.1,248,175,169,2500,2241,2137,219,-3.5506938519546,9.38495508825833,-12.4543207755165,1.8229156509594e-16,5.0355788774027e-16,27.3124176881368,-11.7183200392532
AT3G05700.1,659,540,436,26,32,43,220,3.986194409138,7.07933495128874,13.7251713004858,5.03304173593839e-18,1.69182969196001e-17,30.8697719521534,15.8476213397268
AT3G05725.1,9,3,5,54,33,57,221,-2.93997098476469,4.10561569091851,-9.49427532224299,1.73300013178913e-12,3.26693943762952e-12,18.2055726632648,-7.67395861571011
AT3G05741.1,3789,3005,2156,1766,1420,1085,222,1.0572787788455,10.976834573289,3.59403173926918,0.000779965851164055,0.00103624034511796,-1.42300452186868,2.08100261625799
AT3G05860.1,404,385,330,358,333,276,223,0.21321201650033,8.43503483903226,0.753927591003395,0.454668662685832,0.502386363918206,-6.92631751426971,1.15926630358554
AT3G06125.1,100,79,62,0,0,0,224,6.31913983371303,3.15956991685651,22.1270580378056,1.96797853119804e-26,2.11179234693943e-25,49.7914688096782,79.8455352834244
AT3G06860.1,10450,8036,7075,940,926,729,225,3.28876132544156,11.3931236944279,11.4985853338478,3.10446029548076e-15,7.4667622624063e-15,24.4970937676569,9.77272791279267
AT3G07190.1,3229,2505,2364,157,188,143,226,4.04005514776314,9.3653436318284,14.1936505545625,1.4094107531643e-18,5.07387871139147e-18,32.1287437339429,16.4504500414287
AT3G08040.1,544,262,253,38,60,49,227,2.75257344984297,6.9962853069881,9.06259250138147,7.2134393834683e-12,1.31539188757363e-11,16.7863054318336,6.73918182120335
AT3G08620.1,2783,2206,2098,340,324,338,228,2.80774518711472,9.79156102691614,9.94909148832029,3.94856619326722e-13,7.95415139293541e-13,19.6775793199106,7.00189383400811
AT3G08840.1,963,640,685,71,37,60,229,3.77018159885757,7.66795408357838,12.7374214330848,8.05086348726504e-17,2.31566073499685e-16,28.1231277632712,13.6438755794402
AT3G09110.1,818,573,475,463,321,295,230,0.779697697584496,8.85596592841596,2.65648421559096,0.010763107807819,0.0134962115882314,-3.87573849567961,1.71677110285182
AT3G09340.1,96,102,106,102,111,105,231,-0.064631849344174,6.70827604326259,-0.230667918547599,0.818578016675456,0.845863950564638,-7.18628787945174,-1.04581803118583
AT3G09950.1,2123,1745,1856,2,1,2,232,9.50374633097557,6.14184816596855,33.1681658408128,3.62518881855283e-34,2.02285536075248e-31,66.4358265072123,725.960041513616
AT3G10195.1,2486,1925,1726,1984,1648,1734,233,0.180872074885293,10.8914423450871,0.635997997979169,0.527875313345533,0.573063083359547,-7.00871892399952,1.13356889371098
AT3G10900.1,913,892,710,131,125,127,234,2.69686614231345,8.35565775210951,9.56892285454687,1.35718413532164e-12,2.59352310790916e-12,18.4488515128203,6.48391933317912
AT3G11200.1,5786,4443,3890,655,518,478,235,3.08704790547335,10.6371988123074,10.7634083014237,2.97794976027334e-14,6.56796824597835e-14,22.24916832036,8.49755565323461
AT3G11310.1,26,11,10,802,601,614,236,-5.4493456109939,6.65776667933759,-17.7432637054574,2.04871307420014e-22,1.41133567333787e-21,40.8204402125317,-43.6934648939234
AT3G11490.1,1158,926,866,115,58,28,237,4.06545784107895,7.8989306004118,12.3641308742814,2.37012612149408e-16,6.46829679463055e-16,27.0519206105153,16.7426715014571
AT3G12110.1,6579,5269,6310,684,661,568,238,3.24272653207947,10.935674075027,11.4892240236256,3.1937363441502e-15,7.61583282066587e-15,24.4689183747273,9.46581372566068
AT3G12700.1,5567,4334,3806,4329,3622,2924,239,0.333952439698228,11.9727566563243,1.16086274544704,0.251583816302289,0.288262360362787,-6.53848513580912,1.26046183814873
AT3G13280.1,85,116,92,87,47,44,240,0.766513689901801,6.22867258351361,2.58553313307113,0.0128978958757763,0.0161007290798281,-4.04035428178667,1.70115392977794
AT3G13400.1,403,250,202,4028,3360,3212,241,-3.68183174301342,9.93927952280263,-12.5207145222562,1.50359231581283e-16,4.2161030765003e-16,27.5034969089027,-12.8334018550493
AT3G14205.1,9960,7884,6820,1639,1344,1091,242,2.59903658588643,11.6880608588996,9.02832387496028,8.08525755192412e-12,1.46956798500771e-11,16.6727622189143,6.05881890959638
AT3G15960.1,678,493,407,974,694,635,243,-0.551650064577098,9.28517847822218,-1.88997782437235,0.0649621272078163,0.0781225581507791,-5.46509007398867,-1.46576118379599
AT3G16320.1,1588,1279,1196,1187,1030,1048,244,0.307364080144414,10.2399976069876,1.08730589738255,0.282468857331106,0.321668617123995,-6.62026449770522,1.23744472222942
AT3G16565.1,1470,1183,1116,38,13,17,245,5.86492207500165,7.35335508495488,18.8889737319793,1.55677941531458e-23,1.15824388499405e-22,43.3353758006625,58.2797213735539
AT3G16720.1,2466,1796,1636,355,253,249,246,2.77551763262785,9.53115961711415,9.61314475951986,1.17457969210765e-12,2.26005333860713e-12,18.5926651093652,6.8472165159124
AT3G17250.1,1586,1250,1118,392,214,177,247,2.40221167505431,9.14854309846531,7.99447326507189,2.67028029658162e-10,4.43457263539448e-10,13.1939206970829,5.28612915700591
AT3G18210.1,3687,3135,2969,261,246,197,248,3.79614438234364,9.7684544755724,13.3962030791991,1.25014788573767e-17,3.87545844578679e-17,29.9690302673702,13.8916338219604
AT3G18470.1,196,83,76,261,131,217,249,-0.854948554247597,7.18785953810048,-2.68095781556114,0.0101054291698177,0.0127287347105154,-3.81819411646333,-1.80869425687872
AT3G19350.1,2450,1850,1679,422,432,300,250,2.37037757393239,9.75730770183499,8.2280108798978,1.20148180099359e-10,2.07562490697965e-10,13.9879704398807,5.17076440850348
AT3G21580.1,3341,2603,2523,670,453,471,251,2.41838181778548,10.2423110731771,8.42453635968223,6.15782319006362e-11,1.08393228392918e-10,14.6527554300408,5.34571090040713
AT3G21700.1,121,77,53,24,3,7,252,3.10905695627129,4.76914720806055,8.34232073876288,8.14113964856765e-11,1.41961122621898e-10,14.3750462165107,8.62818407959148
AT3G21820.1,902,761,714,129,115,83,253,2.86712085523504,8.19111583792912,10.0025455627043,3.3239488804545e-13,6.72015751917974e-13,19.8489424230981,7.2960764942825
AT3G22560.1,616,345,380,1,9,2,254,6.79017049955698,5.364048781648,19.167731450497,8.46861308732786e-24,6.56317514267909e-23,43.9279050040778,110.67384441195
AT3G22680.1,308,313,299,63,75,98,255,1.97253944458956,7.27869776680251,6.92434504790051,1.08605020661427e-08,1.69752385235507e-08,9.51485780383235,3.92458320018697
AT3G22810.1,1162,906,700,504,443,410,256,1.00143824278047,9.31990246394722,3.48239914494688,0.00108803257060981,0.00144209542612891,-1.73914144602774,2.0019948220242
AT3G22968.1,47526,37299,27800,486,349,400,257,6.48658312832541,11.9187740642859,22.3588305185491,1.25929207065088e-26,1.40536995084639e-25,50.2200659174289,89.6718420113174
AT3G23060.1,841,717,595,107,75,70,258,3.09070761407996,7.92954118541056,10.7258063680862,3.34927424904837e-14,7.35785445263383e-14,22.1322900310884,8.51913890831719
AT3G23780.1,7140,5830,5130,360,307,320,259,4.18246375526908,10.454255562536,14.759064731434,3.14080057633334e-19,1.26083936805324e-18,33.6117283070698,18.1571234402465
AT3G24065.1,389,284,259,2523,2593,2017,260,-2.94555106083681,9.7342809423618,-10.2824696162683,1.35682283029485e-13,2.85700807284727e-13,20.7405308796974,-7.70369753548469
AT3G24790.1,1633,1214,1121,723,564,548,261,1.10339151461888,9.79923418510643,3.85426784691985,0.000352580263849174,0.000474071776452625,-0.66480082317591,2.14859194311219
AT3G25170.1,58,45,33,129,117,96,262,-1.33708528596941,6.16643192520777,-4.61083999853328,3.11392789357523e-05,4.3330966698628e-05,1.67991643550612,-2.52640386948431
AT3G25250.1,485,380,373,2,20,13,263,5.42023976847641,5.97166483275738,14.3832704578982,8.48302738831462e-19,3.15568618845304e-18,32.6304886261332,42.8207977575955
AT3G25260.1,44410,35603,32674,64,69,62,264,9.14178333686731,10.6138685862581,32.3380515588011,1.1310431215732e-33,3.15561030918922e-31,65.4064049344054,564.873236185095
AT3G25280.1,2539,1696,1644,1762,1057,1156,265,0.572047226427697,10.6217282200611,1.94900665050108,0.0573017855551055,0.0692086500860365,-5.35842552353124,1.48663164832113
AT3G25420.1,3738,3066,2720,5549,4513,4305,266,-0.596541638369679,11.9185943019765,-2.09779400674922,0.0413493602966085,0.050487840362161,-5.07733122158674,-1.51208751250386
AT3G25540.1,841,819,732,61,27,29,267,4.41546136088422,7.43054462312644,14.7120131308742,3.55364687677856e-19,1.38666780226744e-18,33.4898198201538,21.3396019549805
AT3G25700.1,4786,4407,3814,80,94,94,268,5.58290690715543,9.28464052675989,19.7954058423451,2.2042276926975e-24,1.80876331253707e-23,45.2355091144881,47.9316569137099
AT3G25710.1,1596,1098,995,54,40,43,269,4.70159428788284,7.88357825620143,16.2872456197567,6.5198607356042e-21,3.46484027663538e-20,37.4282300878861,26.0208157839797
AT3G26110.1,32,19,35,123,47,196,270,-1.87498780495876,5.78290964104209,-5.53044480840954,1.38737826662767e-06,2.00558827144622e-06,4.72400038338625,-3.66798516736142
AT3G26410.1,2924,2496,2281,808,630,440,271,2.07005238620166,10.2837351707575,7.11241262627731,5.64013005320853e-09,8.91555968750809e-09,10.1645902358427,4.19901920377155
AT3G26590.1,2266,1796,1502,1238,1388,1026,272,0.5975202802423,10.5384307476012,2.08469849604934,0.0425781694250172,0.0518747129675974,-5.10276347701194,1.51311357423525
AT3G26990.1,6034,4558,4000,570,531,403,273,3.26964793641231,10.5917709194114,11.3592319561752,4.74008921331251e-15,1.09296271943322e-14,24.0764719046885,9.64410886429404
AT3G27150.1,298,312,237,6,6,15,274,4.93137614677449,5.67059135475898,16.1672773913749,8.7560467393056e-21,4.52395748197456e-20,37.1383941744809,30.5135080489058
AT3G27440.1,67,69,46,60,71,68,275,-0.145950695303474,5.99675358427605,-0.510866294681228,0.611845828147447,0.656557638665914,-7.0810993155487,-1.1064595387362
AT3G27640.1,630,593,499,186,244,211,276,1.42338224899733,8.4488420756498,5.02600379774205,7.768753665057e-06,1.10304441351191e-05,3.03436509503807,2.68213573380115
AT3G27910.1,535,491,354,165,92,84,277,2.05222991053213,7.80064468146362,6.88363467267621,1.25170967348356e-08,1.94555431143127e-08,9.37414314967012,4.14746529910626
AT3G27980.1,306,315,370,188,136,122,278,1.16612065254908,7.78398999711482,4.07638623311259,0.000175830692013451,0.000239301283276843,0.00372191577329417,2.24407462511674
AT3G28750.1,526,399,226,4850,4009,3932,279,-3.54760120925905,10.2778218808638,-11.8263117804543,1.15885485343516e-15,2.93927731007645e-15,25.4761442367432,-11.6932268907269
AT3G28917.1,19770,15991,14518,61,73,52,280,8.05674843972935,9.99223093005769,28.2408918648653,4.73843831366331e-31,2.64404857902413e-29,59.8565287338461,266.270435060448
AT3G28980.1,356,311,195,356,237,553,281,-0.36948262212656,8.31137208673213,-1.20059324491629,0.235949607706365,0.272024547727587,-6.4922129790062,-1.29188945143256
AT3G30842.1,1553,1196,969,1433,1234,973,282,0.021638855056473,10.238786959947,0.0747425281914531,0.940738083142071,0.957904836484079,-7.21046254702259,1.01511195953677
AT3G42830.1,491,366,267,426,372,240,283,0.111408844178177,8.45370889412432,0.37338658977104,0.710546477737807,0.750918436700182,-7.1425866677498,1.08028265688498
AT3G43505.1,1376,1083,1036,1025,810,855,284,0.373273986025531,9.98925036175459,1.31532825775624,0.194806447121185,0.225991678780917,-6.35041141380747,1.2952889672462
AT3G43520.1,8456,7026,6635,673,588,524,285,3.62860646663516,11.0259373058395,12.8181828073937,6.38856470352586e-17,1.8566766169622e-16,28.3524689040402,12.3685670841266
AT3G43540.1,8602,6957,6476,469,515,538,286,3.84476848335102,10.9096794632558,13.6070423558343,6.96709248906821e-18,2.28684565229415e-17,30.5479213968689,14.3678121048674
AT3G43920.1,15515,12883,12419,2308,2116,1649,287,2.75534374603573,12.3473746466562,9.68699908449092,9.23204323414598e-13,1.80121682680191e-12,18.8323318885643,6.75213498560808
AT3G44370.1,566,415,365,79,49,35,288,3.07587839842099,7.24984229457863,10.2071724656202,1.72496843216191e-13,3.57818730537675e-13,20.5016650056379,8.43202063997386
AT3G45090.1,5630,4733,4019,2597,1987,1710,289,1.20002913695112,11.6136518356421,4.17558620191084,0.000128243391967843,0.000174962867281311,0.308047726654459,2.29744310913575
AT3G45870.1,5594,3477,3199,24,45,32,290,6.88200285258496,8.51160551468921,23.046722664422,3.42271980285219e-27,4.17044117638091e-26,51.4679768622799,117.947649046516
AT3G48950.1,3081,2480,1939,2946,2638,1940,291,-0.00839775989407521,11.2669315811076,-0.0289384809089057,0.97703668618389,0.98765665016415,-7.21287471178222,-1.00583785785559
AT3G49307.1,6738,5217,5386,8163,6734,6611,292,-0.313509105846299,12.6443766826351,-1.10692255837202,0.273983562195653,0.313284483002406,-6.59895102819649,-1.24272674439399
AT3G49500.1,4791,3895,3729,334,233,305,293,3.83446007413085,10.0891533196058,13.4411805965467,1.10305070561448e-17,3.47741408888633e-17,30.0930025388312,14.2655164692237
AT3G49540.1,114,67,51,340,227,386,294,-2.06977169633251,7.24601671827819,-6.80738438773759,1.63313255838198e-08,2.51737007617996e-08,9.11055171704311,-4.19820232461906
AT3G49660.1,2073,1715,1189,384,399,270,295,2.22168666926574,9.54908329020316,7.58847122849903,1.08096640270107e-09,1.76368202545964e-09,11.804478479091,4.66438433802114
AT3G49680.1,10479,8161,7660,1291,1028,970,296,2.99587666352818,11.5865200340998,10.5112147754385,6.57189604808886e-14,1.41587567368092e-13,21.4617731518534,7.97716801095741
AT3G49730.1,455,438,412,66,43,26,297,3.340185601287,7.09689557106301,11.0927301326666,1.07231804694564e-14,2.43949231863587e-14,23.2649170342498,10.1273555422113
AT3G49770.1,0,4,12,444,409,322,298,-6.59672138900823,5.30581663218026,-15.5692489618302,3.89778114168443e-20,1.76826168866659e-19,35.6691190238601,-96.7856589273983
AT3G50020.1,558,554,421,642,659,463,299,-0.196276837971165,9.08618762658153,-0.685157533528634,0.496623615122133,0.544432175320531,-6.97603466053168,-1.14573773188092
AT3G50060.1,6094,5749,9946,258,242,228,300,4.85399264271259,10.3539378478194,16.7625091418107,2.05764710131168e-21,1.17159906380808e-20,38.5606750568365,28.9199397731328
AT3G50720.1,29,29,23,3616,3005,2837,301,-6.81537411956483,8.20726829042848,-24.0670213874047,5.25890100385888e-28,7.72228094777173e-27,53.2549609620346,-112.624283651988
AT3G51895.1,13960,10571,8779,78,50,59,302,7.45132797020663,9.68669621368902,25.6503759587519,3.2741492224662e-29,7.30790106454455e-28,55.8865284536202,175.014175583321
AT3G53000.1,2431,1934,1856,203,141,128,303,3.73046791583712,9.1430338635517,12.9508237764896,4.37745721194674e-17,1.30621450495523e-16,28.7272787945973,13.2734170626322
AT3G53370.1,1003,967,634,292,156,206,304,2.00605167069056,8.73064735561635,6.76645573989599,1.88384826797847e-08,2.89583287474377e-08,8.96905575270658,4.01681403415483
AT3G54100.1,3361,2624,2549,295,320,205,305,3.38903462282959,9.76864510472628,11.768314584275,1.37823950439608e-15,3.46422361915771e-15,25.3039220310138,10.4761347954429
AT3G54550.1,1845,1380,1281,2305,1647,1400,306,-0.234684525581081,10.6526305922981,-0.808361929666305,0.422971700668103,0.470182538016629,-6.8836785374993,-1.17664941091826
AT3G54710.1,1144,1013,953,663,426,413,307,1.07940020917547,9.47523965407665,3.7487124689381,0.000487959099439043,0.000652952463997568,-0.975773327360024,2.11315736741835
AT3G54740.1,1970,1804,1321,156,104,143,308,3.65073679210855,8.88496548538763,12.6319278747298,1.0903895464301e-16,3.08851455283246e-16,27.8222623462121,12.5597582647345
AT3G54800.1,86,79,67,155,91,234,309,-0.944382229832611,6.75630259224511,-3.10862154238915,0.00319400851902085,0.00413332351084224,-2.75316955771408,-1.92436468592178
AT3G55320.1,6749,5660,4893,230,158,143,310,5.03658479436128,9.96314472989488,17.4323466000963,4.21295751003629e-22,2.67139805750028e-21,40.1150499644062,32.8218532073853
AT3G55420.1,6951,4581,4816,42,30,72,311,6.86286923157902,8.95486315711251,22.5768773539002,8.30303005320214e-27,9.45528728507509e-26,50.6195010919628,116.393705621739
AT3G57220.1,2679,1903,1780,464,339,310,312,2.510019412497,9.77209257700307,8.67324466811673,2.65644435750602e-11,4.7206877435935e-11,15.4891260091186,5.69627742937285
AT3G57270.1,19728,16123,14331,34195,28425,24394,313,-0.792952231879587,14.4137776519138,-2.77757826311925,0.00785391231371287,0.00993760333571833,-3.58727351507621,-1.73261634433768
AT3G58470.1,963,828,720,187,153,163,314,2.3076818933253,8.54681674565953,8.15256918999221,1.55433533026617e-10,2.64426559234305e-10,13.7319233533635,4.95086940230558
AT3G59640.1,1447,1220,1138,92,128,168,315,3.31865996698842,8.6430851510987,11.4189204590402,3.95299943588679e-15,9.19072368843678e-15,24.2569496161843,9.97737270202456
AT3G59790.1,2372,1904,1625,2650,2279,1982,316,-0.235141605499521,11.042631872633,-0.822943375968503,0.4147130916878,0.462819810323585,-6.87176591734513,-1.17702226034799
AT3G61620.1,808,660,547,235,105,123,317,2.18725820752876,8.28188237520169,7.24385405872981,3.57047590489716e-09,5.69235872837890e-09,10.6182074737885,4.55439116925661
AT3G61740.1,1366,1050,953,352,238,233,318,2.0391446789128,9.09782430640151,7.057254800609,6.83435538678529e-09,1.07424515657076e-08,9.974101246535,4.11001790498308
AT3G62130.1,1778,1187,1063,174,159,106,319,3.18394871948276,8.76350975744833,10.8152191042287,2.53354305976823e-14,5.65486810940269e-14,22.4099109856427,9.08791108324418
AT3G62230.1,171,118,95,3664,3111,2923,320,-4.68363546840954,9.31049940711517,-16.138953375349,9.38949950622373e-21,4.80673460960811e-20,37.0697282288904,-25.6989136273564
AT4G00220.1,2648,2118,2022,6,2,6,321,8.73433608682124,6.76705882502274,28.5375111863711,2.98298934098157e-31,2.37786864609673e-29,60.2867233715879,425.889717072713
AT4G00231.1,2182,1665,1532,301,235,253,322,2.75555953551868,9.41435725957903,9.66824594528343,9.81357925037444e-13,1.90800600059545e-12,18.771536733941,6.75314500411442
AT4G00540.1,773,630,669,339,138,131,323,1.90432570275081,8.47640489411529,6.15621370267975,1.58427134638166e-07,2.35739576341591e-07,6.86254438887118,3.7433389919374
AT4G00550.1,2219,1698,1484,142,72,115,324,4.05846147444128,8.7651230341493,13.6998230007798,5.39599246027691e-18,1.80297233103863e-17,30.8008588938796,16.6616742755367
AT4G00570.1,24711,18959,17936,1096,924,824,325,4.43111294025153,12.0958590284391,15.5488171773317,4.10464369896767e-20,1.84708966453545e-19,35.618190660534,21.5723724179742
AT4G00610.1,236,167,130,412,341,258,326,-0.936725033592476,7.90652374120106,-3.17986376290498,0.00261366844626213,0.00341551988996316,-2.56549522181983,-1.91417805423412
AT4G00690.1,129,106,113,43,33,12,327,2.11646354518854,5.80734316527051,6.58443775966845,3.55611397068346e-08,5.38761509633233e-08,8.33987704596288,4.33629691762682
AT4G00730.1,14919,12342,10871,1343,972,1047,328,3.50421956815196,11.8694552571084,12.2779368848364,3.04893649145974e-16,8.17935847228143e-16,26.8019590882332,11.3468470652418
AT4G00780.1,297,99,117,5,3,3,329,5.05356841962586,4.72177171005331,15.8204229087512,2.07192296753861e-20,9.96666393005642e-20,36.2912289139239,33.2105202866072
AT4G01840.1,2544,1905,1765,326,206,233,330,3.02635115664689,9.48550841251705,10.455594124749,7.83394758251871e-14,1.68128567347902e-13,21.2870129837627,8.14746447603673
AT4G02700.1,494,539,439,6,40,24,331,4.66689896969735,6.60303719033215,13.0348360614562,3.44930212794015e-17,1.03479063838204e-16,28.9634860181256,25.4025068186907
AT4G03110.1,1053,751,933,333,301,259,332,1.60634996606565,9.01800059797535,5.64648042974763,9.2972738192621e-07,1.35453754338074e-06,5.1177434052877,3.04480527485024
AT4G05470.1,16,1,1,117,159,118,333,-5.0039753554356,4.53114195813458,-12.1169065202177,4.89328175230774e-16,1.28190198018203e-15,26.332335162003,-32.0882978018917
AT4G07507.1,82,106,122,252,210,177,334,-1.04026842376019,7.20647451957587,-3.62290258383181,0.000715069493027693,0.000954566452414958,-1.34032212156055,-2.05661026480818
AT4G08590.1,2419,1863,1737,1669,1407,1332,335,0.440888257514315,10.7356191524531,1.55026975479344,0.127812231494865,0.150145737208705,-6.02295759563482,1.35743983667813
AT4G09580.1,1688,1362,1148,35,45,43,336,5.04925598870536,7.90893418639822,17.6893053518555,2.32019764982506e-22,1.55984372120769e-21,40.6987411415646,33.1113973025204
AT4G09900.1,3681,3035,2881,28,40,31,337,6.56385053573149,8.3537696011143,23.0443409182038,3.43799810239287e-27,4.17044117638091e-26,51.4637172760557,94.6053939053356
AT4G10160.1,198,186,145,654,564,435,338,-1.630766279731,8.27316435296927,-5.68228440102996,8.21511355077953e-07,1.20000873333376e-06,5.23954430487404,-3.09677438544026
AT4G10430.1,5458,4448,3863,289,252,216,339,4.17503728220142,10.0623366068186,14.643029240008,4.26099967463521e-19,1.63975021961824e-18,33.3105970543559,18.0638972790537
AT4G10640.1,5099,4411,4314,297,316,255,340,3.99037863360079,10.1710251670009,14.1558028669973,1.56052074311144e-18,5.58186265805244e-18,32.0280596381143,15.8936506494129
AT4G11130.1,5253,4114,3835,537,390,390,341,3.32591741609647,10.427462693772,11.6227104351875,2.13397549040492e-15,5.2456313817002e-15,24.8695828712285,10.0276901340364
AT4G11320.1,476,361,276,1,2,1,342,7.30882366947225,4.84939933497651,24.9397274007274,1.11715161132118e-28,1.93766869044842e-27,54.7259166728999,158.553253276453
AT4G11400.1,234,260,211,1506,1207,908,343,-2.33055384247298,9.04272472046918,-8.10389274757039,1.83572942818775e-10,3.10405157857202e-10,13.5664784761334,-5.02998410996157
AT4G11510.1,1250,767,790,512,414,404,344,1.04660060658215,9.31048718316218,3.61767423018758,0.000726424674027389,0.000967410425077048,-1.35532297426867,2.06565684302567
AT4G11940.1,88,47,27,787,567,687,345,-3.77667094663933,7.51101909123472,-11.9600973591594,7.78143623033805e-16,2.010204359504e-15,25.8717151542817,-13.7053849625608
AT4G12080.1,1146,816,873,26,43,23,346,4.93668326404673,7.401435505864,16.8053759994309,1.85651112232537e-21,1.06797237758511e-20,38.6615947171616,30.6259621584901
AT4G12140.1,348,340,201,411,370,268,347,-0.258105209458344,8.30202681739104,-0.875809467422257,0.385605886672675,0.433806622506759,-6.82684414353032,-1.19590700587929
AT4G12590.1,4499,3990,3258,397,285,248,348,3.67065319898804,10.0874925626241,12.7199467950862,8.4649062182399e-17,2.42226547168095e-16,28.0733916227982,12.7343480771492
AT4G12710.1,2225,1720,1554,164,189,185,349,3.33221049690511,9.15788412634749,11.735264692794,1.521656468303e-15,3.79055495229051e-15,25.2055807788685,10.0715267703413
AT4G12790.1,1481,1139,1101,115,160,99,350,3.3204340956374,8.60446840215767,11.5021547899319,3.07108964018984e-15,7.41847627370533e-15,24.5078339503832,9.98964974640761
AT4G12870.1,189850,149672,134195,813,913,693,351,7.60540583048012,13.4506119792076,26.6806468749298,5.81774664103024e-30,1.80350145871938e-28,57.5128153120216,194.74005313693
AT4G12900.1,431,346,452,1,3,2,352,7.1440280313556,5.10033484925152,24.270120691343,3.65154567259784e-28,5.65989579252665e-27,53.6019069617202,141.438202151465
AT4G13110.1,3752,2655,2534,180,111,177,353,4.2579012660058,9.38992871303864,14.571917487349,5.14083625454984e-19,1.95141947621688e-18,33.1252359063289,19.1318073764828
AT4G13345.1,678,452,426,4,8,7,354,6.1589580558606,5.91009672670685,20.7891384623255,2.80011252876311e-25,2.56141441155707e-24,47.2333499708775,71.4547520996676
AT4G13460.1,16948,13485,11926,4698,4101,3019,355,1.84981611393596,12.8451022779991,6.41377585134891,6.4521685923195e-08,9.67825288847925e-08,7.7503961794752,3.60454238580465
AT4G13495.1,3329,1927,2439,235,213,159,356,3.64027436666283,9.46881656021487,12.4762201113841,1.7106172478849e-16,4.77262212159888e-16,27.3755076741591,12.4690043604416
AT4G13955.1,1371,1025,948,2254,1876,1341,357,-0.696049850124277,10.4530729446625,-2.39306846260525,0.0207722390995857,0.0258149430235385,-4.46982110668763,-1.62006292509766
AT4G14690.1,14196,11382,8797,9532,8030,6357,358,0.515471924196893,13.1992145642876,1.77741037711595,0.0819981986376261,0.0973510528506284,-5.6606524983166,1.42946165865769
AT4G15040.1,3044,2007,1510,3356,2248,1915,359,-0.215616200434088,11.1428274375201,-0.716467125073581,0.477262545867652,0.525271204327711,-6.95397577944099,-1.16119977733481
AT4G15050.1,72761,56000,49015,23544,18123,16856,360,1.59840687325165,15.0358057910877,5.5655130731956,1.22945655735577e-06,1.7865540599076e-06,4.8428299934706,3.02808745597958
AT4G15080.1,7071,5450,5277,413,333,321,361,4.05262509052833,10.4956819212935,14.2504525571102,1.21002347598356e-18,4.38437077661574e-18,32.279514936504,16.5944060788021
AT4G15380.1,146,71,85,2,3,0,362,5.40363320008654,3.89680410028366,15.7188948219177,2.67266106349761e-20,1.26385158765396e-19,36.0406440931036,42.3307222781801
AT4G15900.1,8521,6792,6508,861,715,718,363,3.24327395904094,11.196706245118,11.454859102274,3.54439004963516e-15,8.30995650292612e-15,24.3653882554157,9.46940618611936
AT4G15960.1,4479,3224,3028,24,23,18,364,7.29074870699962,8.1376230881463,25.4330657433253,4.75024414349049e-29,9.81717122988036e-28,55.5350722492215,156.579193450368
AT4G16180.1,5856,4636,4631,613,540,360,365,3.3449690241297,10.6182960640929,11.5479628039804,2.67375292427639e-15,6.54365847257115e-15,24.6455162901701,10.1609896930131
AT4G16380.1,43322,32961,32199,242,181,173,366,7.50352803949695,11.3769475662995,26.2326118837679,1.22429463025701e-29,3.10525638037915e-28,56.813577419984,181.462551543026
AT4G16760.1,69039,56429,52490,11351,10508,9315,367,2.50787015446018,14.5924322678283,8.86441765194977,1.39782581295998e-11,2.49995770394766e-11,16.1279821891435,5.68779770574544
AT4G17486.1,1228,939,767,454,475,296,368,1.26196300948802,9.2772680444756,4.3140363646848,8.21759515290245e-05,0.000112941332397034,0.738254992661282,2.39821833678972
AT4G18320.1,3356,2774,2655,16,15,11,369,7.61794765573261,7.69978227519013,26.729065122969,5.37180865271667e-30,1.80350145871938e-28,57.5876597457882,196.440372853936
AT4G18400.1,778,568,516,35,35,35,370,4.08733660878542,7.21359330583502,14.3629494090864,8.95552162410823e-19,3.30939143460424e-18,32.5769319239835,16.9985126045611
AT4G18800.1,6067,4859,4515,794,788,579,371,2.83865803643769,10.8988628949522,9.93865689713217,4.08371713281805e-13,8.19681352558443e-13,19.6440871730241,7.15354340117701
AT4G18870.1,1773,1347,1159,1978,1393,1177,372,-0.0761301337495173,10.4944997887074,-0.260878230064704,0.79533074731016,0.829522536446859,-7.17875452878663,-1.05418650856667
AT4G19120.1,36034,22243,21480,968,685,688,373,5.0660785294303,12.1232985294792,17.3215206145714,5.46001170048377e-22,3.31161579224994e-21,39.8611744608256,33.4997524472667
AT4G20800.1,19476,13393,12680,30033,22789,19935,374,-0.68144888554435,14.2037791125597,-2.35010431414803,0.0230362219589301,0.0285015783882106,-4.56217377249697,-1.60374957783384
AT4G20830.1,5882,4346,4308,2386,1938,1616,375,1.29336472721318,11.5804103311607,4.50643323777471,4.39119331501471e-05,6.09523848203534e-05,1.34584555782639,2.450990219445
AT4G21430.1,2442,1955,1808,79,28,46,376,5.42486918471605,8.29060057292222,17.6033293213634,2.83068612089676e-22,1.85826218289458e-21,40.5042073449265,42.9584246896293
AT4G21630.1,18417,16329,14847,43,51,77,377,8.19225779933245,9.91122008487977,28.251407795676,4.66098499695163e-31,2.64404857902413e-29,59.8718617775651,292.492900922662
AT4G21760.1,4236,2417,2574,15,29,26,378,6.98566818726632,8.04676012622382,23.2115951240053,2.51698772181831e-27,3.26623057854562e-26,51.7618246837738,126.734735891891
AT4G22430.1,1019,704,695,580,402,397,379,0.808373792505865,9.22873856374498,2.79269013967261,0.0075469396238674,0.00957089161390456,-3.55062529571475,1.75123633407747
AT4G23020.1,10997,8461,7973,45,28,32,380,8.00229578702389,9.14312691702629,27.718031667171,1.08277939991161e-30,5.03492420958897e-29,59.0864859961946,256.407701791137
AT4G23110.1,45,19,17,1489,1407,1102,381,-5.69744341906384,7.52052672699415,-18.4428547236317,4.18534046315434e-23,3.03301295901314e-22,42.3715585874722,-51.8921145057997
AT4G24640.1,48,41,22,91,39,108,382,-1.02769505092344,5.69071059977871,-3.17462900612519,0.00265267313734694,0.00345839161364391,-2.57937877877543,-2.03876437745822
AT4G24740.1,985,618,597,138,66,45,383,3.24488296351733,7.85863888817143,10.1789101948998,1.88796011857066e-13,3.90178424504603e-13,20.4118243568941,9.47997308766536
AT4G25280.1,668,589,535,81,43,76,384,3.19091752379939,7.62338214988312,10.8839862993307,2.04549548685657e-14,4.60236484542728e-14,22.6227205264237,9.13191558740863
AT4G25440.1,769,597,455,73,56,26,385,3.61612514732932,7.40713953431704,11.5183879518699,2.92385548737778e-15,7.1245037640035e-15,24.5566568079434,12.2620233110987
AT4G25530.1,6442,5228,4602,81,71,58,386,6.25469163535664,9.26405250281907,21.8964950498971,3.08021404654437e-26,3.18288784809585e-25,49.3609416372981,76.3571650701677
AT4G26140.1,2479,1816,1629,704,728,556,387,1.56044512989122,10.1444852212633,5.43789222857894,1.90744746980976e-06,2.73296989927128e-06,4.41113115353746,2.94944831855166
AT4G26410.1,4246,3367,3186,586,413,446,388,2.90435114946632,10.3504537986641,10.1654669340806,1.97087643422671e-13,4.05811457674725e-13,20.3690555309586,7.48681003745477
AT4G26420.1,26038,21090,19231,48,73,77,389,8.38479401857022,10.2289188188206,29.0117678049157,1.4359919530447e-31,1.33547251633157e-29,60.9647816205337,334.252379054831
AT4G26640.1,3713,2586,2265,130,104,89,390,4.70074432296914,9.09687936666232,16.1955082154865,8.16790507544382e-21,4.29970852084684e-20,37.2067440052098,26.0054901149814
AT4G27740.1,159,104,110,0,2,2,391,5.88688815915376,4.00008574672432,18.1489234983761,8.11102787056349e-23,5.80250455355696e-22,41.7258553338304,59.1738623354117
AT4G27890.1,3034,2004,1752,2693,1891,1551,392,0.143778084085348,11.0322701590389,0.485402518180732,0.629655115765653,0.673079606508111,-7.0939174057283,1.10479453180276
AT4G29280.1,1570,1040,1016,1744,1003,1037,393,-0.0429399403181829,10.2319118976428,-0.145163404198597,0.885205133244191,0.907562250285633,-7.20259846710871,-1.03021106483558
AT4G29530.1,1028,709,711,48,19,14,394,5.03696912588044,7.13299407447725,15.6524454074638,3.1592079110085e-20,1.46559669352813e-19,35.875991947253,32.83059805833
AT4G29550.1,131,104,127,199,120,108,395,-0.190754704933889,7.0149238981418,-0.65269463487503,0.517146019351087,0.563608357027161,-6.99788574298687,-1.14136063012112
AT4G29860.1,1532,1226,983,94,114,68,396,3.75390196820248,8.3849076894524,12.8667527186512,5.56124418065272e-17,1.63324960673906e-16,28.4899826262033,13.4907810280245
AT4G31060.1,1108,959,1040,45,54,23,397,4.71860147625561,7.65592879489541,15.7409539733608,2.52858925515597e-20,1.20594256784361e-19,36.0951903276449,26.329376932787
AT4G31080.1,3676,2968,2652,191,133,104,398,4.46272886352453,9.35313016804395,15.2754979566296,8.23473456540345e-20,3.50761976144666e-19,34.9321984736843,22.0503379731418
AT4G31180.1,7780,6557,5799,723,541,469,399,3.54936845354364,10.9275215184392,12.3632322827116,2.37634559659366e-16,6.46829679463055e-16,27.0493197792714,11.7075594071273
AT4G31720.1,662,509,560,45,40,52,400,3.63001368078065,7.35135164546976,12.8114464118759,6.51279358104288e-17,1.882973480944e-16,28.3333720345307,12.3806373508227
AT4G31770.1,195,172,150,47,12,9,401,3.2268041657758,5.81584552080444,9.27186195659669,3.60379762779466e-12,6.65867243811065e-12,17.4769270719993,9.36191824059457
AT4G32110.1,28084,22614,20167,9266,7859,6793,402,1.56467973482311,13.7317551195362,5.48544253323818,1.61982366102227e-06,2.33555969728793e-06,4.57173351736455,2.95811827025418
AT4G32120.1,3702,2881,2381,601,435,358,403,2.6918823722836,10.1758225312617,9.22216021569127,4.2476395316283e-12,7.82238567210757e-12,17.3133383350851,6.46155936701167
AT4G32500.1,3067,2363,2009,156,109,114,404,4.28053545346203,9.11409123118457,14.8416262489266,2.53045735361618e-19,1.04592237282802e-18,33.8249900344284,19.4343298257025
AT4G32850.1,8167,6180,5394,488,323,386,405,4.03902284365933,10.6427548931568,13.9831824663622,2.48860961814445e-18,8.62511904922114e-18,31.5665678594312,16.4386833184112
AT4G33830.1,4020,2873,2903,3796,2910,2915,406,0.0194300977282182,11.6456211862204,0.0679337910206199,0.94612769906703,0.961637989215669,-7.21095595338945,1.01355901837912
AT4G33840.1,14293,12461,10427,16372,14025,11995,407,-0.189522648638347,13.6802763049981,-0.665205774048185,0.509183381407847,0.556016295157688,-6.98958758999695,-1.14038632839603
AT4G34330.1,290,210,177,334,219,158,408,-0.0335173305240959,7.810661319456,-0.111583538245874,0.911630735280699,0.931666575616538,-7.20697632622946,-1.02350441849329
AT4G35050.1,1481,1185,1108,277,280,221,409,2.27082613923967,9.15134082271801,7.99507348611819,2.66478984973136e-10,4.43457263539448e-10,13.1959667670785,4.82599405800546
AT4G35740.1,2136,1748,1706,101,107,108,410,4.12514531356577,8.79440504642018,14.654894610248,4.12984862610665e-19,1.60031634261633e-18,33.341465186912,17.4498812505322
AT4G35840.1,10128,8266,7004,50,38,38,411,7.61676395188876,9.22279190250971,26.6474830073468,6.14482192490067e-30,1.80463717583925e-28,57.4614704557971,196.279263366589
AT4G36220.1,2362,1708,1533,70,91,68,412,4.58219661027102,8.55170948258213,15.9297308426425,1.57717010000281e-20,7.85768674822826e-20,36.5596881239226,23.9540320182644
AT4G36590.1,1131,885,759,1275,894,810,413,-0.0936792834719675,9.88206522164193,-0.323187345603468,0.747992761807935,0.787509360544958,-7.16030253533546,-1.0670880939783
AT4G36830.1,160,153,113,13,22,16,414,3.00407123786977,5.64149552538987,10.3614697231419,1.0555255783305e-13,2.2394801243666e-13,20.9903738304352,8.02260762038348
AT4G37690.1,3169,2299,1938,2480,1899,1752,415,0.258227451698341,11.1104803938059,0.891454618095037,0.377244925897457,0.425257916466224,-6.81303103524296,1.19600834160218
AT4G38700.1,11576,9681,8450,13320,11911,9771,416,-0.237003799320545,13.3801584187334,-0.831755733794617,0.409770013495287,0.45821977460996,-6.86446619763321,-1.17854251148554
AT4G38960.1,610,495,384,78,59,30,417,3.21102395387179,7.32713452832673,10.4107377573475,9.02879338135568e-14,1.93029375739328e-13,21.1457860653162,9.26007548485143
AT4G39390.1,5347,4091,3441,305,253,204,418,4.06895097763621,10.0096596984749,14.0760361778088,1.93524588416316e-18,6.83460255293064e-18,31.8152729455122,16.7832589411837
AT4G39650.1,86449,65908,61395,81336,61940,58052,419,0.0861030111665002,16.0614895777015,0.30052133975039,0.765110256714363,0.804014168072721,-7.16746864209601,1.06149899928898
AT4G39690.1,4932,3792,3398,721,461,335,420,3.0494487945828,10.4380315609854,10.2113711075926,1.70199996753176e-13,3.54371635030866e-13,20.5150031785939,8.27895567493488
AT4G39753.1,48,64,68,122,109,84,421,-0.795887680359924,6.31314454482057,-2.77314965827306,0.00794603561451591,0.0100314205269228,-3.59798650899172,-1.73614528401276
AT4G39955.1,5484,3880,3518,293,128,130,422,4.62670527334287,9.72812683727046,15.0391565843913,1.51380532433197e-19,6.35115316524239e-19,34.3318744392689,24.7045568753728
AT5G02630.1,1795,1627,1328,71,50,77,423,4.57594314866917,8.33055576175994,15.9143519887289,1.63876146579578e-20,8.09229113198269e-20,36.5220007044807,23.8504263122636
AT5G02880.1,19310,14918,13429,1278,1061,1028,424,3.81159142949661,12.0325943369416,13.3805378777769,1.30593650264957e-17,4.02603628993625e-17,29.925790769401,14.0411717459221
AT5G02970.1,12032,9348,9659,502,513,445,425,4.40072450960491,11.1273419344424,15.5862441140352,3.73381016755945e-20,1.70775907663785e-19,35.7114440713474,21.1227315716479
AT5G03020.1,753,686,571,603,460,357,426,0.523871627282158,9.1188836326473,1.81310700872491,0.0762302163890432,0.0907787355900097,-5.5997635482267,1.43780858923918
AT5G03100.1,1047,887,868,101,209,109,427,2.80767355384656,8.45984696797737,9.45288292521343,1.98511716909204e-12,3.72961407526384e-12,18.0703950429215,7.00154618182065
AT5G03240.1,84357,65064,61984,12824,10132,8942,428,2.73115824860119,14.7255751612129,9.54510565823785,1.4671672286257e-12,2.79412735007898e-12,18.3713009521724,6.63988497091531
AT5G03280.1,27553,20936,18284,1819,1574,1096,429,3.90396920449586,12.4687201551692,13.4002793282282,1.2360322290345e-17,3.85310605475558e-17,29.9802764459814,14.9696564223474
AT5G03370.1,3887,2900,2562,619,429,357,430,2.74754393832247,10.2098163132039,9.39055894771892,2.43649251808352e-12,4.54703285983479e-12,17.8664887115262,6.7157286461568
AT5G03800.1,2137,1810,1494,447,336,300,431,2.33098911925232,9.64468768629255,8.10827409725618,1.80842591062481e-10,3.06717829218432e-10,13.581377613904,5.03150193981673
AT5G04560.1,13808,11466,10481,869,694,655,432,4.01028508019111,11.5262401277506,14.1127461402059,1.75258865538838e-18,6.22894566692176e-18,31.9133000829981,16.1144727469149
AT5G05120.1,733,580,525,20,36,17,433,4.65641793523,6.91877423089834,15.6500818609237,3.1780860200162e-20,1.46559669352813e-19,35.8701259723857,25.2186288958994
AT5G06020.1,335,249,258,478,400,434,434,-0.647100622599931,8.44852030967576,-2.28397816858211,0.0269542409438214,0.0332019126857668,-4.70172790367666,-1.56601781260764
AT5G06030.1,298,179,222,249,210,194,435,0.0741802944430674,7.80182807626116,0.257390320521712,0.798005621387799,0.830759583459686,-7.17967144152503,1.05276271086066
AT5G06380.1,151,111,98,238,199,202,436,-0.841806619786617,7.31578299508691,-2.94467738082729,0.00502103436316405,0.00642600269414115,-3.17428991169806,-1.79229314236213
AT5G06500.1,2747,2130,2073,1279,1041,902,437,1.11134383692243,10.6108885300101,3.89266529218428,0.000312978436349215,0.000422861906738164,-0.550571962775944,2.16046796176306
AT5G06670.1,4188,3647,3294,570,569,447,438,2.81060765548471,10.4451438165665,9.92016051506441,4.33489494391703e-13,8.66978988783406e-13,19.5846861508897,7.01580016604457
AT5G07430.1,281,159,127,614,245,485,439,-1.22343005396182,8.09887484274296,-3.83991453278596,0.000368591506331684,0.000494408799358365,-0.707351159622115,-2.33501214528909
AT5G07460.1,1183,867,784,242,154,166,440,2.33430408016611,8.69536577386775,8.0340463431602,2.33157076744269e-10,3.90695642112018e-10,13.3287638362744,5.0430763951809
AT5G08360.1,865,643,593,45,43,48,441,3.90191859827753,7.4835271054086,13.7298230477601,4.96917916783512e-18,1.68048604584969e-17,30.8824095111431,14.948394087499
AT5G09490.1,1045,795,665,1080,709,631,442,0.0643544511860163,9.65004614902761,0.219385410499068,0.827303704004377,0.853300308381594,-7.18886438531613,1.0456169629777
AT5G09900.1,5470,4472,3674,624,600,441,443,3.0271027661154,10.6158300896084,10.5238917636426,6.31431929341184e-14,1.36565510299372e-13,21.5015487845465,8.15171021522714
AT5G10220.1,1866,1410,1203,1940,1276,1282,444,-0.00126816864096924,10.5215101381815,-0.00435986037128828,0.99653987400249,0.997465380265785,-7.21329044044354,-1.00087941397588
AT5G10440.1,647,512,440,760,656,652,445,-0.385047173774369,9.23495687490358,-1.35350021547521,0.182396016487819,0.2124780317332,-6.3005696415443,-1.30590248727182
AT5G10950.1,4945,4145,3691,1376,1088,816,446,1.98314813738253,11.0550051856904,6.85908594719887,1.36360654726434e-08,2.11359014825973e-08,9.28928385781018,3.95354853951504
AT5G11310.1,652,559,454,316,148,113,447,1.64984912293705,8.27839041639063,5.30061403407643,3.05336550462032e-06,4.35748836720752e-06,3.94924430058173,3.13800820149465
AT5G11460.1,1229,938,659,37,56,21,448,4.65516567196019,7.50766588472864,14.903442102446,2.15358606333038e-19,8.96791808461455e-19,33.9841228933152,25.196748554018
AT5G12840.1,2071,1551,1392,467,426,372,449,1.96973729100526,9.70203157865568,6.89854336101427,1.18829224720789e-08,1.85214266464246e-08,9.42567663788576,3.91696786122671
AT5G13620.1,136,109,74,80,76,134,450,0.141586115450238,6.63194377126857,0.473303425834533,0.638196618533857,0.680905761265568,-7.0997805922883,1.10311722916396
AT5G14620.1,1203,972,952,50,48,28,451,4.63704396474549,7.70022737611084,15.892545321498,1.73031785308775e-20,8.41092468402346e-20,36.4685148147566,24.8822313987879
AT5G15140.1,16,14,7,130,65,106,452,-2.94164355681273,5.13560625735932,-9.52965959208968,1.54326921798234e-12,2.91913296147167e-12,18.3209720383296,-7.68286049129032
AT5G15380.1,76,63,86,13,18,5,453,2.68982836677376,4.891662495461,8.47144524557525,5.25247496859384e-11,9.27493997618786e-11,14.8109379786959,6.45236640887948
AT5G15470.1,7624,5460,4829,268,306,288,454,4.34693188233163,10.342960237975,15.196306671929,1.0091181848915e-19,4.26581778158681e-19,34.7317892598158,20.3496472650236
AT5G16360.1,157,91,89,82,112,66,455,0.352629405447968,6.59675056413061,1.1861942319274,0.241531733995571,0.277885994988719,-6.50915218315489,1.27688571504244
AT5G17320.1,4991,4200,3410,1029,805,627,456,2.36673764315733,10.8359306214087,8.16403852862465,1.49461770108779e-10,2.5504485541498e-10,13.7708792168795,5.15773497340043
AT5G19175.1,90,80,92,1440,1230,1198,457,-3.86642738529403,8.3954815107108,-13.7413955847849,4.81385173174572e-18,1.63788369897202e-17,30.9138370510443,-14.5851405656076
AT5G19600.1,1698,1504,1152,243,281,206,458,2.56447301967401,9.20349505899068,8.95515180590921,1.0320067799599e-11,1.86967462083644e-11,16.4299035411782,5.91538889906536
AT5G20810.1,1488,1289,1092,311,235,236,459,2.30352418581409,9.17069159861449,8.08413971247646,1.96407400083105e-10,3.30106413392689e-10,13.4992884579742,4.93662201539533
AT5G21150.1,31200,25642,24416,3230,2313,1965,460,3.45873154161193,12.9876943677104,12.0013467941466,6.88543489568327e-16,1.78701054501919e-15,25.9932000183803,10.994663474317
AT5G21930.1,3133,2641,2686,275,340,302,461,3.20255281748576,9.85638519850131,11.362051612478,4.69955479262135e-15,1.08811268642436e-14,24.0850081989274,9.20586200898158
AT5G22020.1,5424,4829,4090,70,15,28,462,7.21124153439938,8.60819680541044,21.4706272376367,7.11931110371993e-26,6.9694308699574e-25,48.5545938851948,148.183554424019
AT5G22200.1,3191,2844,2531,115,68,49,463,5.27005264038806,8.83848020075418,17.5921316690016,2.90511511270111e-22,1.884946782427e-21,40.4788146007285,38.5872584144206
AT5G22440.1,6110,5318,4731,2418,2323,2183,464,1.21567329911413,11.7796188323252,4.31466135544901,8.20100631824006e-05,0.000112941332397034,0.740210847878252,2.32249147192829
AT5G22920.1,14261,10899,12897,808,695,592,465,4.18398709153264,11.5302694400412,14.7209762521707,3.47095202431216e-19,1.36393748560999e-18,33.5130636649511,18.1763056039511
AT5G23210.1,75159,67150,60818,2816,2674,2360,466,4.69152794474038,13.6959137559633,16.6485322316085,2.70740154787622e-21,1.51073006371493e-20,38.2913671033421,25.8398885910954
AT5G23340.1,4016,2774,2637,246,196,163,467,3.94914419858757,9.61722911784683,13.6359363993171,6.43339962307745e-18,2.12416389921729e-17,30.6268099831984,15.4458161431637
AT5G24240.1,18697,14018,12650,250,257,252,468,5.87563052933118,10.9264033926884,20.6831739346676,3.47590997895111e-25,3.128318981056e-24,47.0244061504658,58.7139140526787
AT5G24380.1,1114,778,693,687,556,530,469,0.522244347533773,9.46124428138231,1.81266374721462,0.0762996899493092,0.0907787355900097,-5.60052608758857,1.43618773542474
AT5G24460.1,7756,6570,5254,825,521,400,470,3.53243098916631,10.8880029593979,11.8775909412269,9.94517402858435e-16,2.55733046449312e-15,25.6280450744147,11.5709145226659
AT5G24810.1,26900,19511,17828,2155,1598,1425,471,3.63151014652388,12.5473730574875,12.5502071384531,1.38056407190294e-16,3.89068056627193e-16,27.5881890950961,12.3934860897012
AT5G25410.1,1161,867,735,31818,23136,22069,472,-4.80593551175597,12.2254702698467,-16.604359032167,3.01231739677064e-21,1.66423079940398e-20,38.1866101288745,-27.9724654603289
AT5G25950.1,4633,3153,2881,5732,4056,3876,473,-0.36604442560866,11.9476435107477,-1.25743046747544,0.214835350576285,0.248709804194123,-6.4234778972821,-1.28881431695881
AT5G26250.1,1221,903,927,1164,844,858,474,0.0925841451706102,9.93143743653519,0.323617089296479,0.747669421592785,0.787509360544958,-7.16016165774975,1.06627838327656
AT5G26630.1,824,611,510,754,708,487,475,-0.00596478541713452,9.31725493696305,-0.0204559146768892,0.98376662925231,0.989750426940618,-7.21308754182584,-1.00414303292418
AT5G26650.1,3358,3046,2625,24,43,27,476,6.57833277844808,8.25938063271392,22.634044772108,7.44821794523452e-27,8.842777900938e-26,50.7236247409203,95.5598562500365
AT5G26700.1,242,240,193,1458,1104,936,477,-2.35162845927767,8.98835245697979,-8.20260980826935,1.31022448849294e-10,2.24955466024326e-10,13.9018108411371,-5.10400046053574
AT5G27910.1,387,314,296,173,95,104,478,1.45709615571306,7.64259858260186,4.98256128657555,8.99640313745957e-06,1.26767498755112e-05,2.89089001324854,2.74555184761099
AT5G27960.1,457,336,258,139,148,146,479,1.23483099157396,7.80012345653481,4.28240431987548,9.10130393420917e-05,0.000124779547795792,0.639424109675708,2.35353774672056
AT5G28000.1,1331,1251,1165,1613,1359,1248,480,-0.165208091273019,10.3681871413713,-0.585821537328035,0.560809581025805,0.60295134144971,-7.03961247597034,-1.12132780430907
AT5G28530.1,2812,2074,1883,85,94,56,481,4.84245411028379,8.69756384754115,16.5900715139992,3.11824767637584e-21,1.70586490531149e-20,38.1526812267221,28.6895634431085
AT5G28646.1,150,93,82,31,60,86,482,0.931450729646008,6.25695230929354,2.95422395509307,0.00489224807223226,0.00627557338920828,-3.15019112858473,1.90719284647953
AT5G32619.1,265,210,225,4077,3478,4055,483,-4.04912812467209,9.89008425787723,-14.3537461489712,9.17823136925021e-19,3.36937704213264e-18,32.5526596141995,-16.5542314079843
AT5G34940.1,14281,10560,9689,8715,7320,6093,484,0.636733634942162,13.1518499091374,2.21527749022982,0.0316433811442625,0.0387215058739001,-4.8433372245506,1.55480498132584
AT5G35490.1,143,103,109,22,6,15,485,3.10693585166448,5.33044021853711,9.72401763421498,8.18430800109593e-13,1.60240135600404e-12,18.9522181861732,8.61550791903378
AT5G37290.1,1257,891,775,233,138,171,486,2.42738613399257,8.68554991599929,8.27790560309544,1.013620263344e-10,1.76199410263536e-10,14.1570580647205,5.37917950891851
AT5G37420.1,232,206,187,42,67,60,487,1.88926567343864,6.75945448122443,6.58390149957029,3.56277772499396e-08,5.38761509633233e-08,8.33802385423275,3.70446620769811
AT5G37560.1,681,532,441,2,0,1,488,8.22485323681788,4.97408078531599,26.092925713823,1.54745946577046e-29,3.7542712256518e-28,56.5930802978063,299.176539307224
AT5G38140.1,396,258,316,2,0,1,489,7.45772667141592,4.59051750261501,23.6710662673344,1.07906757429592e-27,1.50529926614281e-26,52.5703024546976,175.792129685344
AT5G38195.1,5068,3777,3255,5783,4126,3287,490,-0.110648908131914,12.008583593814,-0.377193134125909,0.707734826939041,0.74936628734722,-7.14113973009153,-1.07971377050897
AT5G39260.1,122372,97273,92599,159852,126792,120172,491,-0.381279394425693,16.8471120146853,-1.34024008078857,0.186636724277104,0.216965191972133,-6.31803327961019,-1.30249640849977
AT5G39440.1,887,679,638,1060,819,789,492,-0.277639653349961,9.64664613448658,-0.97194745972003,0.336072622703585,0.379612395685426,-6.73823816140712,-1.21221000359585
AT5G39560.1,304,301,180,635,429,368,493,-0.86587891735856,8.42991147829879,-2.91538319874226,0.00543623786595022,0.00694146619954284,-3.24790360532068,-1.82244960013866
AT5G40570.1,1020,904,798,155,158,138,494,2.58078885963541,8.52946984544108,9.1553544531648,5.30017710712569e-12,9.72861455847413e-12,17.093024009627,5.98266739793508
AT5G40600.1,877,631,698,68,35,97,495,3.54594907358407,7.73736097090393,11.489662625037,3.18949596652751e-15,7.61583282066587e-15,24.4702387236435,11.6798437852946
AT5G40680.1,7106,5221,4711,16019,12287,11081,496,-1.21364804320538,13.0560025383043,-4.20983130277914,0.000114930912194283,0.000157184924030416,0.413879212016045,-2.31923344476243
AT5G41260.1,2088,1427,1461,331,200,134,497,2.97306597249065,9.18750189277089,9.74878777385251,7.55119423499365e-13,1.48889271488567e-12,19.0323460449523,7.85203156538921
AT5G41610.1,8434,6931,5788,966,706,641,498,3.19698625405181,11.1682824508288,11.0917757885963,1.07547510821581e-14,2.43949231863587e-14,23.2619940273514,9.17041011006209
AT5G41750.1,1297,927,1072,56,22,19,499,5.19636998625804,7.49097834816539,16.506366930403,3.81973741020454e-21,2.069333470771e-20,37.9534532374186,36.6659746997445
AT5G41830.1,1032,947,740,23,17,9,500,5.78596064100611,6.91858551952,19.0939684778014,9.94232135393865e-24,7.59974700753119e-23,43.7718309183753,55.1756815810618
AT5G41850.1,943,867,719,197,250,150,501,2.09891415492685,8.66255871524858,7.27538551614141,3.19992186567441e-09,5.13090919840896e-09,10.7269467266499,4.28386838100313
AT5G42235.1,35203,28056,29478,5038,3939,3399,502,2.91756805225009,13.4501909215712,10.2233783577037,1.63800875350717e-13,3.42325424890262e-13,20.5531353793987,7.55571378315612
AT5G42670.1,842,639,681,47,35,50,503,4.00921066690622,7.4803762814981,14.0399537555598,2.13365883241458e-18,7.46829462804635e-18,31.7187565097257,16.1024763389716
AT5G42690.1,5662,4846,4975,24,12,12,504,8.31542077524256,8.17262226297358,28.1727512256792,5.2731714509777e-31,2.67493606331414e-29,59.7570281889399,318.559880607904
AT5G42930.1,9699,8330,8602,153,111,88,505,6.26293074107107,9.98142366844184,21.7216126901233,4.337979851066e-26,4.32248706588363e-25,49.0315777804108,76.794481739021
AT5G43420.1,920,647,536,1,2,5,506,7.69525354183969,5.57093510473395,24.2137554100899,4.03950262318283e-28,6.09200665874599e-27,53.5059055737228,207.253627363669
AT5G43780.1,8702,7529,5100,561,476,333,507,3.9554398490583,10.7830452807626,13.4118506603845,1.19683766994043e-17,3.75188438104923e-17,30.0121895305922,15.513366067171
AT5G45980.1,502,320,303,492,613,499,508,-0.541517125346255,8.7870157594636,-1.87198728046775,0.0674637375090974,0.0807827586482325,-5.49704020730348,-1.45550230617629
AT5G46230.1,717,637,657,110,123,107,509,2.55456558080757,8.1117826833706,9.10048650035135,6.35935833675338e-12,1.16344982029783e-11,16.9117145573115,5.87490523620367
AT5G46540.1,21654,18906,16656,6752,5904,4377,510,1.76259864690583,13.3296627986665,6.14792341445725,1.6306994415809e-07,2.42002736277165e-07,6.83401728638237,3.39308752953383
AT5G46810.1,28904,22005,21257,27338,23144,21632,511,-0.00589096924774601,14.5430651561848,-0.0207247901565854,0.983553286493777,0.989750426940618,-7.21308191744298,-1.00409165678862
AT5G47175.1,88,87,75,86,118,90,512,-0.220821112102697,6.50477474373377,-0.77869456148926,0.44007852491951,0.488198443151265,-6.9072761957419,-1.16539668506551
AT5G47620.1,6107,4394,3438,488,451,318,513,3.4515409887407,10.4161979047478,11.7528677750267,1.44347930714677e-15,3.61193476855561e-15,25.2579775020625,10.9400011808513
AT5G47770.1,8957,6976,6770,1310,1082,1024,514,2.72794252695001,11.5101971608826,9.60604828871309,1.20211636949667e-12,2.30508912089052e-12,18.5696022246898,6.62510135938444
AT5G47790.1,5656,4798,4374,465,277,317,515,3.83113222743496,10.3475695046049,13.2566731553256,1.84633582715685e-17,5.59921408453001e-17,29.5827796086045,14.2326483027934
AT5G48650.1,17209,14803,13767,808,577,517,516,4.6073201388836,11.5875700236475,16.067512311117,1.12026451739674e-20,5.68279637006708e-20,36.8961299785533,24.3748280915387
AT5G48670.1,528,406,355,148,65,68,517,2.2732184102493,7.59397157065758,7.45056679025098,1.74234829604131e-09,2.81805898316246e-09,11.3303947586089,4.8340031400706
AT5G48970.1,1962,1615,1527,393,325,160,518,2.62426263881722,9.41269693667596,8.63000888596439,3.07317550293368e-11,5.44391089091108e-11,15.3441456397097,6.16569121248519
AT5G49040.1,5689,4313,4301,1698,1173,844,519,1.98977361543788,11.2117182615402,6.74498351725572,2.03043815253098e-08,3.10406709345831e-08,8.894823235731,3.97174669501025
AT5G49160.1,1979,1458,1471,256,259,261,520,2.64139849172737,9.34117103378361,9.33568923447022,2.91918654019643e-12,5.4116481376399e-12,17.6866045201082,6.23936189837174
AT5G49810.1,31005,22216,21349,2831,2502,2367,521,3.25836105238015,12.9513476899902,11.4315779890069,3.80390336319151e-15,8.88107981866471e-15,24.2951610443482,9.56895282405173
AT5G49830.1,19953,15556,13533,1403,1322,1119,522,3.65991990244402,12.1480291457314,12.8308998880538,6.16056254138282e-17,1.7997873811998e-16,28.3885040701831,12.6399592074437
AT5G49890.1,8614,6235,5544,1151,1047,906,523,2.69590176511696,11.3573864637279,9.40288803621076,2.339632474328e-12,4.38092255260074e-12,17.906861206284,6.47958657100116
AT5G49900.1,15059,10274,10479,652,570,465,524,4.39605458595899,11.3221847135007,15.2852576160284,8.03137023891437e-20,3.44731122562632e-19,34.9568456599178,21.0544690044637
AT5G50470.1,52,34,39,1858,1439,1165,525,-5.12012821935138,7.95310796514086,-17.6502556200785,2.53929600488755e-22,1.68681806038959e-21,40.6104800060221,-34.7786064080214
AT5G51450.1,3111,2512,2396,63,37,38,526,5.86416858740338,8.4431942044703,20.1710186153856,1.00095342519807e-24,8.72706267594565e-24,46.0008637299451,58.2492911158541
AT5G52610.1,2159,1721,1508,271,285,219,527,2.78578940780699,9.40245933442129,9.76676150328241,7.1230061492635e-13,1.41446171931994e-12,19.0904424600215,6.89614164732066
AT5G53150.1,4397,3391,2979,2519,2059,1588,528,0.810036302987104,11.385531501429,2.79898742298025,0.00742232865960588,0.00943430385435098,-3.53531174708742,1.7532555597957
AT5G53250.1,797,577,1041,1119,1154,697,529,-0.303244399485509,9.76505892674326,-1.02139860673327,0.312315664246061,0.354933076678822,-6.68921305570273,-1.23391618344697
AT5G53870.1,7866,6489,6021,9135,7343,6975,530,-0.202084659892101,12.8215848712385,-0.711815148397366,0.480111985013027,0.527367101648168,-6.95731429992813,-1.15035939649035
AT5G54067.1,564,401,370,428,378,384,531,0.142943871283125,8.70467277272586,0.500763147871867,0.618884437483004,0.662835923446288,-7.08626266857575,1.10415588863264
AT5G54095.1,36,40,21,1341,945,820,532,-4.97688891747768,7.49725678836695,-16.715181781779,2.30562402857516e-21,1.29953354337873e-20,38.4490212693584,-31.4914638780627
AT5G54350.1,67,57,50,3450,2792,2570,533,-5.63688111106657,8.69106361498309,-19.8238765437799,2.07534167002185e-24,1.72841888339133e-23,45.2939648522072,-49.758845624009
AT5G54360.1,9,4,9,1911,1332,1220,534,-7.52313035779835,6.7501599404532,-24.9251807414302,1.14593309650175e-28,1.93766869044842e-27,54.7018166838479,-183.94496258757
AT5G54650.1,6793,5684,5259,1188,1173,787,535,2.5096785695088,11.2664397888584,8.73645731947156,2.14742920878663e-11,3.82832427636722e-11,15.7007684191912,5.6949318179751
AT5G55690.1,197,114,129,0,1,1,536,6.49907149468415,3.91620241400874,21.3612086169739,8.84872127976963e-26,8.51308012777837e-25,48.3450487801252,90.4514355394092
AT5G56430.1,207,169,121,332,152,145,537,-0.262007592267418,7.47785979341427,-0.84883910307706,0.400291088514424,0.448518930504114,-6.85010030449262,-1.19914622435197
AT5G57900.1,6603,5161,4482,208,143,124,538,5.10333973229088,9.8326926722072,17.53370644651,3.32706414561836e-22,2.13391010718971e-21,40.346113264294,34.3762372091158
AT5G58030.1,3061,2419,2135,116,169,131,539,4.18586535208991,9.20098260107148,14.5826321091445,4.99728453407735e-19,1.90992107535285e-18,33.1532045414553,18.1999849471854
AT5G58550.1,1936,1597,1307,116,70,78,540,4.19697138992137,8.53978322404908,14.4257658716471,7.57517528405808e-19,2.83687772382846e-18,32.742321083383,18.3406312550748
AT5G58760.1,863,652,534,365,289,279,541,1.11477660658482,8.83235228504039,3.87061377043581,0.000335163392478908,0.000451741963775919,-0.616243992178998,2.16561473152353
AT5G58840.1,16484,13598,11814,20899,18157,16256,542,-0.406631739548667,13.959452943783,-1.43004830256307,0.159344467866442,0.1864029624098,-6.19666162367548,-1.32558734941433
AT5G60440.1,1088,914,746,941,954,644,543,0.119761693943676,9.76391268792068,0.414930247602305,0.680088639764531,0.724216528604215,-7.12600650921117,1.08655536921371
AT5G60760.1,3572,3008,2697,2299,1795,1805,544,0.653030421604379,11.2587058634868,2.29980507344508,0.0259659256505705,0.0320552798960583,-4.66861442465625,1.57246774200689
AT5G61490.1,233,192,144,37,35,38,545,2.31315870437276,6.39099759676909,8.08811027602573,1.9375693033706e-10,3.26635550235889e-10,13.5127967285787,4.96969979132252
AT5G62140.1,565,476,472,137,117,56,546,2.36804751729067,7.79204293208026,7.8045227664994,5.12907142143304e-10,8.46752027562022e-10,12.5451530166725,5.16241999092946
AT5G63230.1,1808,1371,1026,617,534,570,547,1.25168562685217,9.78991116161133,4.33639330489444,7.64406587946457e-05,0.000105578929721318,0.808294005367507,2.38119476351573
AT5G63740.1,255,169,145,564,618,493,548,-1.58835146436126,8.3272475638532,-5.47965943381238,1.65236651931675e-06,2.37634154066688e-06,4.55218500243413,-3.00705543531938
AT5G64400.1,8997,6829,6558,1062,848,729,549,3.08567313187392,11.3079363255541,10.7670150606653,2.94460059230521e-14,6.52018702581868e-14,22.2603695748621,8.48946201563446
AT5G64430.1,24853,20826,19156,301,293,258,550,6.23935217307234,11.2713045438188,22.1005142845363,2.07173185712262e-26,2.18118184202721e-25,49.7421168262859,75.5495979667997
AT5G65160.1,2329,1769,1648,128,40,76,551,4.67581925573775,8.54976489478095,14.8031502634664,2.79826582017312e-19,1.14811200562985e-18,33.7257071636485,25.5600589008689
AT5G65870.1,1925,1605,1118,12,7,19,552,6.88875822443624,7.11850171656094,22.3213182549974,1.35330105833541e-26,1.48067056970815e-25,50.1509800271266,118.501230066237
AT5G66100.1,1462,1378,1031,384,228,200,553,2.29212597873919,9.17238636098898,7.75617948162711,6.05853893418881e-10,9.97246231645238e-10,12.3796607434744,4.89777323334169
AT5G66250.1,2713,2098,1919,117,34,48,554,5.24064871396584,8.49586966045692,16.2884552227093,6.50055485410048e-21,3.46484027663538e-20,37.4311441727609,37.8087622149204
AT5G66750.1,1847,1492,1405,446,456,472,555,1.77575020701411,9.72983435336732,6.29682450677851,9.70352546189939e-08,1.44774524271119e-07,7.34691004105149,3.42416021644417
AT5G66910.1,5404,3859,3778,131,142,106,556,5.08417346516648,9.52399754676257,17.7572784160611,1.98364662055636e-22,1.38359351783806e-21,40.8520003199789,33.9225675675765
AT5G66985.1,870,858,967,21,8,16,557,5.90502900189399,6.85812098805698,19.5688322119298,3.5691327192759e-24,2.84510865336565e-23,44.7676852415593,59.9226284231945
AT5G67620.1,18280,16610,11881,1161,1070,784,558,3.95023759611731,11.9296807853699,13.6434456374849,6.30162857518596e-18,2.09304091961534e-17,30.6472947583045,15.4575267390253
