AT1G02790.1,79,114,20,1876,2349,1205,1,-4.91631219985761,8.31140128946564,-8.45060851480073,1.82176779502851e-05,3.0344669541072e-05,3.30592680966144,-30.1965578704068
AT1G02940.1,7876,9403,7108,1056,1145,1071,2,2.8878933743268,11.5353600806959,12.7518251435513,6.62303018615463e-07,1.56595374740436e-06,6.73185964222189,7.40188835061665
AT1G04445.1,1172,1654,1313,1091,1172,842,3,0.413406366718327,10.2094142699893,1.63640628293891,0.137538688668352,0.152274976739961,-5.93884168979852,1.33182669862509
AT1G04540.1,2823,2553,1904,888,1343,729,4,1.32584425999289,10.5629586917884,4.44906016625745,0.00176574563941531,0.00242085028696251,-1.54467126040812,2.50679541583727
AT1G05160.1,10301,11273,9451,4206,3830,3413,5,1.43947461153932,12.6128468911765,6.42038026209592,0.000145529642344921,0.00021770922366881,1.10493331662743,2.71222076143993
AT1G05820.1,474,536,343,59,163,89,6,2.21017701311651,7.69052040541035,5.83801984398744,0.000287929058139003,0.000420587472360114,0.379345222547014,4.62732045516252
AT1G06470.1,3328,3063,2939,116,86,111,7,4.89433701309974,9.15405621904645,21.1099753319279,9.60539088467524e-09,1.01028392197549e-07,10.7538151607075,29.7400880396979
AT1G06660.1,224,566,386,134,149,119,8,1.44821699638281,7.79495012590982,4.22579509089445,0.00242551263274064,0.00326916920065043,-1.87951132469894,2.7287060647492
AT1G07135.1,575,957,582,75,76,55,9,3.3130299813943,7.76387131609585,11.590060383687,1.45204287878024e-06,3.01204433590846e-06,5.93510801797043,9.93851278952109
AT1G07690.1,70,173,102,77,70,64,10,0.607224663713748,6.45611804898867,1.81459059099648,0.104319695650039,0.11783479792049,-5.68552866490235,1.52332594119597
AT1G07705.1,2989,3416,2514,463,508,457,11,2.63069345230247,10.2115822692513,11.4375884933231,1.61798578606365e-06,3.33149840820486e-06,5.82441511171271,6.19323612764472
AT1G08030.1,9029,10280,7824,481,499,237,12,4.5428623007053,10.862594945086,13.9272918127676,3.18933870080125e-07,8.94296982435728e-07,7.4623655341974,23.3097608955978
AT1G08065.1,185,222,135,125,121,135,13,0.477347149988511,7.23716694243197,1.86748984429899,0.0959995211149352,0.108877505654744,-5.60802205412947,1.39218134660857
AT1G09380.1,915,2675,1194,236,257,230,14,2.56538051528965,9.19993010622401,6.73003125402127,0.000102990310484255,0.000156164655571235,1.47237262562488,5.91911101501043
AT1G09550.1,1810,2032,1464,1840,1944,1528,15,-0.00718358749325176,10.7798085537815,-0.0297711570356738,0.976924932377897,0.980439050839688,-7.23203247520118,-1.00499170065001
AT1G09880.1,6396,6261,5213,4029,4168,3211,16,0.650818823619577,12.2091780643901,2.78102023894582,0.0221660705121157,0.0268884072733926,-4.17246537766859,1.57005905397124
AT1G10010.1,1627,1764,1161,1753,1635,1235,17,-0.0290404291538451,10.5600974831867,-0.108952938000956,0.915724667565768,0.924004275771607,-7.22594136156215,-1.02033325200774
AT1G11420.1,424,610,468,92,89,51,18,2.70944669592679,7.59854055648966,9.04257456384482,1.07048763329467e-05,1.84361759067416e-05,3.86464085921633,6.54070748765737
AT1G11580.1,25086,30891,22492,132,78,64,19,8.20178515654027,10.5613695771724,26.3968229298027,1.42703029862616e-09,4.996064424615e-08,12.3412574313367,294.430875335018
AT1G14580.1,620,1517,1194,79,83,69,20,3.74189063396432,8.15212149518586,10.9962920927108,2.22941556591597e-06,4.38033058373631e-06,5.49538962622016,13.3789281469965
AT1G15760.1,690,950,551,19,51,1,21,5.80400002499951,6.57612261684257,5.89935377139201,0.000267413836700919,0.000392676107576613,0.457952727397481,55.8699268006941
AT1G17770.1,1699,2262,1795,2224,2738,2118,22,-0.300759836261854,11.045683763142,-1.25301189230186,0.24300437249515,0.260762384331334,-6.43224320777841,-1.23179300125227
AT1G17820.1,9002,10571,8178,1440,1495,1022,23,2.82117335087138,11.7566998453716,11.1753469773849,1.95487737376689e-06,3.93798402368925e-06,5.63046982190959,7.06736955947827
AT1G17860.1,3100,3869,2569,444,340,320,24,3.10215645457513,10.0636512079543,11.9474310204923,1.13228227565533e-06,2.46802152271748e-06,6.18879018596804,8.58701346832714
AT1G17950.1,3374,2819,2837,4,7,1,25,9.44362733776164,6.82912303384327,20.7551900461637,1.10939378473872e-08,1.08603812611264e-07,10.6270642572253,696.329984353965
AT1G18250.1,648,931,643,456,520,379,26,0.702044055033502,9.16137053607259,2.71963989569708,0.0244617936817141,0.0294174156775786,-4.27198399586915,1.62680807272938
AT1G18350.1,262,526,467,245,140,114,27,1.3411289839435,7.97974979486589,3.60641964044339,0.00607249935891749,0.00778955090178381,-2.84117880641164,2.53349500407932
AT1G19140.1,3116,3676,2602,115,187,159,28,4.35390585184674,9.42178557315422,16.0901711009797,9.54116611785538e-08,3.74927513645303e-07,8.64028302565123,20.4482553446833
AT1G19640.1,4769,11634,9714,166,117,72,29,6.17192784031413,9.90468788706237,14.9278736989991,1.78834232296108e-07,5.60615177647351e-07,8.03186588231925,72.1000242863315
AT1G20140.1,3514,4737,3061,726,606,530,30,2.58856590457349,10.5622603892799,9.9115349785735,5.15673565978499e-06,9.28212418761297e-06,4.62757531744112,6.01500486626977
AT1G20500.1,5051,7643,5202,186,134,93,31,5.45652669004187,9.78769631455963,17.3104536188882,5.15730798717228e-08,2.43879479393401e-07,9.22472149896415,43.9114932410998
AT1G20690.1,2145,2541,1826,562,663,474,32,1.93687644924784,10.1030429735057,7.77796074960279,3.46118451071058e-05,5.53392824348568e-05,2.62853336306739,3.82875792829367
AT1G20730.1,12879,15022,10092,46,39,15,33,8.65076026102854,9.2842191127026,21.263793455283,9.03030100449807e-09,1.00695736099897e-07,10.8078605452675,401.918802598573
AT1G20910.1,1017,1270,862,572,697,483,34,0.842716372672822,9.59747078375013,3.25228644826474,0.0104949251952726,0.0132492494546653,-3.40834137571837,1.7934237056659
AT1G20940.1,886,1483,1036,124,133,106,35,3.1909751294047,8.51993438520935,11.9879000936685,1.10129783710046e-06,2.41938658701598e-06,6.21702022133355,9.13228022443354
AT1G21790.1,1351,1761,1071,83,51,24,36,4.83778450165527,7.99776336105916,11.2910037843883,1.79755802038694e-06,3.6474086377306e-06,5.71656837362579,28.596853305199
AT1G22015.1,1849,2038,1446,1256,1397,1337,37,0.405008280504862,10.5794308003982,1.72381040699462,0.120185939588515,0.133593136036636,-5.81617082128568,1.3240965101693
AT1G22040.1,2797,2959,2617,120,77,106,38,4.79669288236277,9.04692392202738,19.2743888500924,2.07910826429447e-08,1.38825491467095e-07,10.0645533566573,27.7938326071735
AT1G22180.1,1813,2088,1886,64,64,24,39,5.34894746978815,8.23733767350462,14.1162964137872,2.85092683059202e-07,8.20008851273375e-07,7.57343061833289,40.7561952027506
AT1G22420.1,256,218,164,592,673,567,40,-1.53716879073056,8.4841623363789,-6.12634142021602,0.000204282780598161,0.000301560295168713,0.744340862390984,-2.90224394911578
AT1G23320.1,103,112,68,246,217,139,41,-1.07223047865737,7.0791629517735,-3.47532258381472,0.00742294707680407,0.00945663120743532,-3.04998370395499,-2.10268170658862
AT1G23360.1,1060,1328,826,29,93,60,42,4.24228702150439,7.91854910570188,10.3202383691124,3.72636150290016e-06,6.83983460071806e-06,4.96491098136738,18.9258608943313
AT1G27000.1,5930,7032,5220,341,415,338,43,4.04688696853429,10.5312547163216,17.1431864292519,5.59720666533373e-08,2.5600338682428e-07,9.14765365981749,16.5285351837682
AT1G27130.1,10761,11451,9222,333,216,283,44,5.25099609484761,10.7238322622315,20.843336837942,1.07014881243264e-08,1.06632685238824e-07,10.658831762208,38.0809112025361
AT1G27600.1,5599,6306,4794,137,120,56,45,5.81366224046382,9.52692368963774,16.5543334969884,7.51253614064535e-08,3.12065002451617e-07,8.86877404183016,56.2453623573593
AT1G28460.1,266,290,162,545,825,496,46,-1.38185257502489,8.55569276378808,-4.39033708704014,0.00191816763562821,0.00261696220215292,-1.63208381602151,-2.6060279824019
AT1G29080.1,772,853,525,1275,1319,1060,47,-0.787869305362602,9.85104660362718,-2.98414239840735,0.0160238221425023,0.0197816211405228,-3.84266623301745,-1.72652270330297
AT1G29960.1,917,1127,739,79,77,107,48,3.38368844680528,8.145916828707,12.878972934767,6.10193503444647e-07,1.4933683110619e-06,6.81435040081998,10.4373853615942
AT1G32120.1,7671,7867,6960,1722,1817,1257,49,2.24549580987167,11.7480011307019,9.30011075552317,8.5702486055548e-06,1.48978153330205e-05,4.09755972011303,4.74200048334499
AT1G34170.1,820,865,813,501,415,314,50,1.04571844009721,9.17992298354165,4.19097881306097,0.00255027542952428,0.00342904503536035,-1.93232865929376,2.06439413942546
AT1G34180.1,569,786,559,214,186,270,51,1.50902820022453,8.54692621705592,5.81693659989211,0.000295372527652843,0.000430333865353229,0.352202965053998,2.8461825559887
AT1G34650.1,682,1032,683,1810,1769,1541,52,-1.11882423459817,10.1748183913128,-4.39082337605411,0.00191684893508701,0.00261696220215292,-1.63135800117016,-2.17169911561617
AT1G35660.1,6727,8182,6333,688,688,586,53,3.42978008011799,11.0662023862319,14.9318794895008,1.78433594090267e-07,5.60615177647351e-07,8.03405712104712,10.7762257958417
AT1G43020.1,109,108,83,0,3,0,54,5.98062048702678,3.65697691018006,11.7913164439903,1.26120063556929e-06,2.69158725851026e-06,6.07894979984428,63.1460456572451
AT1G43800.1,870,801,437,122,71,30,55,3.37404619249551,7.7092350353039,6.82662194709313,9.26744126325926e-05,0.000142066819365348,1.58447943481901,10.3678596783366
AT1G44130.1,4112,4730,3581,3499,3205,2831,56,0.377716985680259,11.8179596484925,1.62388277657143,0.140204191021312,0.154918690277014,-5.95614860991184,1.29928415613008
AT1G44750.1,4763,5198,3984,202,173,121,57,4.82777446534216,9.76022614953668,17.9887720813568,3.72848415302579e-08,1.92638347906333e-07,9.52796607940874,28.3991228472852
AT1G47490.1,922,1152,733,582,533,507,58,0.768089065493514,9.46295542996683,3.0802672737452,0.0137578288526058,0.0171742024602998,-3.68668769934268,1.70301254857653
AT1G47760.1,213,527,405,142,167,104,59,1.3949209152405,7.78627188336134,3.84265142019624,0.00425254925462543,0.00555719551307024,-2.46916794683032,2.62974136093255
AT1G48910.1,738,929,753,1103,1126,824,60,-0.328702797557787,9.8139974565823,-1.35067323093732,0.211062582006073,0.229130196029939,-6.31438757885371,-1.25588363614079
AT1G49290.1,534,682,668,3363,3912,2871,61,-2.42428738958631,10.5004767781998,-10.0820169296793,4.49702794480828e-06,8.14721296494488e-06,4.76987794215495,-5.3676380441491
AT1G49600.1,1542,1921,1528,892,785,789,62,1.01055898275367,10.1874830615249,4.46083666344718,0.00173677383328266,0.00238699457874809,-1.52719859782986,2.01469155589726
AT1G49640.1,8019,9276,7360,63,73,50,63,7.03754549861616,9.47939898517489,28.7445194141866,6.87937906297701e-10,4.63553419819778e-08,12.899489554318,131.374867473041
AT1G52460.1,90,81,48,0,0,0,64,6.160018829644,3.080009414822,21.8469291185054,7.17343785586083e-09,8.94739456900043e-08,11.0079190439197,71.5073101235385
AT1G53520.1,1214,1687,1052,209,208,252,65,2.53451042792824,9.06878795544456,9.80257556290032,5.63416849071238e-06,1.0076493646851e-05,4.53540427280643,5.79380218388202
AT1G54570.1,368,430,365,20,7,43,66,4.31432395400583,6.4410783241416,8.13327195167557,2.45310093142368e-05,3.99075894966302e-05,2.99224143162231,19.8948615484408
AT1G54575.1,8063,8987,6471,49,30,24,67,7.84305051172449,9.00216148584102,25.6332515349533,1.83429112994993e-09,4.996064424615e-08,12.1425122656659,229.611407901
AT1G55050.1,1056,1097,739,106,112,102,68,3.14321899496821,8.32099165615062,12.8153603071583,6.35671661148113e-07,1.52889994362348e-06,6.77319007785196,8.83493178057252
AT1G55560.1,142,123,29,4696,5917,3892,69,-5.8780420820084,9.27934045526213,-10.7769527050644,2.62558993747487e-06,5.03463637495181e-06,5.32689090666978,-58.8121400104501
AT1G55650.1,516,579,379,34,31,28,70,3.92550705219609,6.95850819678889,15.7101902359048,1.16602923979377e-07,4.1707968961854e-07,8.44725314342517,15.1948133933133
AT1G55920.1,4625,5287,3612,121,66,76,71,5.69980816095359,9.27110843671531,19.2357896370381,2.11472522844141e-08,1.38825491467095e-07,10.0491264038137,51.9772413534379
AT1G57590.1,605,477,338,2,0,0,72,8.32140658462296,4.6890241258852,18.5763333180572,2.84135056403223e-08,1.66891959445261e-07,9.77914728159359,319.884346226508
AT1G57800.1,5217,7319,5982,4524,4208,3607,73,0.57787167172981,12.2889183340164,2.40246858610867,0.0407837800612504,0.0482147230385121,-4.78243696486603,1.49264560599987
AT1G57820.1,7460,10109,7348,2723,2940,2334,74,1.62972400481662,12.189131632907,6.70491917749237,0.000105874177923124,0.000159255790353855,1.44303342345648,3.09453792899976
AT1G59800.1,100,192,171,32,69,64,75,1.4936294417967,6.47882970400897,4.02610074459991,0.00324169386016102,0.00432742864586088,-2.18457625986422,2.8159650764293
AT1G59890.1,2968,3697,2987,2283,2462,1712,76,0.589132678744765,11.3498521006876,2.3843198598904,0.041995517005819,0.0495422801041163,-4.81134453374064,1.50434209319851
AT1G59930.1,222,527,408,31,62,44,77,3.01737267746364,6.99839734534168,7.95344516235614,2.91560998585086e-05,4.68850251327025e-05,2.80985343345711,8.09691693636824
AT1G60220.1,3190,3746,2902,556,632,470,78,2.56915451861798,10.3869700781027,10.793841681967,2.59246179785237e-06,5.0055144747461e-06,5.33998573065348,5.93461532322334
AT1G60400.1,204,365,308,698,630,552,79,-1.13171251496628,8.72140391271443,-4.07357844016102,0.00302411743468634,0.00404666073994,-2.11158651530223,-2.19118685280997
AT1G60410.1,77,146,66,201,269,203,80,-1.28542955587258,7.15976936265508,-3.89919330375838,0.00390932126845571,0.00518147569548287,-2.38102913234559,-2.43754618758095
AT1G60440.1,4096,4377,3297,137,72,66,81,5.47311529799425,9.19137038436911,17.1972399296077,5.45064415901194e-08,2.51868163819312e-07,9.17266038973777,44.4193167909149
AT1G60970.1,185,321,193,15,32,17,82,3.418556470203,6.11405127536842,9.76402512271997,5.81463730514811e-06,1.03330178862186e-05,4.50256199179153,10.6927161808755
AT1G61090.1,7498,9376,6416,2196,2365,1954,83,1.82419002943684,11.9929304830377,7.51694799204993,4.49232231096552e-05,7.04133665595157e-05,2.3525606072553,3.54108145307239
AT1G61097.1,2781,3038,2198,7,9,4,84,8.49002112104826,7.1262959571157,27.7818553669001,9.21094028532561e-10,4.63553419819778e-08,12.6797267136421,359.543151860361
AT1G61330.1,1404,2516,1755,1210,1135,731,85,0.874830312773858,10.4065585255479,2.82179751283247,0.020763664939123,0.0252972162358748,-4.10629111492321,1.83379238632377
AT1G62305.1,1322,1543,1040,212,281,149,86,2.62757635790855,9.01481473332778,8.80740086412681,1.3176291331048e-05,2.2347630889741e-05,3.64666459506322,6.17986943479307
AT1G62333.1,39430,56912,31286,421,345,164,87,7.1582464553156,11.7531397711877,18.3590789948309,3.13861579756289e-08,1.79661220420704e-07,9.68747224951493,142.839032337837
AT1G62340.1,3842,5696,4052,1718,1561,1386,88,1.52483125734555,11.360510508654,6.09416788917653,0.000212145320815788,0.000312340604261767,0.704177832360302,2.87753057430447
AT1G62660.1,7691,7577,7619,878,763,605,89,3.36399919585906,11.2154403201469,14.2668409691637,2.60984012152238e-07,7.65911386486428e-07,7.66070275721525,10.2959082395926
AT1G63010.1,10281,10340,8300,278,287,200,90,5.24596426857315,10.6046814691034,21.0660700894621,9.77694118040797e-09,1.01028392197549e-07,10.7382888362994,37.9483240981398
AT1G63055.1,10550,10276,8224,9384,8410,6432,91,0.270848341113602,13.0972503782896,1.08444712393459,0.307457869609469,0.326783792842064,-6.62081962284783,1.20651708165053
AT1G63090.1,10068,10744,8258,244,270,151,92,5.47801585099145,10.4945794234291,19.260679663367,2.09168121479516e-08,1.38825491467095e-07,10.0590788571937,44.5704570774524
AT1G64630.1,4563,5479,3931,480,501,370,93,3.36679294871185,10.4889671458031,13.5517649815961,4.00245320862179e-07,1.09181541719533e-06,7.23660676654592,10.3158653967778
AT1G64750.1,2853,3484,2533,269,238,208,94,3.62262394408663,9.70632581774747,15.0622602933013,1.65922816598312e-07,5.41432348899754e-07,8.10500778272693,12.3173836942381
AT1G65300.1,2976,4832,3651,2371,2795,2020,95,0.65697576311627,11.5424513969919,2.45360917026368,0.0375536123906261,0.044679990861342,-4.70075872444348,1.5767738585187
AT1G65360.1,376,628,586,713,639,619,96,-0.341759716977565,9.18839772957478,-1.28470856116136,0.232220764894869,0.250636724973572,-6.39464543831611,-1.26730143350224
AT1G65770.1,1912,2530,2421,7858,6838,6145,97,-1.60534522064976,11.9523713103753,-6.75925579606718,9.97421305361232e-05,0.000152065871145237,1.50641588602984,-3.04268549969701
AT1G65860.1,106,79,115,28,58,119,98,0.757953812106049,6.26148178608567,1.62243580710603,0.140515165043033,0.154955458683819,-5.95814372816543,1.69109043361382
AT1G66630.1,638,761,681,1432,1442,1066,99,-0.910691900704428,9.89099502950704,-3.83710064910291,0.00428792883102426,0.00559033712082135,-2.47784030672075,-1.87994688415192
AT1G67390.1,357,444,363,969,1047,709,100,-1.21255573656243,9.20270184938678,-4.84646577690877,0.00102172570944211,0.00143246971323793,-0.965843002413466,-2.31747814981419
AT1G67500.1,3746,4055,3197,608,737,650,101,2.45867575522681,10.6041009299909,10.7805465134348,2.6185015032765e-06,5.03463637495181e-06,5.32967905775809,5.49711916947961
AT1G67820.1,2391,5794,4710,3651,3602,3380,102,0.184574649818488,11.8831834206774,0.547828840547274,0.59765583887692,0.616436151743663,-7.06881735560586,1.13648185457454
AT1G67830.1,14598,16334,13218,21271,20206,16888,103,-0.401148564083156,14.0404363445095,-1.74961794707933,0.115461469995781,0.1293724904772,-5.77935086446498,-1.32055882090256
AT1G68725.1,89729,67254,74278,566,391,149,104,7.89353000342701,12.2770094882313,17.5506484394948,4.5913686130307e-08,2.22781190093142e-07,9.33378246967227,237.787654287639
AT1G69520.1,1244,1712,1161,5,8,5,105,7.62226127118645,6.59108063655477,27.7233262109054,9.37883266457023e-10,4.63553419819778e-08,12.6659689996315,197.028602708837
AT1G69530.1,22053,22402,14881,79,62,62,106,8.15498330122172,10.1696542979066,31.3665230228715,3.2535955991413e-10,4.63553419819778e-08,13.4408686892055,285.03263507705
AT1G69860.1,463,712,589,350,392,233,107,0.865410987891362,8.74739797466121,3.00433170394854,0.0155178136600043,0.0192849443703394,-3.80989010511133,1.82185859541175
AT1G69900.1,1344,2850,1733,490,560,573,108,1.79806262100153,9.97781234436716,5.88387820991233,0.000272435283644777,0.000398999706755343,0.438168205320148,3.47752918122281
AT1G70380.1,660,698,716,11,5,4,109,6.60387710641845,6.13255625198578,19.6233476604557,1.78575609509926e-08,1.32860253475385e-07,10.2021981010292,97.2669049370019
AT1G70440.1,1197,1670,1133,12,13,7,110,6.85743949853117,6.93131796266515,23.1143600626627,4.43670151857593e-09,7.55612525364315e-08,11.4178245833957,115.956469096553
AT1G70560.1,79,83,63,79,57,64,111,0.170656204874247,6.15275373678492,0.699421053155254,0.502656788975861,0.522313758377151,-6.96849102045443,1.12557033006536
AT1G70890.1,13773,14472,12355,9,20,5,112,10.2881508256071,8.577144752266,24.6896569414488,2.52741820799244e-09,5.55764247682342e-08,11.8840121886627,1250.37994229166
AT1G71100.1,2291,2600,1504,98,113,37,113,4.78420521221967,8.62882732200582,11.1176927362583,2.03895456046301e-06,4.07790912092602e-06,5.58721384615868,27.5542931333514
AT1G71210.1,2186,2653,1896,332,308,249,114,2.91385614806401,9.66246996724458,11.8495177743551,1.21132605876873e-06,2.61984473175562e-06,6.12007507245402,7.53629870518033
AT1G71270.1,10139,11431,9610,611,530,437,115,4.31142937069774,11.1839623363815,18.2455747977588,3.30757332773252e-08,1.81826682588903e-07,9.63902109388068,19.8549850670456
AT1G71850.1,2000,2425,1501,210,177,204,116,3.29574188845383,9.27330851728659,12.8685258724266,6.14298804901569e-07,1.49685036303526e-06,6.80760573532797,9.82012840194214
AT1G71940.1,6856,7463,5691,307,322,332,117,4.36741992059467,10.510895047784,19.3533046395406,2.00834904022829e-08,1.38492674756746e-07,10.0959675417591,20.6406989579457
AT1G72540.1,132,77,63,93,174,107,118,-0.473334270436666,6.68356202000615,-1.34247803723371,0.213598812854711,0.231433276840639,-6.32450250058343,-1.38831435225983
AT1G73500.1,4033,4878,4079,101,112,74,119,5.50109852617176,9.32435692804673,22.0022990059451,6.75344974547915e-09,8.94739456900043e-08,11.059965018585,45.2893059736722
AT1G73560.1,5413,7072,4726,3336,3152,2085,120,1.01464199971781,11.9584439559874,3.61347401564303,0.00600760387985716,0.00772406213124491,-2.82998745981214,2.02040147442854
AT1G74000.1,1147,1243,1077,868,1041,684,121,0.437169017539329,9.9546885444166,1.7830633528339,0.10959471775198,0.123294057470978,-5.73125095302215,1.35394488986273
AT1G76250.1,13940,16956,12230,160,183,150,122,6.43400364404144,10.5812963465196,27.1406644791916,1.12497097953309e-09,4.63553419819778e-08,12.5264338930595,86.4625598020712
AT1G76290.1,1670,1826,1325,1685,1489,1052,123,0.204615613161316,10.5358995256864,0.761795660425864,0.466438556973122,0.485583423117541,-6.92087157244021,1.15237926981621
AT1G77000.1,1638,1687,1205,93,44,57,124,4.57709685885728,8.2566894104736,14.4523868581531,2.34332777583263e-07,6.99238983376796e-07,7.76683998374331,23.8695069109492
AT1G77960.1,1005,1292,1008,69,33,11,125,5.16264108326856,7.51522332793977,9.37814350096087,8.01988377074252e-06,1.39846723252323e-05,4.16697249590045,35.8187002761819
AT1G78830.1,15543,16055,27577,150,150,86,126,7.24212410870908,10.5943130458542,21.8318794178329,7.21564078145196e-09,8.94739456900043e-08,11.0028500288271,151.389790868956
AT1G79530.1,16530,19975,13240,482,571,418,127,5.06834459933116,11.4630246827701,19.7823581555689,1.66761564932047e-08,1.27469798948058e-07,10.2638478732599,33.552412523472
AT1G80190.1,1183,1389,1047,191,289,158,128,2.53533032958561,8.96025001346629,8.90824177818499,1.20467833526983e-05,2.06199543276247e-05,3.74076075194781,5.79709581002975
AT2G02147.1,1730,2072,1377,1407,1140,839,129,0.624498123529417,10.4221691326287,2.21713069033104,0.0549772293876244,0.0641784393269757,-5.07532279585669,1.54167442326306
AT2G02490.1,42649,50474,38452,2583,2242,1837,130,4.30794091081928,13.2574788924327,17.6303485544139,4.41913074280861e-08,2.16304820569053e-07,9.36955835702788,19.807033390235
AT2G02960.1,6228,6579,4693,267,214,176,131,4.73445708736732,10.1278577403937,18.0735846987705,3.58321751397004e-08,1.90422416456694e-07,9.56486560640747,26.6203399029341
AT2G03040.1,939,983,816,684,755,577,132,0.445365145160093,9.60839200076993,1.9310435631171,0.086830932499518,0.0994900622889755,-5.51367974708731,1.36165870780754
AT2G03090.1,4245,4961,2722,491,500,432,133,3.02339047652681,10.4014967426838,10.8680588136773,2.45227082390353e-06,4.75210273571471e-06,5.39729001008094,8.13076149940083
AT2G03190.1,2172,3529,2688,2613,2283,2184,134,0.220323680555484,11.3110978154598,0.857405966949583,0.414338357597649,0.433772614520615,-6.84105970616406,1.16499493339102
AT2G03770.1,1156,1423,985,844,921,626,135,0.577866104016957,9.91018375347545,2.21156150196052,0.0554717355097137,0.0646205186104806,-5.08403362806784,1.49263984552669
AT2G04046.1,594,649,515,656,565,598,136,-0.0528503248028773,9.2171815029129,-0.235336389489566,0.819422903486561,0.834375876177921,-7.20188873103325,-1.03731231300368
AT2G04425.1,1384,1406,1057,164,253,125,137,2.8696379872564,8.87891460180083,9.42975778929719,7.67736207145457e-06,1.34831078985965e-05,4.21259399783349,7.30881738396528
AT2G04620.1,2955,3691,2708,136,184,171,138,4.242494590605,9.47314006136215,17.2750354870873,5.24714401908096e-08,2.46042551482956e-07,9.20848014399756,18.9285840661931
AT2G04750.1,119,265,200,82,41,84,139,1.47882564400842,6.798328752092,3.84454337326139,0.00424056120536612,0.00555453791688802,-2.46621281177507,2.78721760960789
AT2G07040.1,45,40,15,1168,1625,753,140,-5.17849250306675,7.54961757175841,-11.5911544367941,1.45092252249599e-06,3.01204433590846e-06,5.93589688875784,-36.2144234764288
AT2G12465.1,281,344,205,771,601,472,141,-1.15175621870654,8.66137958643579,-3.94652506209232,0.00364463649235905,0.00484215991127702,-2.30753359680374,-2.22184198691408
AT2G13560.1,29142,32647,24860,400,432,295,142,6.27067682419953,11.6737167477033,24.9334246196773,2.3239307097179e-09,5.40313890009412e-08,11.9522111067534,77.2079137040229
AT2G15280.1,4730,5351,4065,361,373,283,143,3.79556629317411,10.2966123020789,15.8151756653593,1.10267099302933e-07,4.14105667444492e-07,8.5011380024448,13.8860685471711
AT2G16140.1,521,502,542,56,25,29,144,3.88230288208847,7.08789155034902,12.2286579437613,9.35328455360231e-07,2.11300922304052e-06,6.38293213107956,14.7465225666809
AT2G17690.1,6423,7624,6920,88,57,108,145,6.40021461275851,9.56740689000289,22.6408781665083,5.29278855205864e-09,8.43821717728207e-08,11.2685342078197,84.4610696340854
AT2G17750.1,962,1145,988,2869,2862,2475,146,-1.40677751613906,10.7112587671894,-6.33100668275025,0.000161147687609014,0.000240428902903288,0.996552711188272,-2.65144259933686
AT2G17990.1,9927,10852,8424,605,586,375,147,4.24285837058753,11.119755694714,15.7688034910216,1.13017175812973e-07,4.14865244146766e-07,8.47738960826412,18.9333575685629
AT2G18280.1,6167,5880,5725,259,303,167,148,4.6443773436085,10.2097262548879,16.9560785626804,6.13943025993281e-08,2.69571913326609e-07,9.0603327885192,25.0090325391054
AT2G18880.1,611,703,480,19,33,35,149,4.34913220250666,7.03433808044667,14.5078300328794,2.26966885507794e-07,6.84581200612697e-07,7.79825411958168,20.3807071219517
AT2G19220.1,489,445,356,591,511,524,150,-0.342769625076821,8.91049084685574,-1.46586121288746,0.17806152872291,0.194820260838007,-6.16812833073661,-1.26818887402849
AT2G19400.1,159,224,162,23,12,11,151,3.53802424025069,5.72580035998648,11.0686168809053,2.11368624179783e-06,4.1972844232142e-06,5.5502158412165,11.6158614080084
AT2G19480.1,4736,5783,3992,499,590,378,152,3.31067150238495,10.568286632196,12.3857415706246,8.42080822424888e-07,1.94165743352515e-06,6.48934012790171,9.9222788494194
AT2G19500.1,8234,9812,8030,5540,5559,4672,153,0.72415408753344,12.7177214241598,3.19860937964317,0.011416408893935,0.0143476490153507,-3.49505365668536,1.65193175558143
AT2G19802.1,5852,10450,8555,4854,7581,6666,154,0.36419812314438,12.7942458393236,1.22105392377359,0.254294050199186,0.271831570902578,-6.46949127246013,1.28716599973904
AT2G19970.1,1751,2763,2027,1681,1843,976,155,0.565457071446637,10.7816617632743,1.79312343787727,0.107885054971035,0.121615880149167,-5.71670077237424,1.47985627977551
AT2G20160.1,4060,5228,4136,3632,3368,2883,156,0.438467365409414,11.8988689536307,1.86830436115187,0.0958764308392836,0.108877505654744,-5.6068211966091,1.3551639158213
AT2G20780.1,8523,7881,6284,58,96,34,157,7.00250634424482,9.37186614162039,19.0136838906085,2.33334574268846e-08,1.4896155469897e-07,9.95956163967663,128.222563246935
AT2G21420.1,532,909,681,38,6,4,158,5.96221905035407,6.4526712704461,8.82358787559776,1.29873588593322e-05,2.20943483033761e-05,3.66183328600143,62.3457386794802
AT2G21930.1,33,44,37,127,23,52,159,-0.495213168086918,5.52335440105133,-0.943360510483761,0.37109042422051,0.391433755604999,-6.76257478731143,-1.40952900733429
AT2G22121.1,1170,1177,989,1240,1021,1071,160,0.00212594259096832,10.1145816618041,0.00944419058423354,0.992678899453961,0.992678899453961,-7.23247480398436,1.00147467738185
AT2G23790.1,38445,46420,28737,526,722,405,161,6.11295366714966,12.1247591354993,20.4027698859131,1.28312484000161e-08,1.17374370609983e-07,10.4981920128023,69.2121620451354
AT2G23990.1,4603,6594,4509,4298,4109,2913,162,0.47041584826567,12.0963723360051,1.7360344274672,0.11792630391247,0.13134306902826,-5.79876336038385,1.3855087752239
AT2G24740.1,1905,2190,1589,764,379,644,163,1.71539677561677,10.0184740198822,5.55823875266598,0.000405963423251833,0.000585342610270084,0.0140601369804099,3.28386945364497
AT2G25295.1,174,148,104,305,261,195,164,-0.840298512794898,7.54835763971765,-2.92474797436831,0.0176134151804036,0.0216006278476158,-3.93911582024095,-1.79042056536325
AT2G25685.1,321,524,364,494,479,380,165,-0.184326451211112,8.71844427375072,-0.689299380315176,0.508696463795866,0.527607113007609,-6.97587741885182,-1.13628635313915
AT2G25700.1,2840,4019,3185,3032,3388,2325,166,0.201961456066581,11.5932504232271,0.784378899014037,0.453756103526535,0.473263375266928,-6.90275325217241,1.15026116185113
AT2G26280.1,6468,7335,5901,443,346,229,167,4.31613178552281,10.5176318160523,14.9360703403568,1.78015514666287e-07,5.60615177647351e-07,8.03634886234737,19.9198072929367
AT2G26410.1,15,18,4,485,729,525,168,-5.63520951277817,6.34088995916607,-11.7921649048886,1.26045740223918e-06,2.69158725851026e-06,6.07955083421086,-49.701225246549
AT2G27040.1,28914,33598,24270,1417,1323,1032,169,4.52321777456282,12.545926808252,18.2140369253327,3.35629897968764e-08,1.81826682588903e-07,9.6254901291076,22.9945135805264
AT2G28040.1,1452,1880,1650,1209,1445,1086,170,0.415482710642971,10.4826678200349,1.75144114006941,0.115134292822239,0.129265463571045,-5.77673982978112,1.333744859497
AT2G28380.1,4721,5834,4147,159,145,101,171,5.18324048329924,9.65301290689591,19.3246845429587,2.03369644401345e-08,1.38492674756746e-07,10.0845941948075,36.3338032572449
AT2G29570.1,6280,8082,5814,559,690,403,172,3.62766025419935,10.8871755937947,13.0526318423346,5.46227091672055e-07,1.38543053251367e-06,6.92560636982524,12.3604576399207
AT2G29940.1,3044,4175,2995,958,1084,1098,173,1.68603747150771,10.8732994035203,7.04210732960539,7.3513178342904e-05,0.000113629788131137,1.83039070754207,3.21771705731597
AT2G30160.1,2225,2516,1820,104,207,231,174,3.658525451515,9.25348480273576,10.9298039607323,2.34202610999959e-06,4.58544059431499e-06,5.44466883883258,12.6277478343479
AT2G30590.1,4484,6381,5841,172,114,129,175,5.32681523810185,9.76423631625411,20.2564239019355,1.36400466239861e-08,1.22760419615875e-07,10.4437855813277,40.1357301453914
AT2G30900.1,356,406,292,440,339,252,176,0.0554675821093547,8.42007357651785,0.198816152731815,0.846999662182061,0.859319657268345,-7.21063916333023,1.03919585544726
AT2G31360.1,67075,81258,46512,1980,2300,1296,177,5.12935806788009,13.3850194330618,16.3522891037036,8.32979152761696e-08,3.41166841656111e-07,8.77027943496758,35.0018207944024
AT2G32370.1,6530,17427,10853,4322,4401,3770,178,1.3685515994126,12.7051064616827,3.8889101632547,0.00396948386359531,0.0052487488054175,-2.39703130482451,2.58211203582166
AT2G32750.1,11935,13882,9597,751,806,579,179,4.04721961615599,11.4872507430681,15.8728807156856,1.06948311094102e-07,4.08747654729512e-07,8.53057469924262,16.5323466696884
AT2G32940.1,1220,1568,1142,169,151,110,180,3.19211749807953,8.74663685435023,12.1619138480911,9.78371698447114e-07,2.20133632150601e-06,6.33728283386249,9.13951429816824
AT2G32990.1,1484,1391,1325,38,13,4,181,6.64579017861407,7.12779016790944,10.7295800199543,2.72104242591127e-06,5.16442746142342e-06,5.29005197649154,100.134143783515
AT2G33770.1,54367,60878,42728,243,266,155,182,7.91007320767903,11.7139817665437,27.7386323446035,9.3345997086351e-10,4.63553419819778e-08,12.6695713154058,240.530028871859
AT2G33780.1,3521,5295,3848,2976,2930,2176,183,0.63939603511116,11.7013468345942,2.43407809755426,0.0387559359479591,0.046012366508428,-4.73198929884998,1.55767692229727
AT2G34200.1,1695,2079,1455,54,110,55,184,4.62498413528599,8.44020223495379,14.2097512619083,2.69849200436663e-07,7.80185771210664e-07,7.6277304110398,24.6751018632594
AT2G34260.1,2008,2617,2059,236,302,176,185,3.24513902343163,9.48907710586722,11.9013799159289,1.16872228011601e-06,2.5375370906799e-06,6.15654490852485,9.48165581094385
AT2G34880.1,460,491,328,77,70,22,186,3.06478997502662,7.18529875232129,6.73051175149057,0.000102935976736778,0.000156164655571235,1.4729332249589,8.36746130956223
AT2G34890.1,228,346,211,117,113,76,187,1.34119883033897,7.33137261657665,4.60483860757049,0.00142101799584683,0.00197245781513067,-1.31511014151679,2.53361766325022
AT2G35670.1,1037,1431,1007,76,103,39,188,4.0638440251329,8.1283067971409,11.1431235915273,2.00138455066841e-06,4.01716755134163e-06,5.60632150318884,16.7239534197434
AT2G36010.1,2651,3406,2380,422,455,304,189,2.83814463258144,10.0224287495357,10.7447670174734,2.69002942824998e-06,5.14053568823113e-06,5.3018794883816,7.15099816239998
AT2G36310.1,6289,6739,5718,115,164,123,190,5.54680828275963,9.8329039812999,23.0949026711992,4.46867622527283e-09,7.55612525364315e-08,11.4117767657325,46.7472075453953
AT2G36560.1,1344,2352,1507,1661,2069,1463,191,-0.0259075938347078,10.7303193888963,-0.0904080298924661,0.930021211527757,0.936736166123625,-7.22799063847599,-1.01811998599865
AT2G36724.1,2413,2519,2079,1934,1620,1430,192,0.498397202964927,10.9370633292411,2.12727604150147,0.0635087594162154,0.0733703680212178,-5.21510090841129,1.41264327996031
AT2G36760.1,2085,4164,2754,10,7,5,193,8.47802223562424,7.25380915759827,25.2677658795309,2.07389031925833e-09,5.03143825280935e-08,12.0441278131332,356.565234592085
AT2G37390.1,528,586,475,1,3,2,194,7.51806528927029,5.28735347820886,25.5349392404109,1.89555706674082e-09,4.996064424615e-08,12.1162595031665,183.300293954345
AT2G38220.1,5004,6020,4007,1086,1161,783,195,2.31012270881843,11.1161414952582,8.62097029483896,1.55855230682071e-05,2.63537026426047e-05,3.47016332469825,4.95925259239365
AT2G38810.1,468,613,493,176,154,150,196,1.70059049826264,8.17767348069209,7.37688048395822,5.1818554643047e-05,8.07674678514532e-05,2.20128212684319,3.25033968440281
AT2G39220.1,8110,9574,6567,187,171,142,197,5.58374477311267,10.1721140342757,22.4321024945482,5.72751403027079e-09,8.65602011402955e-08,11.2012751721893,47.9595019998572
AT2G39300.1,1033,1385,998,164,134,122,198,3.00980685453623,8.63345419948008,12.0996652554101,1.02050403698689e-06,2.27776501055475e-06,6.29447041327388,8.05456599719946
AT2G39650.1,1171,1793,997,144,144,97,199,3.33069633684456,8.65685750980397,11.0943219914407,2.07417133719207e-06,4.13352716483276e-06,5.56961527729592,10.0609618877489
AT2G40030.1,8506,10443,7900,376,243,279,200,4.91139998643906,10.6618470158117,18.9984725890101,2.34921448270777e-08,1.4896155469897e-07,9.95337760206023,30.0939168463514
AT2G40520.1,319,472,435,323,292,287,201,0.423758978084832,8.44672344195881,1.74170169997927,0.116892073743726,0.130451554297998,-5.79067291416558,1.34141810394224
AT2G41040.1,66,100,85,7,3,0,202,4.71685514263722,4.02509423798528,7.29949997765311,5.61212452708103e-05,8.72302363819281e-05,2.11673304358599,26.2975253928093
AT2G42340.1,143,198,169,106,118,78,203,0.758625020079155,7.02600100933498,2.92745431081388,0.0175375666864188,0.0215549828436601,-3.93472055891879,1.69187738957831
AT2G43660.1,2877,3857,2355,2155,1677,1539,204,0.743743009948423,11.1636658712324,2.73768334001453,0.0237628437430809,0.028638589219523,-4.24274316837353,1.67451466391991
AT2G43670.1,1901,2182,1566,1394,1419,1122,205,0.516106858938246,10.6083423739722,2.13133661367082,0.0630967826495486,0.0730456529428384,-5.2088211785956,1.43009090780196
AT2G44330.1,72,114,54,112,78,58,206,-0.0633094788683612,6.30387951388386,-0.18076966284165,0.86071155707292,0.871646186654609,-7.21442468926809,-1.04485987632032
AT2G45110.1,14216,15709,9890,2824,3262,2201,207,2.25533616702691,12.5412071427955,8.1822872885802,2.34151172472335e-05,3.82036123507494e-05,3.04136636294953,4.77445535377069
AT2G46650.1,475,757,663,41,8,3,208,5.7578896028683,6.39969227617451,7.98266254173072,2.83433581483123e-05,4.57098088056598e-05,2.8397200706722,54.1124854673045
AT2G46990.1,385,328,202,0,0,1,209,7.87324557606283,4.26995612136475,21.7084265318136,7.5724598327096e-09,9.18572301446078e-08,10.961082951051,234.467731507011
AT2G47030.1,57,77,15,1248,1811,920,210,-4.93786637791857,7.85006092695589,-8.88856411330988,1.22585093080381e-05,2.09181901953677e-05,3.72247399342396,-30.6510879549672
AT2G47115.1,29817,36965,24113,4197,4484,3522,211,2.88214102563902,13.4240596730174,11.40230580528,1.65931525849447e-06,3.39415177705056e-06,5.79858557036643,7.37243412103912
AT3G01230.1,28,6,1,471,542,406,212,-5.99033350141576,5.88361205643627,-7.57655058744935,4.23007698057819e-05,6.70563339534838e-05,2.41625306227089,-63.5726138087759
AT3G01240.1,59,31,18,1036,1367,740,213,-4.93818810565095,7.52070008917618,-11.6124318367665,1.42932307081562e-06,2.99835441171096e-06,5.95122385165874,-30.6579240529529
AT3G01270.1,153,87,29,5427,6516,4308,214,-6.17207530440164,9.29707390384772,-11.6695923928159,1.3730423309162e-06,2.90211219943651e-06,5.99225640618374,-72.1073943176881
AT3G01870.1,195,274,214,186,246,197,215,0.113857396854923,7.7651348022781,0.460918867733119,0.656222821924696,0.675594713346828,-7.11606213578895,1.08211767735208
AT3G03260.1,5423,7375,4891,2616,2727,1943,216,1.27261148347169,11.8670186222952,4.81506288296562,0.00106596929430921,0.00148702716556134,-1.01076227387982,2.41598497649872
AT3G03305.1,2541,2738,2183,102,64,104,217,4.80027504958413,8.87450881075133,17.8674495452474,3.94781108814231e-08,1.98457530376884e-07,9.47479665493201,27.8629295823076
AT3G04100.1,175,180,121,191,209,119,218,-0.105361256904136,7.34935224287986,-0.353600537867095,0.732100857005813,0.74956381322797,-7.1636381852533,-1.07576373249551
AT3G05610.1,135,86,40,6810,8233,4950,219,-6.37552484746833,9.48374853763988,-14.8934495543823,1.82318671017728e-07,5.68345354345767e-07,8.01300715238916,-83.0279312784067
AT3G05700.1,620,768,483,7,20,2,220,6.26895751998566,6.12690540115947,10.3746303518789,3.57168123765636e-06,6.62125624788122e-06,5.00883223883651,77.1159574544133
AT3G05725.1,3,1,0,197,261,225,221,-6.82765286134408,4.41382643067204,-15.0920780475909,1.63200641234118e-07,5.38851821352886e-07,8.12113377312422,-113.586916804792
AT3G05741.1,1132,1446,880,2118,2057,1445,222,-0.708755804981532,10.4969710895817,-2.52934307577571,0.0332343858838732,0.0396256139384642,-4.57927324000591,-1.63439399098772
AT3G05860.1,269,476,344,234,230,167,223,0.761510064654019,8.08761616924695,2.66158708331683,0.0268557370874768,0.0322268845049722,-4.36596462023021,1.6952641243752
AT3G06125.1,47,45,39,1,0,1,224,4.81015085055518,3.07174209194426,15.3224571909177,1.43766438036692e-07,4.80369295954936e-07,8.24448720724701,28.0543163339986
AT3G06860.1,10379,11856,8683,790,837,774,225,3.67424047583513,11.4825845106955,16.0167563629945,9.91469623885495e-08,3.86881153935738e-07,8.60341593043735,12.7660515707929
AT3G07190.1,2373,2911,2256,111,130,50,226,4.78262876582196,8.89571547143316,13.1601246726276,5.10381723113751e-07,1.30042466437202e-06,6.99367030335127,27.5242007430117
AT3G08040.1,610,585,486,49,26,4,227,4.88563053316592,6.68303919552481,6.87710257024038,8.77384008061526e-05,0.000134870599586317,1.6426033337206,29.5611508890237
AT3G08620.1,2290,2562,1938,213,273,230,228,3.23840949464177,9.51628745091346,13.7188331602898,3.61527986854305e-07,9.93756732338434e-07,7.33789355674007,9.43753110731927
AT3G08840.1,934,874,783,24,23,14,229,5.37365410650183,7.06539681528572,19.9365427845678,1.56131446992143e-08,1.25439754002335e-07,10.3229992154676,41.4601694149645
AT3G09110.1,136,220,170,780,785,574,230,-2.03039840966482,8.4497949239117,-7.52152000004454,4.471585135825e-05,7.02857607264887e-05,2.35746063421811,-4.08517649525975
AT3G09340.1,100,53,47,38,32,48,231,0.684518434433501,5.65709461132872,2.0811894607058,0.0683715291958348,0.0788250274613136,-5.28610962352822,1.60716542684847
AT3G09950.1,770,1301,1045,13,1,2,232,7.85848349884962,6.0600142236844,12.3553951288924,8.59259287209911e-07,1.9650273863243e-06,6.46889512112136,232.080821771512
AT3G10195.1,1007,1225,719,1293,1343,1060,233,-0.350757327388555,10.0850040915344,-1.30103808101903,0.226823330253819,0.245285694344246,-6.3750272468963,-1.27522986997956
AT3G10900.1,417,551,317,62,51,56,234,2.87271896277922,7.27322936665819,10.7352118777413,2.70949577409026e-06,5.16006362437668e-06,5.29443995069682,7.32444254980508
AT3G11200.1,5481,6164,4390,385,525,179,235,3.99582549611748,10.3723224556888,10.2661892410148,3.88744724320198e-06,7.11211659575969e-06,4.92104398410596,15.9537701867492
AT3G11310.1,197,417,313,578,589,504,236,-0.910264586275161,8.66557779348829,-2.9983390617841,0.0156662634471486,0.0194261666744643,-3.81961813672412,-1.87939014177104
AT3G11490.1,982,783,885,55,31,68,237,4.14368032005835,7.7104666196411,13.1688831183285,5.07578196358171e-07,1.2992139154489e-06,6.999189402399,17.6755146894869
AT3G12110.1,8409,8799,6927,797,822,503,238,3.53237587604579,11.2002790980709,13.0172917717559,5.58615635946843e-07,1.39970902302662e-06,6.90309598697508,11.5704725047702
AT3G12700.1,3848,4488,3595,1821,2044,1733,239,1.08851436246261,11.407284032849,4.83401138223118,0.00103903081826408,0.00145308069321142,-0.983641004169868,2.12654938987238
AT3G13280.1,68,111,59,45,41,78,240,0.534369949143803,6.00707168357619,1.56833942465834,0.152598108918474,0.167617607827773,-6.03204274264031,1.44830951362474
AT3G13400.1,270,222,57,10023,13116,8443,241,-6.09100060117158,10.2925102793864,-11.3871639995175,1.67740991743408e-06,3.41603917492049e-06,5.78747567686837,-68.1669534223684
AT3G14205.1,9545,11452,8889,727,645,472,242,4.03106829453294,11.2584946033438,15.7342623657344,1.15115190265766e-07,4.16010015360819e-07,8.45964615716228,16.348295203374
AT3G15960.1,229,551,364,168,107,170,243,1.29738256938612,7.83989776913691,3.62913228517232,0.00586615926513663,0.00755962325622688,-2.8051636255484,2.45782563304416
AT3G16320.1,1623,1932,1389,600,643,559,244,1.44380331041217,9.95237534712968,6.18114039420688,0.000191614074679133,0.000283609160930919,0.812423895750499,2.72037079822959
AT3G16565.1,854,1152,730,16,18,19,245,5.58912218459873,7.01366724215979,22.1496575370537,6.38028450539301e-09,8.94739456900043e-08,11.1088507308729,48.1385968215156
AT3G16720.1,1550,1941,1487,127,120,119,246,3.74523847822673,8.81453718340774,16.5445573958271,7.54995973673266e-08,3.12065002451617e-07,8.86404199265007,13.4100106530945
AT3G17250.1,1345,1520,1371,28,48,37,247,5.22223784860709,7.85132504186567,20.067779990082,1.47675778868507e-08,1.25439754002335e-07,10.3728668891847,37.3293335926155
AT3G18210.1,2938,4008,2750,160,146,119,248,4.49279898385294,9.39222609811297,17.6911631690741,4.29253882849779e-08,2.13860416634087e-07,9.39672051031942,22.5147567205864
AT3G18470.1,160,292,248,78,66,13,249,2.43615026797082,6.6104834208829,4.01825022146562,0.00327925032819562,0.00436711618886194,-2.19667222021941,5.4119565924476
AT3G19350.1,3492,4260,3174,346,271,269,250,3.61889928308018,10.0104730718332,15.0229479743383,1.69589238065844e-07,5.50179039771749e-07,8.08369011887728,12.2856244479763
AT3G21580.1,5314,5930,4298,270,219,163,251,4.58621275611851,10.0334599645581,16.9428047269116,6.18006157477755e-08,2.69571913326609e-07,9.0540929110547,24.0208076788672
AT3G21700.1,122,158,106,30,30,30,252,2.04475850528804,5.97657556303089,8.54864332647507,1.6647928309799e-05,2.79805542074333e-05,3.400785112093,4.12604199553835
AT3G21820.1,895,836,729,47,57,30,253,4.2103505273799,7.57088853243515,14.805558621882,1.91562364765266e-07,5.90562428392368e-07,7.96462796226183,18.5115080829233
AT3G22560.1,717,828,696,1,3,1,254,8.20936105706241,5.43801386186454,26.1714700523791,1.53563745831959e-09,4.996064424615e-08,12.283536428025,295.98106151278
AT3G22680.1,412,552,388,62,26,70,255,3.17428181382409,7.2144457553014,8.34353249010831,2.01212475992324e-05,3.32179176342357e-05,3.20122674038305,9.0272202907251
AT3G22810.1,927,1100,700,236,348,249,256,1.70474654097752,8.95291019041209,6.22325594492341,0.000182461160735682,0.000270780126836464,0.864472712449672,3.25971659792506
AT3G22968.1,32119,37521,29528,460,417,289,257,6.42686236597138,11.7920615704941,24.6195259984951,2.5895825160826e-09,5.55764247682342e-08,11.8642037560917,86.0356313800378
AT3G23060.1,1167,1335,986,46,54,34,258,4.68506784788773,7.83094445132629,17.8963152364567,3.89435527617855e-08,1.98457530376884e-07,9.48748837825318,25.7244414590837
AT3G23780.1,6235,6837,5028,198,222,163,259,4.94891441104264,10.0728160472153,20.2069296560248,1.39263028506049e-08,1.23347253819643e-07,10.4252650529821,30.886712364336
AT3G24065.1,3434,3693,2908,219,129,130,260,4.42207319589922,9.4900867739798,15.8090707518655,1.10624857903964e-07,4.14105667444492e-07,8.49801625861053,21.4376252605593
AT3G24790.1,732,871,728,1523,1434,1062,261,-0.772926457783267,9.98500613463752,-3.1676822283782,0.0119852308977328,0.0150286715526627,-3.54507937309057,-1.70873237593511
AT3G25170.1,21,28,0,686,818,346,262,-6.07442172309083,6.14301506613371,-5.4743042559931,0.000450970054515863,0.000648560026855287,-0.0976938597300752,-67.3880896509347
AT3G25250.1,265,335,218,29,20,5,263,4.1127387995909,6.01775957283159,7.66140757669427,3.88532293035341e-05,6.17666722261311e-05,2.50624105107184,17.3004636775646
AT3G25260.1,26504,34352,21193,207,139,86,264,7.62027581283777,10.9010266500638,21.6318519702583,7.8036400171265e-09,9.26474708416295e-08,10.9350083956033,196.757635515937
AT3G25280.1,608,1121,560,879,836,663,265,-0.117156872766,9.56324921609098,-0.375183383852176,0.716555574615273,0.734996343079637,-7.155042222197,-1.0845953368983
AT3G25420.1,8433,9242,7143,6169,6302,4618,266,0.544140195626946,12.7341509485735,2.23255497684759,0.0536301257016463,0.0627371281792844,-5.05116687827641,1.45815106951712
AT3G25540.1,732,749,642,32,68,50,267,3.85724906091229,7.53707250315885,12.8165591134956,6.35180732250278e-07,1.52889994362348e-06,6.77396779553404,14.4926454627801
AT3G25700.1,4377,4618,3114,123,87,34,268,5.77717552399074,9.06955807731841,13.0435438038488,5.4938352567115e-07,1.387131254862e-06,6.91982393570207,54.8407168380669
AT3G25710.1,1189,1107,739,66,15,7,269,5.59859343143434,7.1546597792031,8.42024687412655,1.87364283947937e-05,3.11158542984966e-05,3.27635557400531,48.4556648029755
AT3G26110.1,42,44,16,271,413,239,270,-3.22741990069202,6.61557018110672,-7.89220761420103,3.09441507491644e-05,4.96173451667636e-05,2.74695818411777,-9.36591471252818
AT3G26410.1,3887,4521,3365,398,467,342,271,3.2839009399029,10.2861752772776,13.5196422799329,4.08205706054765e-07,1.10038059893024e-06,7.2169735277889,9.73985935616938
AT3G26590.1,1130,1063,765,241,303,226,272,1.92884233113562,8.96220091157084,7.51286928860881,4.51091132609876e-05,7.05066812314597e-05,2.34818726652793,3.80749549871581
AT3G26990.1,4584,5499,3791,435,452,330,273,3.50480873301656,10.4064840237184,13.7730886012872,3.49864206249435e-07,9.66456569738538e-07,7.37049197164601,11.3514818138532
AT3G27150.1,272,262,118,9,1,1,274,5.90152193287758,4.72473699806791,9.42874558255819,7.68392170565177e-06,1.34831078985965e-05,4.21170153029161,59.7771385153215
AT3G27440.1,64,59,80,39,52,9,275,1.29911058906123,5.44014750930992,2.34212788238581,0.0449526904315576,0.052918990001707,-4.87837513248751,2.46077131145746
AT3G27640.1,502,696,389,161,143,107,276,1.92069908097772,8.04857037598566,6.57283771864527,0.000122575110602283,0.000183862665903424,1.2873921645391,3.78606474076226
AT3G27910.1,53,66,63,162,130,73,277,-0.923542609592081,6.40209686900312,-2.89548813641781,0.0184553272641796,0.0225340757405081,-3.98663597714684,-1.89676718601688
AT3G27980.1,2644,3053,2266,2,4,2,278,9.53341731106978,6.59732635431145,33.8568697342691,1.68805233514333e-10,4.63553419819778e-08,13.8877486580858,741.044983750576
AT3G28750.1,259,382,217,10338,13008,8161,279,-5.20866191815089,10.7282485323189,-17.5237949548701,4.65107308091784e-08,2.23732653375186e-07,9.32168252128317,-36.9797077518117
AT3G28917.1,18797,21178,15450,93,144,32,280,7.90171964612557,10.2104905100798,16.1919629333292,9.04888582410188e-08,3.58104843251691e-07,8.69106741216879,239.141324790398
AT3G28980.1,94,173,40,1779,2003,1069,281,-4.15312409717991,8.53334575152254,-8.32401687314755,2.04912946495723e-05,3.37290336709774e-05,3.18201980088176,-17.7915968451006
AT3G30842.1,1131,1610,1089,1093,1160,965,282,0.23202759423628,10.1801566832828,0.931989657962533,0.376615811032039,0.395765767525193,-6.773311157584,1.1744844352065
AT3G42830.1,193,372,207,143,190,234,283,0.406504534846801,7.74454252610442,1.25455878920675,0.242468601663587,0.260688785603625,-6.43042329829032,1.32547047543526
AT3G43505.1,1113,1108,956,1224,1035,940,284,-0.0048243174390894,10.0487295860488,-0.0210800360876717,0.983659915400683,0.985425911658135,-7.23227771138135,-1.00334955930935
AT3G43520.1,7498,8541,6143,543,535,318,285,4.01561284866568,10.8314613061572,13.9605040942391,3.12677312758203e-07,8.81181517773118e-07,7.48200429203116,16.1740923473224
AT3G43540.1,5021,5738,4339,290,230,285,286,4.22253785952263,10.1767675034622,17.8700023444087,3.94305084646262e-08,1.98457530376884e-07,9.47592012009534,18.6685485494704
AT3G43920.1,9055,10458,8352,1307,1290,1048,287,2.93432506391301,11.707902223084,12.7050896246524,6.82683350332801e-07,1.6073304197709e-06,6.70131606959875,7.6439856179778
AT3G44370.1,559,829,390,24,54,9,288,4.56337711409995,6.86406988977889,8.02692586268572,2.71592290260466e-05,4.39271008595188e-05,2.88479379483891,23.6435885390603
AT3G45090.1,5892,6299,4414,870,832,655,289,2.80928892935986,11.0133956642074,11.1773285425867,1.95205677892273e-06,3.93798402368925e-06,5.63195252320429,7.0093901545488
AT3G45870.1,11885,9506,11556,36,39,14,290,8.60331912718669,9.11441691563495,22.6448889465087,5.28480500011526e-09,8.43821717728207e-08,11.269817629872,388.917172377316
AT3G48950.1,1287,1621,1105,1729,1355,1162,291,-0.0799075048556865,10.4084906366167,-0.304097311331146,0.768239857386985,0.785124249857028,-7.18148040010304,-1.05695027440195
AT3G49307.1,3450,4678,3941,2595,1942,1654,292,0.976911659186747,11.4747092813531,3.73443372775181,0.00500180512170353,0.0064907145532804,-2.63885859206162,1.96824751831189
AT3G49500.1,3964,4823,3460,133,255,131,293,4.61186975294688,9.67609597974552,14.6522983580893,2.0895367429991e-07,6.40638188238185e-07,7.87946920215664,24.4518167133449
AT3G49540.1,170,184,125,1177,1485,684,294,-2.74426283443827,8.68096938351984,-8.34571988613455,2.00802325697609e-05,3.32179176342357e-05,3.20337713648638,-6.70047250072325
AT3G49660.1,2046,2428,1441,169,162,179,295,3.49644180806722,9.16487829959976,13.4357033023871,4.29849648290341e-07,1.14217192260005e-06,7.16542632119415,11.2858393077665
AT3G49680.1,8248,9774,6538,706,861,621,296,3.48061919409827,11.2396033417255,13.5482212429851,4.01114983019789e-07,1.09181541719533e-06,7.23444337704195,11.1627392684013
AT3G49730.1,546,578,375,15,13,50,297,4.44920838281011,6.71786427941475,9.39970424691606,7.87478983062542e-06,1.377471073821e-05,4.18605794414356,21.8446544992654
AT3G49770.1,100,154,122,330,333,323,298,-1.40579710293354,7.66184868258853,-5.78345722132157,0.000307627149510613,0.000447020701632609,0.308974166187564,-2.64964136886933
AT3G50020.1,269,350,209,209,183,150,299,0.590058707324437,7.78710009134496,2.16523298540079,0.0597577563618874,0.0694683917706942,-5.15625949834956,1.5053080013869
AT3G50060.1,6368,8011,7576,322,245,250,300,4.74758682700283,10.4569428848294,20.0183691858533,1.50797992304285e-08,1.25439754002335e-07,10.3541431646695,26.8637131817319
AT3G50720.1,72,286,206,2703,2663,2256,301,-3.95741002116342,9.32811115826672,-8.60584770015665,1.58013143040629e-05,2.66378652014112e-05,3.45569944484231,-15.5345658904964
AT3G51895.1,8627,10894,7265,148,82,29,302,6.93734538005387,9.63570553916614,13.3879182418621,4.42738601114904e-07,1.15985041982214e-06,7.13592258862703,122.560083924535
AT3G53000.1,3096,3460,2649,100,98,72,303,5.0826709588222,9.03379969998158,20.6379795055923,1.1640835025812e-08,1.11992861110399e-07,10.584535663406,33.8872570273855
AT3G53370.1,681,962,575,221,219,159,304,1.8657470811826,8.56544143217868,6.70482531083901,0.000105885122260359,0.000159255790353855,1.44292360586731,3.64456613777726
AT3G54100.1,2921,3794,2839,189,234,106,305,4.22882010206709,9.51035656479924,13.0143047858987,5.5967694489405e-07,1.39970902302662e-06,6.90119034231227,18.7500183455078
AT3G54550.1,597,1114,837,236,287,294,306,1.59813223603845,8.88681258288248,5.64725979519713,0.000363510072837092,0.000525488654515797,0.13148835733339,3.02751107197194
AT3G54710.1,958,1214,993,284,347,234,307,1.87831703120257,9.0972513660899,7.55308562474252,4.33125459733121e-05,6.82723182291191e-05,2.39122606190441,3.67645934446444
AT3G54740.1,1299,1783,1208,127,182,101,308,3.39888971894324,8.76215325289013,11.6006493055111,1.4412395385525e-06,3.01202869854792e-06,5.9427399888082,10.547942589804
AT3G54800.1,158,132,140,926,1361,676,309,-2.72107726567609,8.52977754723282,-9.26589779654451,8.82461081601776e-06,1.52923379979438e-05,4.06695770822639,-6.5936498028801
AT3G55320.1,6550,7770,5479,106,86,55,310,6.34319291773695,9.50218492697097,21.2474931070932,9.08938989956783e-09,1.00695736099897e-07,10.8021589106379,81.1879053090133
AT3G55420.1,6183,5106,5319,22,26,10,311,8.18397146705601,8.3379460924806,23.5191441455067,3.82606528828748e-09,7.36187734780832e-08,11.5419870913324,290.817740072029
AT3G57220.1,2415,2911,1966,249,207,198,312,3.46171066615183,9.49847154085819,13.980275129499,3.09017644061317e-07,8.79754313194973e-07,7.49367023927818,11.0173906014332
AT3G57270.1,15306,16864,13258,9322,8938,7038,313,0.848233977419055,13.4553273400726,3.57385554801093,0.00638179630093476,0.00814883829730342,-2.89290070304057,1.80029580930565
AT3G58470.1,717,964,603,111,193,33,314,3.04863309993617,8.02256008513311,5.41892466506002,0.000483621569660879,0.000691950861207103,-0.171981343077475,8.2742761058625
AT3G59640.1,1203,1360,951,143,171,128,315,2.97715726000132,8.69105096718988,11.9949490211391,1.09599773589979e-06,2.41725982858531e-06,6.22192718317527,7.87433046558021
AT3G59790.1,1251,2789,2124,730,656,508,316,1.64143879240371,10.1090523969853,4.98071918806066,0.000853742484347792,0.00120300077339916,-0.775409082645945,3.11976809650717
AT3G61620.1,763,976,641,105,175,200,317,2.33255643424901,8.44574613858431,7.56322613086356,4.28720709378384e-05,6.77694492445151e-05,2.40204925834261,5.03697103296695
AT3G61740.1,1124,1434,1017,91,120,93,318,3.53901736957797,8.4351800331254,14.2460621257213,2.64172644181286e-07,7.67751747151863e-07,7.64871919083086,11.6238603432176
AT3G62130.1,1077,1346,938,97,129,101,319,3.34505131558447,8.44235999083062,13.3914192852736,4.41779841869395e-07,1.15985041982214e-06,7.1380881543143,10.1615692933083
AT3G62230.1,51,54,38,7130,8796,5717,320,-7.20559261315684,9.19186352342109,-27.2230796982465,1.0961446298575e-09,4.63553419819778e-08,12.5464588121949,-147.604471153172
AT4G00220.1,2526,3406,2212,7,10,8,321,8.17330909892084,7.29644008948696,31.2864448936438,3.32577450548054e-10,4.63553419819778e-08,13.4254742685725,288.676348093461
AT4G00231.1,2125,2318,1778,158,279,180,322,3.36268397404391,9.32867927345947,12.0161390122357,1.08023457769415e-06,2.40147766674636e-06,6.23666004619592,10.2865263313187
AT4G00540.1,376,518,343,76,84,104,323,2.20461773394331,7.56578319847123,8.50012151965502,1.74053683955596e-05,2.91657524466133e-05,3.35395420564008,4.60952385532473
AT4G00550.1,1381,1502,1170,77,65,78,324,4.18203982280268,8.30221227353394,18.2228156702535,3.34265616822337e-08,1.81826682588903e-07,9.62925955466946,18.1517887970371
AT4G00570.1,21117,23003,18798,1218,977,977,325,4.31176243036874,12.1955024553593,18.7742469917438,2.59762732466741e-08,1.55857639480045e-07,9.86146536402307,19.8595693055642
AT4G00610.1,191,253,136,185,104,56,326,0.861794975838317,7.12632893556546,1.99225651097738,0.0787915739651411,0.0904643997377545,-5.42164846606345,1.8172979548444
AT4G00690.1,155,271,176,16,19,25,327,3.24354665197226,5.9917168774124,11.0443180667846,2.15180769955301e-06,4.25783225656234e-06,5.53183612290591,9.47119622775378
AT4G00730.1,14370,18476,12236,721,757,505,328,4.50612513349274,11.6013634466639,16.59705152098,7.35141144402762e-08,3.10764211042986e-07,8.88941151898351,22.723688611433
AT4G00780.1,2752,2032,2190,9,6,2,329,8.59977054858813,6.87130044684944,20.5612618604717,1.20150278542877e-08,1.13633653265975e-07,10.556520784778,387.961733289263
AT4G01840.1,4389,4282,4062,183,194,100,330,4.78787902766214,9.65697409801721,16.2029942998064,8.99725556274213e-08,3.58104843251691e-07,8.6965479234781,27.624549413631
AT4G02700.1,846,923,664,42,31,21,331,4.68982711926581,7.30681235074603,15.6534395769669,1.20195639629582e-07,4.2719214594463e-07,8.41794689546193,25.8094433179117
AT4G03110.1,682,1275,1162,385,297,223,332,1.76593642791344,9.08929504055267,5.46238586910526,0.000457789203117997,0.000656674486734813,-0.113644292711647,3.40094677487275
AT4G05470.1,3,43,12,426,401,300,333,-4.82096409692691,6.13043916072292,-6.70755434569105,0.000105567437286734,0.000159255790353855,1.4461159333626,-28.2653782232327
AT4G07507.1,3879,4634,3513,3,4,12,334,9.28557507452244,7.31691014160404,22.1140214087115,6.46837554742291e-09,8.94739456900043e-08,11.0970707774035,624.074768673119
AT4G08590.1,2634,3274,2579,782,818,735,335,1.8532905643861,10.5313619805227,8.22420879429865,2.25050338528051e-05,3.68264190318629e-05,3.08318420747976,3.61323368663135
AT4G09580.1,1397,1547,1110,19,67,45,336,5.07667620357141,7.84932239918394,12.0046709926999,1.08873413661218e-06,2.41076844535554e-06,6.22868999348308,33.7467392258737
AT4G09900.1,4133,4226,3255,59,44,53,337,6.19133162020694,8.81354287480402,25.7582494771404,1.75955806361468e-09,4.996064424615e-08,12.1756688071297,73.0762967610515
AT4G10160.1,365,591,495,1058,1157,794,338,-1.06045598261781,9.42334449607553,-3.85626653575023,0.00416707460589645,0.0054711238355064,-2.44791088254122,-2.08559059568021
AT4G10430.1,4459,5177,3418,128,220,207,339,4.56693213972847,9.78332258084949,15.5430797392899,1.27540043078261e-07,4.42033192780557e-07,8.36059470513889,23.7019218711107
AT4G10640.1,4122,5449,3874,208,170,146,340,4.67220528789518,9.7777306412153,18.3475437641024,3.15534043032778e-08,1.79661220420704e-07,9.68256578225113,25.4961107851227
AT4G11130.1,3822,4350,3436,278,221,221,341,4.00720062607269,9.90791799454615,17.1931222954801,5.46165731579512e-08,2.51868163819312e-07,9.17075888402801,16.0800571186656
AT4G11320.1,325,661,1548,10,2,0,342,7.75738095682314,5.56015518486439,9.26057477568235,8.86493068113893e-06,1.53146480497694e-05,4.06218721381638,216.373642306309
AT4G11400.1,1437,1954,1548,1541,1422,1202,343,0.240731452601999,10.5529417008402,1.00263504110118,0.34325111495198,0.362754019210615,-6.7049144765227,1.18159158161225
AT4G11510.1,536,419,380,633,453,344,344,-0.0695563619836665,8.82033517537345,-0.239873601529481,0.816014305752344,0.832424099835115,-7.20070001960497,-1.04939393860809
AT4G11940.1,148,223,199,331,369,350,345,-0.897122826624438,8.00535462407705,-3.68058735694865,0.00542559842337079,0.00702432464093017,-2.72375883762717,-1.86234818751557
AT4G12080.1,828,1131,834,58,33,37,346,4.44249517254443,7.62725872095747,15.5466381094032,1.27295592890791e-07,4.42033192780557e-07,8.36245143487553,21.7432421498218
AT4G12140.1,144,352,257,234,220,67,347,0.634259457167533,7.56775717765269,1.22917121301281,0.251386340216852,0.269239112938586,-6.46009404695853,1.55214082356709
AT4G12590.1,3571,4194,2698,228,249,190,348,3.95092127370683,9.76959960378501,15.3455852938848,1.41962081951836e-07,4.80089949873481e-07,8.25675083520463,15.4648536298366
AT4G12710.1,2004,2278,1651,141,99,66,349,4.31795906742995,8.77887703362737,13.7939940458633,3.4548204738049e-07,9.59099415115988e-07,7.38301446978827,19.9450532134297
AT4G12790.1,1170,1325,1077,124,97,77,350,3.59154517857559,8.41773803850097,14.0237614458903,3.0113449198262e-07,8.61707930904112e-07,7.51926439489104,12.0548782782682
AT4G12870.1,455784,622308,376208,1068,831,366,351,9.42810607807784,14.1414270752738,23.1941679376037,4.30819186159693e-09,7.55612525364315e-08,11.4425537796674,688.878660578734
AT4G12900.1,1164,1327,846,2,0,0,352,9.56746977649987,5.31205572182365,21.9222978439223,6.96617958460043e-09,8.94739456900043e-08,11.0332309780319,758.744201882027
AT4G13110.1,3601,3964,3121,63,90,61,353,5.63798382929665,8.97298889817685,22.3818582417448,5.83797997192342e-09,8.65602011402955e-08,11.1849550516571,49.7968931391063
AT4G13345.1,1403,2039,1456,7,14,12,354,7.11704516849277,7.09429935549626,23.3784838207247,4.0269499982366e-09,7.49012699672008e-08,11.4991963387881,138.817454418129
AT4G13460.1,22728,25513,18553,2449,2491,1918,355,3.28096577050409,12.7897473462885,13.4551389362773,4.24726996160387e-07,1.1339601141507e-06,7.17739334487496,9.72006371350878
AT4G13495.1,2251,2321,1941,122,89,117,356,4.30815340111141,8.92641358423262,18.1365028238935,3.47951987290315e-08,1.86689623949996e-07,9.59209745317573,19.8099509245429
AT4G13955.1,708,887,553,486,453,472,357,0.579259008975386,9.16963711205858,2.31656326860054,0.0468440420658238,0.055029422047852,-4.91886376280721,1.49408166752091
AT4G14690.1,7719,10340,6451,6626,7621,5100,358,0.33311515237132,12.8021104036142,1.21009940836121,0.258261797167433,0.27554509143294,-6.48210345795044,1.25973052452818
AT4G15040.1,1114,1559,957,822,924,632,359,0.596640096346604,9.91302666992452,2.15942440948467,0.060317448991463,0.0699732568341712,-5.16528409543273,1.51219070975167
AT4G15050.1,19788,21678,16547,12376,12057,9318,360,0.783918141149972,13.8383045700437,3.24916315392618,0.01054635826414,0.0132841262108129,-3.41338267796606,1.72180067853772
AT4G15080.1,7678,8760,6768,324,358,274,361,4.59762860671604,10.610622220075,19.5298128972212,1.85958577006736e-08,1.34759592168518e-07,10.1656231053425,24.2116350789421
AT4G15380.1,489,729,563,0,0,0,362,9.19598064838958,4.59799032419479,38.3914534078036,5.72692793351843e-11,3.19562578690328e-08,14.5654117755183,586.497296723055
AT4G15900.1,5936,6906,4882,550,420,279,363,3.86334867337842,10.58263031955,12.791417178069,6.45565481358611e-07,1.53942537862438e-06,6.75764070439822,14.5540490550289
AT4G15960.1,1734,1841,1249,21,44,16,364,5.95224737229637,7.65570620488729,15.9179790108076,1.04431849186256e-07,4.04673415596744e-07,8.55349166524799,61.9163006890315
AT4G16180.1,7934,9474,6752,289,309,242,365,4.8347971929829,10.5443472627898,19.9812354002686,1.53192816800209e-08,1.25439754002335e-07,10.3400308491473,28.5377006489901
AT4G16380.1,32823,35259,26901,329,252,125,366,7.16567946419197,11.3583716362427,19.8835061439181,1.59700436891187e-08,1.25439754002335e-07,10.3027214020191,143.576862273238
AT4G16760.1,83819,89317,72699,11679,11354,10108,367,2.88839752060276,14.8729138967307,12.9550290720043,5.81208212419512e-07,1.4350185067703e-06,6.86327508780703,7.4044753745008
AT4G17486.1,913,1140,750,235,380,179,368,1.8655530652254,8.91549097700764,5.7695066846492,0.000312896187028567,0.000453496291849195,0.290914709994478,3.6440760435968
AT4G18320.1,10428,13583,8715,10,27,13,369,9.36441432367334,8.70692098275417,25.4204811497051,1.96977450432849e-09,4.996064424615e-08,12.0854997009101,659.127760552254
AT4G18400.1,694,670,618,57,71,52,370,3.44966909063074,7.64344336235973,14.9355698932439,1.78065381991896e-07,5.60615177647351e-07,8.0360752350563,10.925815724315
AT4G18800.1,4679,5094,3559,558,560,254,371,3.35063530035562,10.4262892736148,9.60516206341894,6.62885135477366e-06,1.17053767593788e-05,4.36592529237114,10.2009760973074
AT4G18870.1,1027,1349,1034,804,793,610,372,0.626304851185031,9.82677533891374,2.56212457969972,0.0315230562124628,0.0376656645964759,-4.52651997431016,1.54360631501727
AT4G19120.1,61832,54663,46596,1134,1064,742,373,5.8066698503099,12.8174458244316,22.3564335925203,5.89478072281582e-09,8.65602011402955e-08,11.1766768403401,55.9734144018364
AT4G20800.1,3299,4145,3162,5221,5023,3962,374,-0.421517397470824,11.9883695489887,-1.746986962103,0.115935126194602,0.129642886606389,-5.78311648362341,-1.33933550022807
AT4G20830.1,4926,5573,5168,1184,1316,1165,375,2.09519916103982,11.3012872629341,9.67383437297685,6.26235903563975e-06,1.10933217202761e-05,4.4252473549579,4.2728514497051
AT4G21430.1,1948,2362,1795,28,24,24,376,6.26660018309863,7.84853121644165,27.2242597986539,1.09573788878451e-09,4.63553419819778e-08,12.5467448500547,76.9900543027054
AT4G21630.1,13985,15290,10607,898,882,669,377,4.0194972566937,11.6719033678495,15.8102277931839,1.10556954248997e-07,4.14105667444492e-07,8.49860802123206,16.2176992273826
AT4G21760.1,6063,5206,2977,44,43,8,378,7.44373635057806,8.42893808075879,12.3657804627719,8.53336987217754e-07,1.95951456324077e-06,6.47589790835609,174.095650594222
AT4G22430.1,234,682,413,281,302,147,379,0.797855656951239,8.26298739564252,1.85199396170402,0.0983698166973081,0.111339467986,-5.63082561545554,1.7385151713364
AT4G23020.1,11930,13214,9410,56,65,44,380,7.68777041225573,9.63359761607882,29.9312476753528,4.86300695520773e-10,4.63553419819778e-08,13.1543611582666,206.181404581084
AT4G23110.1,292,706,336,506,468,275,381,0.0297058447055392,8.67078975778507,0.0763802086975252,0.940853521698249,0.945939216410131,-7.22928794799094,1.02080396979215
AT4G24640.1,28,36,1,402,462,279,382,-4.85711768932555,6.11770363158162,-5.10155348725336,0.000727917365891982,0.00102829845612083,-0.606239745365299,-28.9826516496302
AT4G24740.1,790,1003,627,52,48,18,383,4.4343801250644,7.41404266657286,10.8678254843068,2.45269818617533e-06,4.75210273571471e-06,5.39711046221533,21.6212814339356
AT4G25280.1,845,927,705,60,42,24,384,4.34838697982633,7.50781291725974,12.8081280908718,6.38642311287283e-07,1.52945240213864e-06,6.7684965626361,20.3701822066248
AT4G25440.1,638,689,484,9,32,14,385,5.13291759994423,6.65752973659023,12.3225099779907,8.78315201294207e-07,2.00040768294762e-06,6.44667964715351,35.0882866972308
AT4G25530.1,6486,8273,6001,47,39,31,386,7.44068065790109,9.02263719415338,28.8560778957059,6.65472832208615e-10,4.63553419819778e-08,12.9241837025554,173.727298443976
AT4G26140.1,1281,1302,1344,297,320,248,387,2.18653081099277,9.2617987187139,9.78581362473093,5.71186447846284e-06,1.01828127124034e-05,4.52113924048072,4.55209545654582
AT4G26410.1,4412,4794,3509,299,279,174,388,4.10093387593341,9.9869045443911,14.4780612716834,2.30889292331512e-07,6.92667876994535e-07,7.78140419168444,17.1594793684564
AT4G26420.1,20030,26225,16492,105,99,64,389,7.86135958448916,10.3953946113667,27.0353673246022,1.16303725402812e-09,4.63553419819778e-08,12.5007086647372,232.543948124635
AT4G26640.1,3437,4236,2830,141,84,75,390,5.15207056922058,9.17839047430561,16.8993755667078,6.31510345288669e-08,2.73164940055099e-07,9.03363521588229,35.5572185506605
AT4G27740.1,63,86,45,0,0,1,391,5.65550181730191,3.16108424198429,15.794541579089,1.11481495415753e-07,4.14105667444492e-07,8.49058099860835,50.4052400699374
AT4G27890.1,916,1782,1198,1072,1055,689,392,0.442067940951254,10.0684609810691,1.39600318375363,0.197494362110658,0.215237996206537,-6.25772573611709,1.35855026135702
AT4G29280.1,418,365,296,450,457,367,393,-0.246307991541723,8.60342912669892,-1.01671411367718,0.33687527601699,0.356691468723872,-6.69080896268881,-1.18616769957802
AT4G29530.1,605,748,490,31,18,20,394,4.69711005667468,6.89530334041146,16.2929131239157,8.58841811319677e-08,3.47270819359695e-07,8.74105347380671,25.9400626108187
AT4G29550.1,151,224,137,65,102,55,395,1.21066119761317,6.78474712167301,3.87431191187732,0.0040565877010251,0.0053386224933302,-2.41976952531501,2.31443684799253
AT4G29860.1,1288,1370,1121,98,107,107,396,3.58192491344771,8.50400633152604,16.2723600779849,8.68001281994294e-08,3.48449435505623e-07,8.73090687257382,11.9747606393471
AT4G31060.1,812,1190,814,12,35,5,397,6.03346608958434,6.83517545156036,10.6859263720919,2.81241427671702e-06,5.31975310646813e-06,5.25596260414165,65.5019562756766
AT4G31080.1,3171,3597,2835,148,88,77,398,4.97783139130139,9.14901708574763,16.9416115659507,6.18372847774301e-08,2.69571913326609e-07,9.05353172481301,31.5120431246661
AT4G31180.1,7366,8477,5475,529,438,355,399,4.00387246654913,10.7698226032587,14.8243394419514,1.89544207300839e-07,5.87587042632601e-07,7.97499360334493,16.0430047189077
AT4G31720.1,529,733,518,64,75,65,400,3.09146202827372,7.65062749608036,12.7530827691812,6.61764008073713e-07,1.56595374740436e-06,6.73267989022536,8.52359490200596
AT4G31770.1,162,174,168,14,15,29,401,3.12901250370952,5.8357666489271,10.3329099708414,3.68967419550119e-06,6.8051098147897e-06,4.97516325192109,8.74835948080149
AT4G32110.1,11876,12251,8854,22286,20308,15466,402,-0.813921025199905,13.8165902112631,-3.16525611055354,0.0120310820288175,0.0150523402961439,-3.54900553048042,-1.75798288516711
AT4G32120.1,3331,3881,2884,399,420,453,403,2.97701053049334,10.2178656319573,12.9762685528673,5.7338923193367e-07,1.4220052951955e-06,6.87688233137602,7.87352964638469
AT4G32500.1,4116,5728,3554,134,183,87,404,5.0757566761717,9.55781472866756,15.4863076902528,1.31511567434559e-07,4.52984287830147e-07,8.33090345727994,33.7252369932509
AT4G32850.1,5548,6278,4975,263,224,155,405,4.73050814177362,10.0797799140327,17.6368505359478,4.40539982915552e-08,2.16304820569053e-07,9.37246801297263,26.5475743275393
AT4G33830.1,1072,1118,880,1004,1045,734,406,0.151059842872117,9.91727904211505,0.609289141048522,0.557990198819757,0.577659612136223,-7.03083350621857,1.11038489134773
AT4G33840.1,7444,7479,6207,7024,6923,5446,407,0.127957619742951,12.7129517002724,0.548428240545804,0.597261754224783,0.616436151743663,-7.06846501050514,1.09274563840056
AT4G34330.1,211,341,108,131,115,56,408,1.05956405519175,7.10820373714613,2.28180719776524,0.0495422431381597,0.0580768312417923,-4.97374527542444,2.08430160493942
AT4G35050.1,1507,1682,1196,109,164,148,409,3.37786572110316,8.81121634329579,12.9310959337446,5.90160982588631e-07,1.45070408935884e-06,6.84791316184763,10.3953449074847
AT4G35740.1,1424,1994,1420,107,91,67,410,4.18189925827371,8.54625372896046,15.3552137376608,1.41218345973663e-07,4.80089949873481e-07,8.26184990425804,18.1500203197947
AT4G35840.1,6758,7827,5597,74,52,46,411,6.86546330480653,9.26984098464884,25.5475252836457,1.88758793126096e-09,4.996064424615e-08,12.1196290450908,116.603178448319
AT4G36220.1,1662,2395,1939,30,11,29,412,6.467258725478,7.71564583164452,16.8030244814842,6.62658197209596e-08,2.8443328772535e-07,8.98801645810259,88.4787271131153
AT4G36590.1,906,1231,866,532,476,416,413,1.06396423741197,9.41856236944244,4.31381802626955,0.00213830576062988,0.00290310125165809,-1.74669456924391,2.09066837473936
AT4G36830.1,189,224,172,34,2,17,414,3.97803150269209,5.61707259104886,5.27893491873833,0.000578192863722022,0.000820945592765619,-0.36173486175664,15.7582071788187
AT4G37690.1,1216,1304,1006,1068,822,613,415,0.521968636221819,9.93061418594834,1.90958316890658,0.0898299338301608,0.10229612872904,-5.54567972345355,1.43591329393918
AT4G38700.1,14002,16433,11544,6903,6993,4853,416,1.16758256786629,13.1738170249424,4.47527195191507,0.00170195574830127,0.0023507210582973,-1.50580735588207,2.24634974890429
AT4G38960.1,255,329,182,30,36,31,417,2.90612412550468,6.50761195475761,10.5994116720343,3.00371388433322e-06,5.6349139589816e-06,5.18799557834494,7.4960164838322
AT4G39390.1,5214,5945,4229,203,187,153,418,4.81293216632601,9.90439966127769,19.5777048495615,1.82136741197955e-08,1.33726712616393e-07,10.1843792817807,28.1084533290635
AT4G39650.1,22451,27567,20628,24193,23901,20597,419,0.0334091815508906,14.4958452750141,0.143809629895899,0.888944368543149,0.898606807331662,-7.22106136241495,1.02342769624775
AT4G39690.1,4286,5145,3893,302,345,295,420,3.81159001184414,10.2015468648349,16.5612196125829,7.48629947044398e-08,3.12065002451617e-07,8.87210517265575,14.0411579484865
AT4G39753.1,101,159,89,79,32,52,421,1.13065462145984,6.26340820033292,3.05900816297729,0.0142286791609452,0.0177223280620701,-3.72116539270111,2.18958069724506
AT4G39955.1,3169,3147,2489,394,342,260,422,3.15224579056085,9.93468276388281,12.4064540995068,8.30574834009746e-07,1.92307368206406e-06,6.50326412299796,8.89038434641896
AT5G02630.1,1817,1973,1449,117,133,97,423,3.90447928653933,8.8067203379146,15.8883575614501,1.06077190005269e-07,4.0821428981338e-07,8.53844810103329,14.9749500587267
AT5G02880.1,14941,17755,14353,476,498,330,424,5.18694699238794,11.3372831189106,20.4054403197191,1.28169947186458e-08,1.17374370609983e-07,10.4991798808066,36.427270492236
AT5G02970.1,14619,16123,12616,325,349,192,425,5.68108758333751,10.9713425594459,19.7129065684409,1.71811107481039e-08,1.29554862127594e-07,10.2370022453071,51.3071357479748
AT5G03020.1,313,446,405,194,235,138,426,1.05172441714172,8.06216702051585,3.76553833142848,0.00477308977265645,0.00620835452946923,-2.58995435430395,2.07300617965163
AT5G03100.1,1116,1253,797,113,105,82,427,3.37404337981094,8.33230498993043,12.679325743118,6.94215421388396e-07,1.62761430728876e-06,6.68442673418087,10.3678394651317
AT5G03240.1,81509,96176,79851,5451,5887,4247,428,4.05481160641428,14.3569724210959,16.9921746234697,6.03043474334778e-08,2.69198606943045e-07,9.0772707280518,16.6195752524171
AT5G03280.1,21925,26695,20364,1180,1020,1007,429,4.41988495446243,12.2695559184895,19.193725857724,2.15431442875474e-08,1.39779936191296e-07,10.0322684019467,21.4051338884378
AT5G03370.1,3257,3826,2917,262,408,228,430,3.5094844772603,9.93943550874048,12.4342840951159,8.15388801021373e-07,1.89577896237469e-06,6.52193406579096,11.3883314094709
AT5G03800.1,1715,2205,1541,239,331,226,431,2.77805314958653,9.42518607954205,10.6046785546206,2.99166456672368e-06,5.6349139589816e-06,5.192148870425,6.85926098692739
AT5G04560.1,10567,12367,9811,858,929,661,432,3.74792741326273,11.5333932512784,15.444571968977,1.34518925057619e-07,4.60500369215654e-07,8.30899409587626,13.435027909615
AT5G05120.1,306,362,219,9,8,1,433,5.68514240018697,5.33985556553671,9.97075023735569,4.91617338331576e-06,8.87774999317214e-06,4.6772650299659,51.451541644726
AT5G06020.1,244,359,241,99,160,67,434,1.42837278782239,7.40159836362442,4.11632659646169,0.00284151635499927,0.00381145703386922,-2.04611018897577,2.69142978411855
AT5G06030.1,153,139,141,116,77,60,435,0.819770800378669,6.77205349219218,2.90179883844902,0.0182703116460854,0.0223570918827098,-3.9763869963615,1.76512554644848
AT5G06380.1,183,153,179,90,71,75,436,1.11885147933233,6.86797479136103,4.90141100669032,0.000949011694346112,0.00133387537895499,-0.887590300207168,2.1717401276957
AT5G06500.1,702,721,700,204,225,218,437,1.7106868061495,8.61349211024869,8.05134103018468,2.65294806989606e-05,4.30332855523837e-05,2.90956710316151,3.27316607945602
AT5G06670.1,4757,4994,3982,172,118,183,438,4.86968011215581,9.7191760384118,18.8608803659399,2.49833950549155e-08,1.53194883963108e-07,9.89714566926993,29.2361231818037
AT5G07430.1,111,113,7,2596,3509,1676,439,-5.73043588373744,8.41196625394284,-6.25927031610906,0.000175012716326292,0.000260418921893522,0.908791866086053,-53.0924894270454
AT5G07460.1,792,955,992,94,75,143,440,3.16666188266541,8.24590031573833,11.0143795449238,2.19982868713034e-06,4.33747140430647e-06,5.50913470730726,8.97966660969867
AT5G08360.1,419,611,339,31,53,23,441,3.68039143120395,6.95347904989685,10.3309759118933,3.69524780265462e-06,6.8051098147897e-06,4.97359924186362,12.8205960464683
AT5G09490.1,373,621,463,334,424,290,442,0.460478188622444,8.66497631407072,1.66019929556922,0.132601153047456,0.147100285090418,-5.90577001492144,1.3759978240529
AT5G09900.1,4416,5310,3441,415,479,376,443,3.35563309538497,10.3997335566986,13.2442134296594,4.84159189049108e-07,1.24655924980988e-06,7.04649364474711,10.2363756758955
AT5G10220.1,1256,2517,1507,992,975,710,444,0.930719740232501,10.2520575350198,2.98473274773507,0.0160087870083192,0.0197816211405228,-3.84170775068308,1.90622674858129
AT5G10440.1,667,946,620,448,435,445,445,0.723239502241514,9.15483837093355,2.93661376802532,0.0172833458263499,0.0212894193622588,-3.91984520464679,1.65088485817411
AT5G10950.1,4686,6014,4166,1466,1590,1089,446,1.8430359301921,11.3363458636523,7.05487019151777,7.25233635456607e-05,0.000112411213495774,1.84477675015511,3.58764198744109
AT5G11310.1,681,816,518,122,61,33,447,3.37441242285043,7.6819307637507,7.66578553405613,3.86839500084408e-05,6.16732688705999e-05,2.5108618367857,10.370491909545
AT5G11460.1,1129,1225,669,63,34,22,448,4.71234087777883,7.57378542989007,11.6495705541187,1.3924713871543e-06,2.93207182653622e-06,5.97790735136745,26.215367726814
AT5G12840.1,1852,2078,1548,275,369,280,449,2.56670346671993,9.54146247919843,10.4806506149781,3.29020317546581e-06,6.11977790636641e-06,5.09380363631814,5.92454132954918
AT5G13620.1,156,154,112,149,201,103,450,-0.0655152582692393,7.16306566799497,-0.217346936651697,0.832976576487891,0.846631930200808,-7.20638106981008,-1.04645861556205
AT5G14620.1,976,1023,720,18,31,32,451,5.04458285613572,7.28639863900187,17.1255137005959,5.64607206291203e-08,2.56138878951619e-07,9.13945653104415,33.0043174204475
AT5G15140.1,209,269,264,553,507,432,452,-1.00658013446019,8.45025995528593,-4.27020619049182,0.00227576394794668,0.00308222398775303,-1.81237070500285,-2.00914283769681
AT5G15380.1,134,119,118,26,12,2,453,3.61274474498052,5.15313561283217,5.4009205344159,0.000494783227786633,0.000706110079552279,-0.196227410741165,12.2333255978761
AT5G15470.1,13813,14071,9706,258,341,208,454,5.54572437258115,10.8202021645084,19.8740312394719,1.60347544996308e-08,1.25439754002335e-07,10.2990911925257,46.7120991246488
AT5G16360.1,94,163,147,56,36,63,455,1.36483919959476,6.36320072639528,4.35931476164352,0.00200433788336239,0.00272785497296637,-1.67845327288674,2.5754761847019
AT5G17320.1,4292,5143,4090,156,207,88,456,4.9746297695549,9.64424618411049,15.0733685772017,1.64902843819911e-07,5.4126933442065e-07,8.11101968560755,31.4421892916986
AT5G19175.1,588,691,505,66,30,38,457,3.77135263548487,7.32090555764473,11.7883626754572,1.26379186689908e-06,2.69158725851026e-06,6.07685705444005,13.6549548192026
AT5G19600.1,1381,1851,1269,336,204,267,458,2.48528299805431,9.29003285607552,8.97449801723245,1.136304406542e-05,1.95094725800134e-05,3.80206933532708,5.59944173724974
AT5G20810.1,401,551,399,273,263,145,459,1.02372719217761,8.28928051648847,3.3178699274706,0.00947330097010467,0.0119866257172753,-3.30261533019723,2.03316484694654
AT5G21150.1,41069,48675,35464,1522,1960,1449,460,4.66630580665361,13.0037899805207,18.9344291457859,2.41735631990181e-08,1.49876091833912e-07,9.92727020969051,25.3920647427859
AT5G21930.1,2770,2806,2666,263,205,133,461,3.82500753884847,9.51149838175738,13.3372396538824,4.56878901750701e-07,1.19130106157426e-06,7.10450552238851,14.1723543635293
AT5G22020.1,5568,6791,4976,50,48,20,462,7.25814379455387,8.85555610023209,19.919642809004,1.57258963204681e-08,1.25439754002335e-07,10.3165455864855,153.080190850492
AT5G22200.1,3376,4032,2801,53,50,39,463,6.13405481860728,8.65010772231108,24.429692856858,2.76657017457e-09,5.717578360778e-08,11.810158713718,70.2319125818538
AT5G22440.1,7059,8296,6314,1887,2102,1791,464,1.90005415050108,11.8594374439676,8.29705131800801,2.10150128115995e-05,3.44893445555074e-05,3.15541718966052,3.73227205161447
AT5G22920.1,10057,10608,18857,330,412,405,465,5.04864155151776,11.0996612075628,17.0101602513395,5.97693026893622e-08,2.6896186210213e-07,9.08569385885438,33.0972983131425
AT5G23210.1,82938,92401,66185,14517,13794,10876,466,2.62107731215213,14.9726739948939,10.596966187985,3.00932680963533e-06,5.6349139589816e-06,5.18606646048451,6.15209299891535
AT5G23340.1,2900,3157,2526,112,134,111,467,4.57533016782646,9.18911491108777,20.0863267729757,1.46522461087435e-08,1.25439754002335e-07,10.3798790375377,23.840294753923
AT5G24240.1,2433,3122,1875,1339,1516,980,468,0.94604747914609,10.7707344001768,3.31841716521733,0.00946522755686139,0.0119866257172753,-3.30173425283224,1.92658719105128
AT5G24380.1,6663,6347,4888,446,292,334,469,4.06755920908606,10.4960813248599,15.5858737677212,1.24634474933756e-07,4.40164791221747e-07,8.38289106288764,16.7670759309226
AT5G24460.1,8042,8693,6433,372,408,298,470,4.42261069274648,10.6923021888383,17.993753184861,3.71977370068879e-08,1.92638347906333e-07,9.53013931808395,21.4456136450732
AT5G24810.1,27710,30853,21764,1133,1225,845,471,4.64986714251073,12.3687542518397,17.9932919102761,3.7205793790972e-08,1.92638347906333e-07,9.52993809762425,25.1043791691348
AT5G25410.1,6392,8884,6502,399,313,182,472,4.65738212363659,10.4800833208018,14.2591005331158,2.62166800750731e-07,7.65911386486428e-07,7.65624100862107,25.2354887561315
AT5G25950.1,1228,4769,3243,806,727,510,473,1.99506729035623,10.3846666399828,4.26013765996742,0.0023088243763211,0.00311942857624013,-1.82756931957171,3.98634697865235
AT5G26250.1,599,1066,924,1098,1052,952,474,-0.299041696386972,9.86334508376815,-1.0933764418966,0.303733509792582,0.32344140928294,-6.6113354503764,-1.23032690281703
AT5G26630.1,778,1226,779,1110,1223,926,475,-0.252575702411031,9.95086430636358,-0.937049226026472,0.374149870974483,0.39391627925238,-6.76854700460333,-1.19133215145385
AT5G26650.1,6706,6729,5983,280,419,249,476,4.38676033785031,10.4648655431082,16.6456784535634,7.17266063802565e-08,3.05522491299108e-07,8.912824956973,20.919266155514
AT5G26700.1,198,289,185,2452,3174,1929,477,-3.48385500186444,9.52715834148776,-12.1282669460507,1.00090036212927e-06,2.24298153441017e-06,6.31417028692495,-11.1878041745952
AT5G27910.1,255,300,183,81,57,57,478,1.8945558793145,6.97178260461499,6.81573938411343,9.37779557994959e-05,0.000143364655715394,1.57190739776355,3.71807501832549
AT5G27960.1,3131,3178,2512,71,94,62,479,5.27512007367883,8.87658021459714,20.867547190223,1.05964218958773e-08,1.06632685238824e-07,10.6675248255497,38.7230335898861
AT5G28000.1,1120,1406,1100,1138,953,854,480,0.300799277373146,10.0807923378489,1.26017469540532,0.2405317556194,0.25910563636221,-6.42380322741074,1.2318266770795
AT5G28530.1,2011,2199,1781,91,96,64,481,4.57704713615563,8.67047110516868,18.2322977136863,3.32798966770349e-08,1.81826682588903e-07,9.63332835777204,23.8686842589785
AT5G28646.1,83,83,49,41,51,38,482,0.683443891850049,5.80110839918572,2.41336763043877,0.0400728902502983,0.0474748890863406,-4.76505642238319,1.60596882974111
AT5G32619.1,2291,2311,1369,69,72,104,483,4.57464136520479,8.6317717137661,15.3332470343363,1.4292150708274e-07,4.80369295954936e-07,8.25021119969259,23.8289151223372
AT5G34940.1,9158,10300,7420,4599,4281,2993,484,1.18984110399742,12.5213691294239,4.49409865767558,0.00165766808645393,0.00229523273509006,-1.47795212955448,2.28127616198464
AT5G35490.1,377,335,277,6,1,0,485,7.08871533255525,4.81347597363016,11.7498021955381,1.29816687251507e-06,2.75428560784567e-06,6.04948708914661,136.11812113772
AT5G37290.1,1614,1733,1178,77,57,29,486,4.85676027539484,8.11180474089687,13.242187660272,4.8477304159273e-07,1.24655924980988e-06,7.0452253990447,28.9754723635626
AT5G37420.1,155,234,88,9,53,40,487,2.40109499824158,6.01200336634376,3.87986359256668,0.00402322541564397,0.00530723352701971,-2.4111193311036,5.28203916307357
AT5G37560.1,367,403,392,3,4,1,488,6.82607694872669,5.18701450599246,19.85208359116,1.61857747099787e-08,1.25439754002335e-07,10.2906732957679,113.462909083245
AT5G38140.1,400,480,339,6,1,9,489,6.27915314313923,5.51600424388461,11.8014735621427,1.25233504494424e-06,2.69158725851026e-06,6.08614198103309,77.6628713892743
AT5G38195.1,2874,4132,2440,2497,2537,2043,490,0.387454290829369,11.3914650108769,1.44163788593164,0.184602073941721,0.201581129666302,-6.19949986969253,1.30808318653913
AT5G39260.1,34832,38111,27360,26481,25025,20694,491,0.468366319609059,14.7811362225346,1.9276341596814,0.0873009438578431,0.0998236202308943,-5.51877304555332,1.38354188424456
AT5G39440.1,678,843,724,431,436,423,492,0.791968903875645,9.14741692734691,3.60233808146863,0.00611038430448507,0.00782017073830887,-2.84765612179854,1.73143581093908
AT5G39560.1,267,525,280,181,230,131,493,0.945165566332598,7.94056205015737,2.78714522635796,0.0219493940894808,0.0266835771283884,-4.16252815192498,1.92540983709408
AT5G40570.1,731,769,564,63,58,67,494,3.42547188018556,7.70277123696351,14.6413029520315,2.1026727898448e-07,6.41142850673989e-07,7.87332029239689,10.7440936517418
AT5G40600.1,994,1030,797,78,61,54,495,3.85642983231094,7.94132717351835,15.5685210980026,1.25803696171619e-07,4.41499763923042e-07,8.37385878152499,14.4844182082212
AT5G40680.1,2601,2923,2201,2940,3044,3032,496,-0.23237192269011,11.4374298267566,-1.029999795685,0.330941548199496,0.351074874325701,-6.6773568583,-1.17476478320946
AT5G41260.1,2082,2652,2003,99,100,117,497,4.39393738519206,8.92520559989215,18.8313620550341,2.53168703904936e-08,1.5355232258582e-07,9.88501238433512,21.0235935637688
AT5G41610.1,5898,7061,5203,698,730,635,498,3.12725394989793,10.9888800404864,13.5280605068073,4.06102701624381e-07,1.1000257645942e-06,7.22212368870177,8.73770228164188
AT5G41750.1,185,241,192,53,158,111,499,1.05845123538176,7.15426741085936,2.7500595435693,0.023295220191569,0.0281357854261807,-4.22267946547305,2.08269450314178
AT5G41830.1,366,409,399,17,5,7,500,5.36269501331997,5.93297667404781,13.8718957239456,3.29681264795007e-07,9.19810728778069e-07,7.42949225200274,41.1464201700205
AT5G41850.1,1201,1192,895,26,79,56,501,4.44974960641615,7.86144334027993,11.4012418268081,1.66057963285807e-06,3.39415177705056e-06,5.79780539537535,21.8528510066897
AT5G42235.1,37043,46201,29772,1093,904,555,502,5.49940828431186,12.4284081679848,17.4917567168262,4.72343795133469e-08,2.25271656140577e-07,9.30721594604359,45.2362767098967
AT5G42670.1,482,478,406,76,82,73,503,2.54578895705581,7.5566542577515,11.578545309433,1.46389316279522e-06,3.02537920311012e-06,5.92680039643215,5.83927378885181
AT5G42690.1,4177,4652,3431,39,25,15,504,7.31166942443181,8.32995731655873,21.167989383352,9.38383203798326e-09,1.00695736099897e-07,10.7742626410079,158.86631251112
AT5G42930.1,6444,6543,5270,53,52,14,505,7.43469470019504,8.84724686754258,15.7847854704837,1.1206085265971e-07,4.14105667444492e-07,8.48558376969631,173.00797120472
AT5G43420.1,2246,1941,1669,6,5,0,506,9.12347561972725,6.35917695078988,13.9678213205485,3.1131729250849e-07,8.81181517773118e-07,7.48632399882481,557.750317587794
AT5G43780.1,2860,3440,2545,387,269,293,507,3.22284395962907,9.90355557450597,12.8203221997741,6.33642425053548e-07,1.52889994362348e-06,6.77640856395515,9.3362549604667
AT5G45980.1,336,494,316,288,285,222,508,0.506843869029623,8.2986542409146,1.91715726592585,0.0887604317308744,0.101284909827869,-5.53440212771504,1.4209382584466
AT5G46230.1,1355,1482,1185,33,7,5,509,6.82630243272183,6.97062633035141,11.9647195379861,1.11892884624706e-06,2.44847959296416e-06,6.2008623226279,113.480643995151
AT5G46540.1,30403,35566,24908,5535,5152,3786,510,2.65397995429068,13.5445449140367,10.2121741416563,4.05616954784219e-06,7.39654446959458e-06,4.87698122913468,6.294012109271
AT5G46810.1,13094,13350,11408,8886,8263,7621,511,0.611071381179588,13.3142220920932,2.77434286611168,0.022404778204218,0.0271190157005502,-4.18329762603609,1.52739306793123
AT5G47175.1,64,56,57,20,34,20,512,1.26644031993943,5.27119278080388,4.66195609342207,0.00131340733032648,0.00182763414045431,-1.23179585511112,2.40567261273968
AT5G47620.1,4840,5464,4128,227,357,253,513,4.12109379479838,10.1623437234662,15.7566023295032,1.13753373395081e-07,4.14865244146766e-07,8.47112726830569,17.4009455150162
AT5G47770.1,10935,11438,8718,531,591,500,514,4.25167173774197,11.2036367336461,18.4073653444953,3.06966952451286e-08,1.7842454111231e-07,9.70796782272169,19.049374715149
AT5G47790.1,6722,7160,5374,134,184,181,515,5.26563070921094,10.0048125871941,21.2078074238148,9.23505929562653e-09,1.00695736099897e-07,10.7882520700982,38.4691676411252
AT5G48650.1,14169,19690,13153,403,495,283,516,5.32561997982292,11.2501949607926,18.3141270468519,3.20435295797218e-08,1.80608984903886e-07,9.66832975867257,40.1024918687823
AT5G48670.1,397,468,387,34,44,51,517,3.26280191461014,7.07192623444365,13.2614537569581,4.78969784541553e-07,1.24309367336831e-06,7.0572784777786,9.59845307853969
AT5G48970.1,1263,1567,1167,174,193,147,518,2.94924594384131,8.89481541180346,12.2775661899422,9.0512150925747e-07,2.05308049660841e-06,6.41621644658365,7.72345274452219
AT5G49040.1,1834,3335,2227,56,17,5,519,7.02640797406235,7.70912982580725,10.1356359175741,4.30929418755388e-06,7.83252819757351e-06,4.81415953738593,130.364565641192
AT5G49160.1,1451,1914,1476,272,288,201,520,2.66983807313351,9.3102171386242,10.5648714016009,3.08407835558265e-06,5.75557097797699e-06,5.16070795822473,6.36357758740936
AT5G49810.1,27780,28001,23733,1899,1559,1125,521,4.14453855967682,12.6176376561878,15.7270560554137,1.15558337600227e-07,4.16010015360819e-07,8.45593850736071,17.6860327405024
AT5G49830.1,15642,16801,13299,1135,1170,908,522,3.83243487008644,11.9733537564432,16.3414573701414,8.37631851377907e-08,3.41166841656111e-07,8.7649574365248,14.2455050929247
AT5G49890.1,7358,7814,6461,676,762,595,523,3.41245647385315,11.1054681672171,14.9376790698274,1.77855317066237e-07,5.60615177647351e-07,8.03722838841604,10.6476007345534
AT5G49900.1,19997,19065,16202,490,451,334,524,5.44749351849901,11.4396719132745,22.0299573156374,6.68159500197217e-09,8.94739456900043e-08,11.0691757609669,43.6374084065115
AT5G50470.1,617,916,576,794,1000,681,525,-0.243665592628997,9.5500556163628,-0.882242857485755,0.401491131749661,0.421112878790058,-6.81902071998701,-1.1839971371725
AT5G51450.1,2484,2886,2494,17,33,42,526,6.45851901050517,8.12381037105083,19.323002696732,2.03519701255433e-08,1.38492674756746e-07,10.083925155525,87.9443512884281
AT5G52610.1,1454,1434,1330,1458,1416,1119,527,0.0877540291632339,10.4134340905086,0.385782546021981,0.708971377539217,0.728556222222621,-7.15064039595815,1.0627144724793
AT5G53150.1,4249,5152,4118,1186,994,717,528,2.24434181501258,11.0086698971383,8.49203672380208,1.75352320684396e-05,2.92953877071536e-05,3.34612858430421,4.73820892933256
AT5G53250.1,4777,4686,3851,1538,1569,1336,529,1.57964069852609,11.3195237193299,6.9754678625128,7.89282167229271e-05,0.000121662831302191,1.7549532345252,2.98895400914675
AT5G53870.1,9853,10340,8533,1278,1480,1170,530,2.87163546697667,11.7847116783789,12.5952537760533,7.33377065962783e-07,1.71223599500934e-06,6.6290572333863,7.31894379696876
AT5G54067.1,668,1096,669,84,110,53,531,3.30484439724617,7.97198696684018,9.8356678577315,5.4841866520866e-06,9.83979470052837e-06,4.56349966356482,9.88228317985232
AT5G54095.1,49,65,31,1306,1736,1149,532,-4.86453110040146,7.99501565324512,-15.2809942783803,1.47065378200478e-07,4.88467149023015e-07,8.22244715126459,-29.1319647687644
AT5G54350.1,90,317,422,864,895,605,533,-1.75396459315055,8.72537944610961,-3.35370215957241,0.00895956316881509,0.0113882374674233,-3.24496551542218,-3.37284166317211
AT5G54360.1,76,222,147,216,247,145,534,-0.54281076515574,7.36378531799259,-1.35333168781625,0.210245384052145,0.228687961600579,-6.31109778204337,-1.45680801535608
AT5G54650.1,8828,9912,7636,651,745,462,535,3.84510076448077,11.1714265014892,14.6231648348287,2.12454317721856e-07,6.44290811352151e-07,7.8631654090587,14.371121676562
AT5G55690.1,352,392,326,2,0,0,536,7.95003140010224,4.50333653362484,18.9478513855534,2.40289489838888e-08,1.49876091833912e-07,9.93275133010017,247.285082279382
AT5G56430.1,149,213,118,102,41,48,537,1.39052521537593,6.59310520571369,3.63812983512175,0.00578647652686688,0.00747419884720305,-2.79091011705197,2.62174108292682
AT5G57900.1,4340,5369,4272,74,129,68,538,5.72528024050142,9.31587710701821,19.3568615084039,2.00522354155429e-08,1.38492674756746e-07,10.0973794587677,52.903095679808
AT5G58030.1,2247,2483,1813,128,122,60,539,4.45111847354818,8.85371893621589,13.4858733390539,4.16764138237301e-07,1.11804994777122e-06,7.19627847303844,21.8735954083517
AT5G58550.1,1599,1892,1572,97,95,82,540,4.19163535490361,8.62072160284623,18.6979534227165,2.68871118195775e-08,1.59606472290683e-07,9.82986621485158,18.2729208354025
AT5G58760.1,601,815,477,117,203,51,541,2.5171345724125,8.01040332269773,5.37708407934763,0.000509993320017463,0.00072595987900445,-0.228399584647971,5.72444002230029
AT5G58840.1,37724,43937,33183,29053,29397,22977,542,0.495589953672775,14.9670767032763,2.07955078258258,0.0685509124056016,0.0788688847883004,-5.28862522136689,1.40989717909315
AT5G60440.1,1877,2095,1494,1657,1641,1443,543,0.19400412937199,10.7211093080729,0.82200030048403,0.433143868931491,0.452611009108187,-6.87155628929166,1.14393424743928
AT5G60760.1,2620,3209,2547,1035,1297,692,544,1.50793809492383,10.6858338800695,5.27338442374655,0.000582334893133091,0.000824728097381383,-0.3693167347605,2.84403278301787
AT5G61490.1,118,116,142,48,40,0,545,3.31759732364548,5.31621927806717,2.62538308787886,0.0284677543677953,0.0340879977193772,-4.42448293932231,9.97002639206399
AT5G62140.1,2062,2070,1964,12,5,7,546,7.89385044079691,7.04205929335254,25.8124269186491,1.72822577141584e-09,4.996064424615e-08,12.1899630090728,237.840475231056
AT5G63230.1,314,538,189,615,627,330,547,-0.662963202307674,8.64588329764408,-1.5891481999474,0.147843675267611,0.162715524259027,-6.00377788994036,-1.5833313464351
AT5G63740.1,77,132,75,111,174,107,548,-0.474947122748792,6.7670109506434,-1.50616081734042,0.167630653353144,0.183767985404822,-6.11524800039829,-1.38986727788583
AT5G64400.1,7078,7919,6041,751,549,604,549,3.46758568384524,11.0333488393398,14.3438666665617,2.49531668209634e-07,7.40631227983915e-07,7.70495292410697,11.0623476679161
AT5G64430.1,19661,22029,18341,435,399,256,550,5.81183420223826,11.3784721223676,21.5396499237818,8.09249234660422e-09,9.40752235292741e-08,10.9034408488652,56.1741390175363
AT5G65160.1,2035,2509,1681,101,98,54,551,4.6392712698644,8.68068286012412,14.9706188639851,1.74610144320929e-07,5.60615177647351e-07,8.05521316456078,24.9206755066245
AT5G65870.1,3287,3242,2640,12,26,18,552,7.33657391485215,7.90270520200879,24.1942268801632,3.00510057610805e-09,5.98873614810105e-08,11.7422445741483,161.632545955635
AT5G66100.1,1470,1546,965,162,195,138,553,2.98377977348995,8.85268291043491,10.8810867632015,2.42853945336443e-06,4.73819935306766e-06,5.40730899154782,7.9105596968085
AT5G66250.1,2167,2359,1873,36,107,45,554,5.22357419980427,8.44108804118528,13.4226896120713,4.33318012164649e-07,1.14593104638803e-06,7.15740279048851,37.3639273281893
AT5G66750.1,1588,1933,1464,224,196,209,555,2.97262730326514,9.20300649441242,13.0080954541969,5.61890360498141e-07,1.39970902302662e-06,6.89722737849448,7.84964442126103
AT5G66910.1,3316,3694,2746,138,106,99,556,4.82213296399934,9.24582123163279,19.494232719428,1.8885572749411e-08,1.35104481976556e-07,10.1516491819802,28.2882880249625
AT5G66985.1,24,36,6,3,2,0,557,3.02523399224671,2.70760449636374,4.46538455837735,0.00172572241217125,0.00237766199010261,-1.52045608092189,8.14115785281813
AT5G67620.1,8645,10463,6749,780,642,615,558,3.64899850901823,11.2260459898974,14.3244145401967,2.52370200305346e-07,7.4509297233007e-07,7.69380345593079,12.5446343007043
