AT1G02790.1,247,129,164,1148,1667,1430,1,-3.0033294250521,8.94929349174643,-9.88519084585642,4.6035009318792e-07,8.39461934636796e-07,6.79138068133004,-8.01848357252276
AT1G02940.1,7344,8738,6679,1104,1423,843,2,2.77825612523806,11.4913491539365,9.85697941401921,4.74553016044755e-07,8.62542615481998e-07,6.76030808786508,6.86022609796826
AT1G04445.1,1016,1076,863,1118,1419,895,3,-0.196410152286955,10.0374697429985,-0.719402276087128,0.485874862487392,0.525422816410784,-6.91943941205921,-1.14584361032017
AT1G04540.1,2482,2709,1805,618,941,861,4,1.53186831732759,10.4009084613025,5.37484724924329,0.000175708280990026,0.000242086964919591,0.64794803304125,2.89160064482896
AT1G05160.1,7903,9176,6544,3293,3585,2810,5,1.27923308324052,12.2898339919453,4.8579523410533,0.000410354906144056,0.000554426241230952,-0.228457728458432,2.42709921337725
AT1G05820.1,463,561,428,56,150,91,6,2.38079481443374,7.72201631039915,6.89380562604856,1.80205428475815e-05,2.65315644035633e-05,3.00880922632737,5.20823597050446
AT1G06470.1,1956,3018,1983,64,109,58,7,4.92070293887079,8.68914166140704,15.5870496044098,3.05031440784318e-09,1.17508970031391e-08,11.7974076696498,30.2885989203597
AT1G06660.1,330,342,242,291,196,171,8,0.493141181182439,7.99261763493738,1.68948833992409,0.117306310041426,0.139865215818623,-5.81461101743409,1.40750610620273
AT1G07135.1,1102,18592,12636,107,181,210,9,5.31042469469688,9.98313945770489,6.64381735413459,2.56569692707896e-05,3.72827834716161e-05,2.64240587665585,39.6823262005859
AT1G07690.1,110,157,104,119,167,79,10,0.0637686729728975,6.90559637424466,0.198736593619909,0.845846327382025,0.867614431395533,-7.17131141891709,1.04519249676074
AT1G07705.1,2306,3216,2274,554,664,508,11,2.16329233386915,10.2433382795018,8.0387239401289,3.94643376353744e-06,6.16837546233582e-06,4.58140519468446,4.47935911698098
AT1G08030.1,8708,10755,7726,500,671,410,12,4.11761976006015,11.0734694799153,14.5605035274112,6.57617530862981e-09,2.14590983755289e-08,11.0514000235056,17.3590941453544
AT1G08065.1,263,406,261,452,419,235,13,-0.22451790063735,8.36115965203939,-0.696834765610507,0.499382648172695,0.53898552742817,-6.93597030136665,-1.16838674841016
AT1G09380.1,556,805,456,390,488,429,14,0.439770533025673,8.98418803379585,1.54090986468713,0.149674293512147,0.176571365284943,-6.02633124218749,1.35638857073792
AT1G09550.1,2142,2597,1829,2657,2869,2182,15,-0.236275680844724,11.2002144348543,-0.887181391226089,0.392676462550384,0.433888051689335,-6.7817114184435,-1.17794785908435
AT1G09880.1,5713,7487,5219,4817,5855,4451,16,0.276775912704181,12.4284400876402,1.03171065545398,0.322857808762209,0.362484219898013,-6.64306369776306,1.21148447141159
AT1G10010.1,1125,1522,1032,1373,1772,1232,17,-0.253928105562345,10.3677360119254,-0.915439180753036,0.378259817289538,0.419620234687002,-6.75601752903882,-1.19244944700778
AT1G11420.1,358,426,269,90,149,87,18,1.70223431372083,7.58313213997104,5.595628824326,0.000123713155514028,0.000172020846045466,1.01121676324216,3.25404525177651
AT1G11580.1,32190,42993,31359,76,63,52,19,9.10271614551978,10.5495937378459,33.3703959644455,4.62257656282655e-13,4.52694321791334e-11,19.3169527285594,549.782107585314
AT1G14580.1,353,464,302,64,59,32,20,2.86607130385197,7.09091982792446,8.96193642940695,1.29214476196734e-06,2.16521554708041e-06,5.73276922002798,7.29077057570379
AT1G15760.1,800,1636,862,32,19,9,21,5.79582115964288,7.1273273495325,13.6736025083592,1.32976831649866e-08,3.84461513267487e-08,10.3597876781723,55.5540875055171
AT1G17770.1,1502,1543,1056,4350,4580,3718,22,-1.63914372970114,11.2168538623729,-6.09669966807897,5.72300532762898e-05,8.12579382396175e-05,1.81027426467199,-3.11480906424989
AT1G17820.1,8395,9921,7362,1985,2090,1371,23,2.25009588635555,11.9276119499414,8.1261259060059,3.53669771499337e-06,5.62244252127151e-06,4.69467084554377,4.75714462530563
AT1G17860.1,2932,4001,3165,242,380,202,24,3.6497722465052,9.87948465934736,12.1748097698868,4.81923775318727e-08,1.15910976994763e-07,9.07833233172805,12.5513639676184
AT1G17950.1,456,1095,541,1,0,1,25,8.67207715979082,5.00270524656208,22.6102635384466,4.30253663167815e-11,7.27519830447397e-10,15.7217004174129,407.901544550454
AT1G18250.1,871,967,764,519,568,476,26,0.731288462763663,9.38981026849535,2.88818990827815,0.0138096483159504,0.0172388898440723,-3.79476969799447,1.660121074477
AT1G18350.1,247,384,230,227,267,152,27,0.412764313356676,7.92517117245006,1.32843861494784,0.209113120954253,0.241584102468889,-6.3058975187877,1.33123411770094
AT1G19140.1,3064,3973,2623,92,152,71,28,4.97637595506763,9.14367852928148,15.4428637347238,3.38825620842725e-09,1.26889058006873e-08,11.6959365031619,31.4802688124008
AT1G19640.1,3118,3128,1651,24,40,44,29,6.13836348710401,8.23360217379283,18.1622698211827,5.35498991208406e-10,3.69738811340692e-09,13.4483252348698,70.4419766241629
AT1G20140.1,3384,4659,3201,769,1104,714,30,2.12515574299782,10.7893594453412,7.44935469047632,8.45575073843716e-06,1.27867450191001e-05,3.79298500034005,4.36250184961825
AT1G20500.1,3775,4717,3205,91,81,90,31,5.44808428729402,9.18701167727161,20.7711380518105,1.14625513916213e-10,1.42858126805096e-09,14.8573215542814,43.6552811359629
AT1G20690.1,1643,1954,1202,641,828,552,32,1.23852498473324,9.99686030865087,4.29690210040923,0.00107347146666632,0.00142279591068837,-1.21738403929705,2.35957165682989
AT1G20730.1,16194,19751,13843,15,22,20,33,9.69802193871833,9.15430409563776,35.4503199404969,2.27705029684051e-13,4.52694321791334e-11,19.8077148958073,830.606838054326
AT1G20910.1,620,759,628,609,636,550,34,0.157165923384342,9.30315746278474,0.624560716431137,0.544127621116188,0.582770081732885,-6.98562485186509,1.11509445761527
AT1G20940.1,784,937,663,166,155,100,35,2.51257146451773,8.36539173028823,8.6950976395564,1.76801321495015e-06,2.90162168806524e-06,5.40998482278288,5.7063627636026
AT1G21790.1,869,1254,750,40,31,35,36,4.69451177700937,7.52308155719148,16.6975277951734,1.39744972255285e-09,6.90068093083619e-09,12.5452380492875,25.8933868555441
AT1G22015.1,1938,2291,1563,1781,2075,1401,37,0.140790076760208,10.8277760330102,0.507931841745203,0.620846654285797,0.656122032370217,-7.05494528483014,1.10250872788571
AT1G22040.1,2355,3400,2220,85,128,70,38,4.82120722081842,8.93968332028589,15.7789421173738,2.65588835655218e-09,1.06617676471663e-08,11.9308447209031,28.2701419242383
AT1G22180.1,1793,2488,1868,106,134,77,39,4.28489358044374,8.84367505765995,14.7585989035836,5.64891642068656e-09,1.91555081320419e-08,11.199735002287,19.493126266706
AT1G22420.1,239,276,219,813,932,686,40,-1.71893068958458,8.79346283651975,-6.60555247320766,2.71022601506401e-05,3.91789149327906e-05,2.58556436722519,-3.29192322568994
AT1G23320.1,0,2,3,73,151,55,41,-5.22659110013633,3.80828305030855,-10.5158451429275,2.37541933576688e-07,4.49316606562007e-07,7.4663349015026,-37.4421428794359
AT1G23360.1,1043,1209,850,84,68,68,42,3.79175760024126,8.10469208335197,14.3563954679536,7.70616252519706e-09,2.41575207250559e-08,10.8962756028049,13.8494578847776
AT1G27000.1,5279,6578,5049,371,397,247,43,4.07402091404284,10.4136703710343,14.4859633213022,6.96660772671091e-09,2.2341190296004e-08,10.9950203671151,16.8423426287668
AT1G27130.1,13441,17302,13214,203,267,200,44,6.03117244780992,10.812108298441,22.7100771174799,4.08871085005474e-11,7.12968954478295e-10,15.7659350832454,65.397901949799
AT1G27600.1,5739,6921,4815,183,149,126,45,5.24545419705438,9.86974887630221,19.1738245100948,2.87757022627445e-10,2.43670744425223e-09,14.0227131474265,37.9349096637674
AT1G28460.1,23,52,26,55,134,141,46,-1.65538239372177,5.85028134934349,-4.06047648567267,0.00162884204024915,0.00213857378460948,-1.64397983572962,-3.15006673698266
AT1G29080.1,886,1205,783,1708,1738,1257,47,-0.718793591848556,10.2405682393631,-2.56786948680736,0.0248936086917881,0.0307996311530327,-4.37073736078994,-1.64580520634003
AT1G29960.1,841,1131,785,99,59,43,48,3.82351392137878,7.91514976202957,11.624299057357,8.00742497342625e-08,1.7591114705401e-07,8.56783737842101,14.1576893639106
AT1G32120.1,7642,8532,6710,1539,2193,1790,49,2.05882020716758,11.8609474595743,7.7916617740486,5.40508719163664e-06,8.35467770895636e-06,4.25619031524672,4.16645444806252
AT1G34170.1,1027,1376,1048,500,667,553,50,1.00054103472922,9.65564160127076,3.77416500118818,0.00272083051313527,0.00353075215425461,-2.16646738890892,2.00075017404939
AT1G34180.1,447,592,508,311,354,273,51,0.718551848821493,8.64431242981569,2.76399622255669,0.0173632774188972,0.021578416035066,-4.01981672998698,1.64552945256702
AT1G34650.1,59,67,36,1531,1629,1241,52,-4.77549982892536,8.12235218195861,-16.094793761768,2.12164828695897e-09,8.90135145957222e-09,12.1465703522294,-27.3885280710728
AT1G35660.1,6582,8102,6073,713,819,557,53,3.31793980848411,11.08676379603,12.2685964516554,4.4286297281991e-08,1.07911589010266e-07,9.16305027380678,9.97239348151349
AT1G43020.1,146,152,124,0,0,0,54,7.14094815739703,3.57047407869852,28.7463692028048,2.64146432141156e-12,1.05281220810546e-10,18.0222084069469,141.136581101589
AT1G43800.1,1351,1441,2608,30,56,15,55,5.81897659659628,7.83851707314868,13.5416662669183,1.48174528543827e-08,4.17582762259877e-08,10.2528855514688,56.4529315855487
AT1G44130.1,5058,6644,4655,4804,5980,4160,56,0.129453019968624,12.3311286069754,0.472734500415831,0.645012443575892,0.679088572670467,-7.07318647968127,1.09387889194019
AT1G44750.1,4480,5152,3858,211,321,194,57,4.23621519013979,10.006830143879,14.8953176020497,5.09183514603642e-09,1.80970956145753e-08,11.3008600628617,18.8463755198281
AT1G47490.1,479,643,493,543,653,463,58,-0.0374719855227283,9.08079422786397,-0.139542999497196,0.891370674635294,0.909295861876589,-7.18208326924928,-1.02631385457446
AT1G47760.1,146,211,181,171,162,124,59,0.231536748667665,7.36269410553225,0.85219336653979,0.411042391881197,0.45149932021596,-6.81254597060334,1.17408491042402
AT1G48910.1,48,119,79,615,836,503,60,-3.03654058071136,7.79944646855937,-8.70886188365822,1.73934040273807e-06,2.86298508769275e-06,5.4268284501672,-8.20521183642055
AT1G49290.1,78,28,35,2611,3332,2179,61,-5.93732348619133,8.41255732467799,-16.1605778825231,2.02572442460457e-09,8.76243588317326e-09,12.1909006033102,-61.2791120036855
AT1G49600.1,1813,1878,1328,868,837,726,62,1.03233437559713,10.1761106392763,3.91205322242267,0.00212295837379901,0.00277426410440245,-1.91415279512941,2.04533105574021
AT1G49640.1,6042,7945,4659,83,63,37,63,6.68764386936902,9.22390358009196,19.816601008469,1.97018509679317e-10,1.89545393794929e-09,14.3687087425064,103.081660308291
AT1G52460.1,81,133,98,1,0,0,64,6.35099927171849,3.50883296919258,19.0594485025474,3.08208551249612e-10,2.54087483857066e-09,13.9596417794731,81.6283998608879
AT1G53520.1,937,1307,953,269,420,372,65,1.59563751788217,9.24366003906524,5.65430935333021,0.000112828407819456,0.000157395628908141,1.10662366696613,3.02228040282656
AT1G54570.1,358,417,226,30,37,38,66,3.17807387016738,6.75154561598126,10.8092348874303,1.76540353524248e-07,3.45647429005369e-07,7.76800441348768,9.05097912726605
AT1G54575.1,3548,5394,2897,17,15,16,67,7.81135271343353,7.99147230428098,27.0456725516563,5.37688344095819e-12,1.66683386669704e-10,17.46111874484,224.621577768057
AT1G55050.1,948,904,739,120,120,137,68,2.76572292939354,8.36494510847256,10.8928411695743,1.6242161883717e-07,3.21387458550145e-07,7.85259590928286,6.80088703990289
AT1G55560.1,335,186,162,2608,4334,3344,69,-3.95031598851934,9.73780467322549,-11.9757368110542,5.77714239921135e-08,1.3603333142925e-07,8.8963671484007,-15.4583666847785
AT1G55650.1,685,913,674,9,10,37,70,5.54252386206695,6.78102434002289,12.516499076683,3.55137011914714e-08,9.00756602947319e-08,9.38393640720599,46.6085867033717
AT1G55920.1,4376,5231,3629,75,42,37,71,6.45083584847699,8.86612451810159,20.5064963863963,1.32877711297921e-10,1.54470339383833e-09,14.7247575691099,87.4772430953457
AT1G57590.1,514,707,376,0,0,2,72,8.4831641282337,4.76990289769057,20.1754187041261,1.60268672875186e-10,1.75342236987502e-09,14.5558121204365,357.838331964168
AT1G57800.1,436,694,352,3830,4254,3400,73,-3.00476966910747,10.3943458380146,-10.0083671183588,4.03479424257568e-07,7.40597101104351e-07,6.92614827424176,-8.02649243050478
AT1G57820.1,8640,9465,7203,2806,3330,2330,74,1.58560598743669,12.2405650858236,5.94895200457669,7.15747749711722e-05,0.000101110694769403,1.57834537860491,3.00133839146765
AT1G59800.1,83,91,54,82,56,53,75,0.244807381561766,6.11000934000593,0.817892887527752,0.429598893477025,0.470955172023929,-6.84170820705098,1.1849345562986
AT1G59890.1,3037,3663,2629,2135,2326,1843,76,0.558460886418816,11.3104218990502,2.12974414901533,0.0549195572068688,0.0663314132498546,-5.12430315733641,1.47269725801811
AT1G59930.1,120,154,82,28,14,16,77,2.57256421396978,5.5703935843137,7.72058438801339,5.92467788471507e-06,9.13251452947792e-06,4.16122855797923,5.94865790376787
AT1G60220.1,3279,4185,3024,962,942,777,78,1.95914127643524,10.7782814027192,7.45951019525619,8.34255402548154e-06,1.2684319199506e-05,3.80694252915295,3.8883046969308
AT1G60400.1,20,47,4,819,1125,768,79,-5.70136766038674,6.95041983632246,-9.29381837533664,8.83494178229414e-07,1.53579361823057e-06,6.12345088740264,-52.0334571873545
AT1G60410.1,31,15,10,137,270,204,80,-3.47024065966673,5.88826420271246,-8.81619168209271,1.53215109109754e-06,2.55206062338038e-06,5.55744397804678,-11.0827243284216
AT1G60440.1,4565,5556,4111,74,59,73,81,6.08575585554524,9.15793214501707,23.3063819445091,3.0285977184967e-11,6.02366576040934e-10,16.0248410412999,67.9195905009772
AT1G60970.1,166,203,111,30,69,35,82,1.87002674257633,6.35281481421288,5.28832966849656,0.000201984390751341,0.000277604162658247,0.503755234759852,3.65539355864359
AT1G61090.1,9774,11975,8359,2086,2616,1917,83,2.18190887362758,12.1863878032225,8.09183922041986,3.69172591424731e-06,5.85222460269886e-06,4.6503480688488,4.5375353218648
AT1G61097.1,2941,3627,2247,3,1,5,84,9.63233469709438,6.67782151545424,25.295531804657,1.17088579096855e-11,2.9697921425475e-10,16.8265180205706,793.636571144859
AT1G61330.1,451,652,298,968,1264,768,85,-1.13899816493295,9.36787235518638,-3.44294496448874,0.00497084773636828,0.00637639778596207,-2.77592067282611,-2.20228039495614
AT1G62305.1,1456,1736,1311,421,465,320,86,1.90566812830308,9.59007233764613,7.07796791203521,1.39628050827983e-05,2.07766539632039e-05,3.27330384472213,3.74682378425003
AT1G62333.1,42657,48923,35514,128,160,96,87,8.37762244603308,11.1694968815915,29.5764337176841,1.89488820706381e-12,8.13344322724311e-11,18.2780709423176,332.594948344831
AT1G62340.1,5224,6128,4241,2339,2855,2011,88,1.11223084951172,11.771611314191,4.08139917782302,0.00156942863931891,0.00206542731306592,-1.60603043098179,2.16179669130467
AT1G62660.1,6583,7143,6198,308,249,168,89,4.81565267511324,10.2872019205062,16.7948722138989,1.30803024975033e-09,6.69714854326398e-09,12.6080787384082,28.1615078118333
AT1G63010.1,7432,8821,6561,266,365,237,90,4.72510842766983,10.5196253915948,17.1555251672785,1.02694084862596e-09,5.77768510691209e-09,12.8372806213848,26.4483978708546
AT1G63055.1,7404,10336,6867,6592,9702,6745,91,0.0949123817965685,12.9310398996848,0.333136623344523,0.744866152064509,0.775439016514918,-7.13300554374532,1.06800054393736
AT1G63090.1,8079,11108,8334,184,315,223,92,5.2673434218849,10.5145107545261,18.2245534014577,5.14930016109687e-10,3.69738811340692e-09,13.4847994673578,38.5148638926815
AT1G64630.1,4324,4683,3461,482,595,380,93,3.10690156682935,10.4563491456784,11.2294690984145,1.16733969968046e-07,2.4035998244343e-07,8.18720226219943,8.61530317877304
AT1G64750.1,2800,3558,2639,317,392,235,94,3.26713106430843,9.90486936778915,11.5291087487193,8.76041111141163e-08,1.91198273409056e-07,8.47720691488206,9.62729877809388
AT1G65300.1,2376,2877,1876,2084,2327,1681,95,0.217773666006051,11.0844431668348,0.788926775295188,0.44569189614312,0.486685084242389,-6.86550149120254,1.16293758236688
AT1G65360.1,29,73,27,811,1053,1062,96,-4.61240735568614,7.61410330560809,-12.6203393346889,3.24135683600041e-08,8.41245169529408e-08,9.47516986969515,-24.4609300829805
AT1G65770.1,228,392,205,7568,8892,7082,97,-4.88346549047295,10.4897626844161,-16.2407840596263,1.91506635388901e-09,8.48100813865133e-09,12.2446739984924,-29.5168219401608
AT1G65860.1,292,320,264,10,3,8,98,5.31389275697183,5.53339858517912,14.821892357685,5.38323938654852e-09,1.86574383707707e-08,11.246676290674,39.7778324017918
AT1G66630.1,146,173,114,1614,1444,1228,99,-3.30977851190418,8.81759121982858,-12.1974701874743,4.72157092699558e-08,1.1405353148327e-07,9.09886027603788,-9.91613911880012
AT1G67390.1,18,25,11,403,480,298,100,-4.41959216947137,6.38757266217096,-13.4416751008516,1.60939825927771e-08,4.49022114338482e-08,10.1711446419063,-21.4007903051669
AT1G67500.1,3073,3485,2960,479,747,494,101,2.49335243617696,10.3816994749095,9.0957403382552,1.10710147335946e-06,1.87769793961879e-06,5.89169402228407,5.63084889417542
AT1G67820.1,977,1604,917,6790,8372,5533,102,-2.5902151916685,11.4365737892928,-8.5836921569065,2.01962855392158e-06,3.27602538688443e-06,5.27286860104072,-6.02188514402537
AT1G67830.1,2270,2501,2399,8711,10970,7851,103,-1.927414450959,12.1859728106024,-7.47676282197819,8.15394596276503e-06,1.24314258120844e-05,3.83062371215121,-3.8037289661715
AT1G68725.1,57895,124066,75071,86,101,106,104,9.69369581177101,11.465793180626,31.1206660465629,1.04571677145418e-12,5.83509958471434e-11,18.725444167527,828.119875545431
AT1G69520.1,1219,1487,1039,8,0,3,105,8.54808901838147,5.99735284300484,14.3176352616117,7.9435590145693e-09,2.47626029616183e-08,10.8665509161198,374.309802055757
AT1G69530.1,24953,25714,14780,76,68,52,106,8.33517693620147,10.2019989521128,27.7163515122341,4.04207436924732e-12,1.39731108564009e-10,17.6885605725447,322.952222006294
AT1G69860.1,257,353,198,344,387,246,107,-0.287758399795813,8.18236500858121,-0.951574623805305,0.360367262429965,0.400567594493865,-6.72214668752208,-1.22074206459081
AT1G69900.1,1045,2898,2163,896,1023,608,108,1.18407631510318,10.2784590218268,3.15519231154433,0.00843688056983326,0.0106752366393809,-3.30609449027437,2.27217871919232
AT1G70380.1,1244,1695,1078,3,7,5,109,7.83345571009517,6.4450486886213,24.7669634414034,1.49640069739529e-11,3.47913162144405e-10,16.6223149321517,228.089418732813
AT1G70440.1,1183,1397,1236,3,8,13,110,7.31798395749361,6.65141861991345,18.5548420155418,4.19220458286937e-10,3.2044522701933e-09,13.6757456034704,159.563178543831
AT1G70560.1,53,41,49,80,102,72,111,-0.808371324743637,6.00120603394414,-3.05029878218112,0.010238305996585,0.0128670602389514,-3.4986749952682,-1.751233338551
AT1G70890.1,6964,9703,7964,16,9,1,112,10.186779727628,7.89652017585992,17.0452724505699,1.10521629078433e-09,6.04618323782018e-09,12.7678106700444,1165.53751655086
AT1G71100.1,1763,2218,1226,103,170,111,113,3.74520039211095,8.847815914417,12.0330156690177,5.48206393699026e-08,1.3016985858896e-07,8.94902479212236,13.4096566430907
AT1G71210.1,2111,2538,1797,377,337,211,114,2.82519126315132,9.64294306993114,9.51767563929942,6.87710463185736e-07,1.21822996335759e-06,6.38044228813376,7.08707964959502
AT1G71270.1,11137,14006,9969,754,887,548,115,4.01500990032606,11.4926419633523,14.183697579877,8.82666980823877e-09,2.63384050962419e-08,10.7631719939461,16.1673340898477
AT1G71850.1,1589,1840,1211,265,123,199,116,3.02364133644393,9.06293231344289,9.35336718833238,8.26159074733128e-07,1.44061488656589e-06,6.19231883975105,8.13217542226127
AT1G71940.1,6701,8919,6076,387,272,253,117,4.57366429089269,10.5139503687394,16.1280687712219,2.0725284025818e-09,8.77934527815737e-09,12.1690190874736,23.8127823029816
AT1G72540.1,54,84,81,41,83,29,118,0.618925737704802,5.87330468257441,1.66945454011824,0.121276229488965,0.144290268773651,-5.84387074744279,1.53573121636302
AT1G73500.1,3226,12844,9526,51,165,151,119,6.06643224763504,9.80768501146139,11.4419083896539,9.51745551436609e-08,2.04259237577549e-07,8.39355483798226,67.0159337650807
AT1G73560.1,4832,5032,3790,3115,3484,2484,120,0.590938769276056,11.8459535830604,2.20993699785109,0.0476107618992279,0.0577539242168895,-4.99039059535421,1.50622653815557
AT1G74000.1,1327,1698,1119,1454,1163,942,121,0.220666614699027,10.3012642211425,0.77838196381985,0.45164576815001,0.492156876900461,-6.87397174669163,1.16527189006964
AT1G76250.1,15233,18054,13102,184,145,71,122,6.94053216701019,10.4339764237846,19.8984884342082,1.87893226219378e-10,1.83937579351601e-09,14.4117816239781,122.831107636522
AT1G76290.1,1265,1468,1025,1331,1516,972,123,-0.0143947821692407,10.2836958529485,-0.0512487093267154,0.95998326817732,0.965172366924224,-7.19115963240192,-1.0100276459188
AT1G77000.1,1164,1477,1004,100,153,102,124,3.35900867637472,8.550003855064,11.7863497503119,6.88126073794776e-08,1.55017496161398e-07,8.72050017753549,10.2603545277326
AT1G77960.1,1752,1883,1493,44,58,25,125,5.37507403310965,8.04584897116569,16.7276621741674,1.36908205213996e-09,6.82096236691159e-09,12.5647362821026,41.5009953526787
AT1G78830.1,14100,19803,25419,112,73,111,126,7.61790108369844,10.4212796252165,24.9400898206839,1.38011204487462e-11,3.34827183060886e-10,16.6898738326062,196.434031610753
AT1G79530.1,15346,17916,13171,466,351,398,127,5.2509806745967,11.2811421021548,19.948825570435,1.82511549371061e-10,1.83937579351601e-09,14.4381487673103,38.0805041767607
AT1G80190.1,996,1219,932,232,234,192,128,2.24889608973762,8.90216808769793,8.72028216679562,1.71592896928013e-06,2.83280581319027e-06,5.44078757967844,4.75319005888358
AT2G02147.1,1238,1707,1319,1251,1528,1289,129,0.0592760191342894,10.4301536391018,0.226422675024914,0.824741134714315,0.849682161769657,-7.16498777602419,1.04194275639168
AT2G02490.1,64379,73468,54920,3328,3245,2334,130,4.44323865780784,13.739795086999,16.4231190896785,1.68706853096753e-09,7.7800350436354e-09,12.3658046572485,21.7544503025146
AT2G02960.1,5230,6370,4777,255,348,219,131,4.32797445850207,10.2401348758291,15.5878001394172,3.04865365670931e-09,1.17508970031391e-08,11.7979331306323,20.0839962899575
AT2G03040.1,886,1179,693,676,927,647,132,0.278436756513775,9.67283271878595,0.957269250659555,0.357603147169701,0.398288535171044,-6.71670625407249,1.21287994657335
AT2G03090.1,10710,16067,6771,562,851,539,133,4.04518607778426,11.3387651486778,11.7850368489066,6.88966649606214e-08,1.55017496161398e-07,8.71927147778302,16.5090600583782
AT2G03190.1,2315,3044,1937,3434,3642,2799,134,-0.452739289694186,11.4497026135798,-1.64591980748952,0.126091148910168,0.149381870683384,-5.87796821005835,-1.36863646360829
AT2G03770.1,1107,1300,910,1085,997,794,135,0.202646404418564,9.99549501664706,0.752053719048513,0.466731968243805,0.506685677587632,-6.89467028724243,1.15080740102354
AT2G04046.1,637,838,517,703,804,617,136,-0.112330572550801,9.40508125357248,-0.405191105921285,0.692574941216043,0.725059694556382,-7.10464696169108,-1.0809730628936
AT2G04425.1,1387,1835,1321,182,290,199,137,2.76840576217757,9.16568000474447,9.7496950819358,5.33023763451474e-07,9.62547767009458e-07,6.64143311177102,6.81354572208758
AT2G04620.1,2398,3012,2237,112,180,144,138,4.13775426045032,9.2355217767296,14.840023115505,5.30964555159457e-09,1.85891227775225e-08,11.2600828437651,17.6030591007143
AT2G04750.1,87,169,72,121,172,85,139,-0.244327735415565,6.80837957225945,-0.667470321040071,0.517292298394204,0.557237649621555,-6.95675236149098,-1.18454067206834
AT2G07040.1,217,64,120,732,1287,892,140,-2.98056241876323,8.3934196677416,-7.35533635654212,9.58512125719571e-06,1.44553990851762e-05,3.66313394038202,-7.89293801116609
AT2G12465.1,176,238,217,514,778,646,141,-1.60495778642803,8.51469778749424,-5.87355451696632,8.03225328853241e-05,0.00011289665831237,1.45880070955427,-3.04186849944323
AT2G13560.1,28773,36299,25876,487,548,391,142,5.99114444251182,11.8776087281503,22.1870496045622,5.35356736829695e-11,7.87918071400743e-10,15.5311988446775,63.6083581175639
AT2G15280.1,5365,6881,5139,323,442,335,143,3.98082194862011,10.4981877457162,14.8646121882175,5.21156864441991e-09,1.84054133138374e-08,11.2782365338028,15.7887160367163
AT2G16140.1,643,677,563,48,30,73,144,3.69908339117291,7.4423282022968,11.382313201196,1.00752479217962e-07,2.13763815222901e-07,8.33603533334213,12.9877839984594
AT2G17690.1,6270,7426,5241,23,59,48,145,7.24079412170041,8.98925137433183,20.8551417370784,1.09414355969593e-10,1.41984210769844e-09,14.898948752386,151.250292451341
AT2G17750.1,963,1403,749,4025,5132,3572,146,-2.06155828626647,11.0037669237725,-6.85647583598072,1.8986984908148e-05,2.78808883651227e-05,2.95463760062831,-4.17436943634592
AT2G17990.1,8736,12240,7525,594,653,561,147,3.94856821509756,11.2090571088536,14.4204320373501,7.33057749511197e-09,2.33740699558428e-08,10.9451970906424,15.4396507657692
AT2G18280.1,5324,7755,6102,152,155,155,148,5.34892449758787,9.95052634226632,20.5791514926206,1.27572363242417e-10,1.54247061536033e-09,14.7613687634988,40.7555462422992
AT2G18880.1,420,681,374,22,39,16,149,4.24969941509303,6.76916733827809,11.9315403370544,6.01652488214395e-08,1.39534660640639e-07,8.85556847795894,19.0233499201364
AT2G19220.1,431,649,403,792,823,727,150,-0.68935911008494,9.26381118598616,-2.50849418080298,0.0277476801398264,0.0342548794646529,-4.47562306437923,-1.61256700699289
AT2G19400.1,228,201,205,27,50,23,151,2.7063910110939,6.37477642713037,8.67529285836561,1.81016243283226e-06,2.96208398099825e-06,5.38571187808356,6.5268686727254
AT2G19480.1,5194,5837,4187,520,673,508,152,3.1576486888962,10.7165797409601,11.8182805591457,6.68019289470585e-08,1.52144801438607e-07,8.75034249671815,8.92374129107277
AT2G19500.1,11832,13691,10171,8434,9849,7327,153,0.47886847892442,13.2885289562965,1.8185176039361,0.0943981119596608,0.113034649084744,-5.62124116249974,1.39365018291964
AT2G19802.1,8304,9793,6623,6689,7519,5270,154,0.340921824078158,12.8198503849802,1.23852886402828,0.239554749686943,0.273356953630499,-6.41504091629571,1.26656561994072
AT2G19970.1,1489,1881,1240,1491,1956,1470,155,-0.101202154642817,10.6160793867242,-0.368740180236555,0.718841712645303,0.751149205348462,-7.11966899224314,-1.07266691150842
AT2G20160.1,205,280,143,1367,1524,1052,156,-2.68062797146759,9.00393126868261,-8.7521739441768,1.65232321230118e-06,2.73589422096159e-06,5.47969190004905,-6.4113491240225
AT2G20780.1,3540,4908,3420,70,57,42,157,6.11912136639684,8.8708916396432,21.2026742687712,9.04253901402711e-11,1.20136589757789e-09,15.0688964791583,69.5086859612994
AT2G21420.1,678,791,514,18,25,21,158,4.87908471872432,6.90880864276948,17.7019125169501,7.18136096152163e-10,4.55363570060121e-09,13.1740142842147,29.4273294737927
AT2G21930.1,3,19,5,107,126,56,159,-3.55652386916395,4.74722546645148,-6.9000798437216,1.78633212306078e-05,2.63696646737544e-05,3.01789557861972,-11.7657702835983
AT2G22121.1,1178,1614,1243,1357,1695,1378,160,-0.141052579210085,10.4510053638356,-0.535853710182623,0.601998084740437,0.639065594923856,-7.039584033408,-1.10270935072358
AT2G23790.1,26210,29809,16904,526,600,473,161,5.47497744842185,11.7913632512931,18.9918808315583,3.21025404924971e-10,2.55903108497334e-09,13.9221634250217,44.476687789382
AT2G23990.1,3690,4268,2907,3837,4707,3361,162,-0.135617195685718,11.8729052723138,-0.496542157790831,0.628617922996097,0.663079018963747,-7.06098553060583,-1.0985626865733
AT2G24740.1,2206,2636,1930,791,852,676,163,1.53963821470731,10.3594092990113,5.90314417592515,7.67615134719755e-05,0.00010816395080142,1.50581162914923,2.90721589936604
AT2G25295.1,88,95,101,177,196,143,164,-0.844862992735346,7.00013858758736,-3.28567695766306,0.00663446259559966,0.00847146482458721,-3.06587001385859,-1.79609416943181
AT2G25685.1,319,411,222,756,903,538,165,-1.21638046438751,8.87796640619072,-3.8939588891648,0.00219298928162941,0.00285908415689069,-1.94719640632861,-2.32363016573369
AT2G25700.1,749,1104,734,1958,2791,2067,166,-1.40494249980214,10.429863876363,-4.96812084895049,0.000341424181260182,0.000463539399375137,-0.038709622643939,-2.64807227685397
AT2G26280.1,6427,7712,5447,521,423,403,167,3.8535678877857,10.7314632551878,14.5162485155919,6.80503781306289e-09,2.20768087191226e-08,11.0179645408241,14.4557132424258
AT2G26410.1,87,30,12,387,602,416,168,-3.80858765345554,6.94231637578286,-7.10397612292974,1.34733724030461e-05,2.01558761418223e-05,3.31029020102891,-14.0119676123207
AT2G27040.1,32593,37618,27137,1313,1619,1177,169,4.56528932368379,12.6905284891502,17.0774220016887,1.08174527702121e-09,5.97637489681027e-09,12.7881218872,23.6749475381449
AT2G28040.1,1624,2140,1430,1578,1821,1446,170,0.0860497112404488,10.6946754910182,0.320337651081631,0.754304731694223,0.783802682095673,-7.1374754969589,1.06145978325825
AT2G28380.1,4861,5676,3864,148,156,167,171,4.90946440366109,9.75676776587473,18.7370566618708,3.74809306924532e-10,2.90477212866512e-09,13.7793354390781,30.0535686035792
AT2G29570.1,6345,6855,5319,530,633,567,172,3.41377984332349,10.8771079884778,13.4035867886093,1.66110434832367e-08,4.6114240117642e-08,10.1398426332501,10.6573721512101
AT2G29940.1,2269,2476,1749,1119,1431,1028,173,0.858622627013714,10.6360200005413,3.16476230087816,0.00828931877859919,0.0105123633601326,-3.28849644845149,1.81330628019715
AT2G30160.1,2011,2379,1356,106,86,105,174,4.22834483886887,8.75161606503879,14.7884689412078,5.52181181007584e-09,1.90195740124835e-08,11.2219150989582,18.7438425940158
AT2G30590.1,3974,4904,3862,252,264,166,175,4.23857870392623,9.92480482416942,15.1579235118246,4.18126769479441e-09,1.52493292398384e-08,11.4922940170237,18.8772761427286
AT2G30900.1,383,524,295,449,617,330,176,-0.208447382341678,8.7144201841387,-0.655140963430907,0.524923011343455,0.563296330882026,-6.9652310937536,-1.15544403428873
AT2G31360.1,52699,62291,44618,1615,2000,1375,177,5.00222116167036,13.1847711439551,18.4084231429084,4.59036050463275e-10,3.37029100208563e-09,13.5916082509259,32.0493048873448
AT2G32370.1,1451,2394,951,5579,5405,4292,178,-1.76323740625728,11.4231031837711,-5.22432970060449,0.000224070660572642,0.000307202527271583,0.396432758172279,-3.39459016606093
AT2G32750.1,10303,13034,9253,738,686,676,179,3.94009078585453,11.4222483484403,15.2510859827851,3.90189734211852e-09,1.44189319000141e-08,11.5593363768442,15.3491917721261
AT2G32940.1,1320,1553,1135,184,216,129,180,2.93454405105666,8.90570552752474,10.3157577435725,2.91980001413257e-07,5.46727653653011e-07,7.25619121329873,7.6451459890743
AT2G32990.1,2081,3632,1660,9,16,8,181,7.65640680803242,7.35464204987622,21.7080500526278,6.88946764512948e-11,9.43478831477546e-10,15.3096796346289,201.747475126167
AT2G33770.1,40411,37965,36574,136,152,109,182,8.17890237493007,11.1350444005243,31.7789311715214,8.18745385269804e-13,5.47735346271532e-11,18.9055628088808,289.797708088448
AT2G33780.1,3218,3639,2406,3557,3326,2640,183,-0.0495285030929615,11.5964775925592,-0.180431844306211,0.859870269500169,0.880380936479072,-7.17504301505269,-1.03492663720364
AT2G34200.1,1786,2202,1535,100,104,80,184,4.260411065387,8.70097453379434,15.9532453469816,2.34511935090538e-09,9.5516539985781e-09,12.050487158045,19.1651191907037
AT2G34260.1,1620,1991,1336,293,342,187,185,2.61037603166405,9.36396333672763,8.64116213386997,1.88535093692087e-06,3.07609889708142e-06,5.34377715087194,6.10662829231878
AT2G34880.1,524,722,440,97,149,86,186,2.34406275486744,7.93418872092032,7.68495591458069,6.20500877884621e-06,9.51207389724226e-06,4.11338925821457,5.07730439368733
AT2G34890.1,232,323,169,184,396,182,187,-0.0222164707555716,7.88225059660332,-0.061681149679099,0.951847514258966,0.960453730481922,-7.19052444241682,-1.0155184640172
AT2G35670.1,1561,1831,1201,44,44,37,188,5.14932333361572,7.98520623550884,19.2055211150698,2.82352752068924e-10,2.43670744425223e-09,14.0401099637943,35.4895735486489
AT2G36010.1,3182,3351,2293,526,695,520,189,2.33362844719555,10.3367282935193,8.5061930325023,2.21718127743756e-06,3.57568541274612e-06,5.17665115743589,5.04071520942827
AT2G36310.1,5766,7272,5568,216,291,181,190,4.76865743793092,10.2040521961399,17.1442476974438,1.03466518774496e-09,5.77768510691209e-09,12.8301986105056,27.2589377500087
AT2G36560.1,264,417,275,1734,2291,1748,191,-2.60989790394486,9.59352633140897,-9.23599433506289,9.43276667542995e-07,1.62453203854627e-06,6.05622319457993,-6.10460481236842
AT2G36724.1,1199,1897,1310,1255,1789,1267,192,0.0222770955186995,10.4807064314869,0.0775703482278397,0.939467521569696,0.951402680645899,-7.18933169579551,1.01556113891256
AT2G36760.1,770,908,498,0,4,0,193,8.68656381485301,5.11725793905563,16.2915875036718,1.84836659175342e-09,8.31764966289039e-09,12.2785790705534,412.018073876418
AT2G37390.1,663,723,579,5,3,2,194,7.29495646900092,5.7041199016479,24.2592000166574,1.90315704323892e-11,4.084467808182e-10,16.420281279649,157.036538692387
AT2G38220.1,3523,4638,3463,781,781,684,195,2.35960326067813,10.7271382211599,9.13651156024891,1.05653800272402e-06,1.79740306560977e-06,5.93973740369688,5.13229202231918
AT2G38810.1,388,422,358,207,145,101,196,1.41776353764553,7.89644497515363,4.71531227624472,0.000521954669104952,0.00070180892857967,-0.476400715590836,2.67171021899888
AT2G39220.1,4979,7219,4171,131,194,128,197,5.15442830090615,9.79819804663018,17.1742574683656,1.01424791326975e-09,5.77768510691209e-09,12.8490321242581,35.6153756241675
AT2G39300.1,1391,1450,1030,194,185,63,198,3.26970493080865,8.6836821736902,8.1644320758311,3.37170172638239e-06,5.38521846748362e-06,4.74402262988601,9.64448986721206
AT2G39650.1,1031,6639,4327,154,199,157,199,4.18797274075276,9.5019068181184,7.81787625710002,5.22594909581648e-06,8.12278438848355e-06,4.29105450809878,18.226589646897
AT2G40030.1,2059,2445,1784,302,372,170,200,2.95409578363345,9.54506733135475,9.19743459504474,9.85548524532052e-07,1.68692048064075e-06,6.0111973243167,7.74946000008703
AT2G40520.1,231,272,282,434,417,258,201,-0.464547543874742,8.26407256489714,-1.63024066685913,0.12939156595795,0.152967147890966,-5.90051648431285,-1.37988452795448
AT2G41040.1,72,102,65,20,30,4,202,2.41742579245623,5.09819350557911,4.49985513185657,0.000754522850654549,0.00100723385326612,-0.855539523697542,5.34216965161226
AT2G42340.1,171,230,141,171,134,91,203,0.467039535937631,7.2424005372388,1.50347314540384,0.158959048752276,0.185952094766813,-6.07766447980572,1.3822700860482
AT2G43660.1,3005,4209,3002,2453,3218,2349,204,0.344553711611438,11.5428640013367,1.26019030310862,0.231913490723405,0.266271044904651,-6.38927529248105,1.26975813030602
AT2G43670.1,2200,2633,1893,1717,2220,1608,205,0.279582355402523,10.9782767141709,1.04024113679347,0.319040176918707,0.358920199033545,-6.63432966280609,1.21384343899168
AT2G44330.1,84,67,54,112,172,98,206,-0.868650106406273,6.52706288350737,-2.89357199812282,0.0136731741090432,0.0171067963068298,-3.78497736838949,-1.82595360188535
AT2G45110.1,11640,13496,10434,2129,2297,1799,207,2.51327983957198,12.2688339161114,9.73853671853116,5.39535909894598e-07,9.71164637810276e-07,6.62900428591316,5.70916532233311
AT2G46650.1,514,549,423,2,3,0,208,7.75155812810822,5.07076656429449,17.8306031968043,6.61104856446253e-10,4.29123763766225e-09,13.2515440763434,215.502101544899
AT2G46990.1,161,259,90,0,0,1,209,6.95667081870392,3.8116687426853,17.3093040371063,9.27610626240482e-10,5.49979510196759e-09,12.9333117719785,124.212867111926
AT2G47030.1,212,72,100,802,1317,1182,210,-3.2129598430025,8.46739514212047,-8.41604911669736,2.47337329419125e-06,3.97735532610582e-06,5.06386575790992,-9.27250951403405
AT2G47115.1,23603,27735,20822,3304,3744,2818,211,2.86998461874398,13.1090430834759,10.955534192783,1.52633635961704e-07,3.06365355635362e-07,7.91563504398016,7.31057365992691
AT3G01230.1,97,29,66,242,382,336,212,-2.43830941217703,7.08171791614902,-6.13994745496721,5.36338742921495e-05,7.63461782015802e-05,1.87757998231372,-5.42006221616708
AT3G01240.1,115,76,45,559,994,958,213,-3.44829774850488,7.94025870487893,-9.42837525499541,7.59563699194857e-07,1.33281932122871e-06,6.27854245771498,-10.9154352127074
AT3G01270.1,430,178,255,3677,5525,4667,214,-4.07665154019281,10.1167790488809,-12.037759576306,5.45836438311074e-08,1.30160996828025e-07,8.95337499411636,-16.8730811592207
AT3G01870.1,417,427,388,382,410,334,215,0.133413337505482,8.61744415240333,0.535228879128456,0.60241667191747,0.639065594923856,-7.0399363574137,1.09688580544445
AT3G03260.1,3403,4323,2869,2199,2575,1772,216,0.690606547852777,11.4206971097348,2.48507660060058,0.02895882178219,0.0355925606926476,-4.51678994830642,1.61396192888865
AT3G03305.1,2025,2557,1818,70,99,99,217,4.56556311209338,8.76193472239807,16.6345113072753,1.45884750381984e-09,6.9635593381083e-09,12.5043326120277,23.6794408933896
AT3G04100.1,281,349,246,341,453,276,218,-0.273004490803402,8.31621214400697,-0.960911485097694,0.355843173915374,0.397120982089557,-6.71321204468869,-1.20832160463274
AT3G05610.1,410,196,193,3641,5916,4601,219,-4.20808380320858,10.072361650046,-12.351265520292,4.11256478110676e-08,1.01540316276884e-07,9.23719772459864,-18.482446129226
AT3G05700.1,636,788,553,6,0,22,220,6.90728544673478,5.89728168273893,8.53627627582053,2.13813981338825e-06,3.45820874165404e-06,5.21408203217189,120.03284728817
AT3G05725.1,11,4,2,152,226,138,221,-4.90367476879247,4.94912174983946,-11.2410762252233,1.15429233466677e-07,2.38553749164466e-07,8.19857159916766,-29.9332032353092
AT3G05741.1,1182,1456,1014,2139,2564,1833,222,-0.841544194300381,10.6555332746425,-3.10686116791354,0.00922352056045173,0.0116441730152309,-3.39490369017004,-1.79196715481035
AT3G05860.1,345,368,225,298,349,210,223,0.128657407124898,8.19643269514165,0.425483216106852,0.678128824174102,0.71127045843825,-7.09568807325503,1.09327580941817
AT3G06125.1,31,54,29,0,0,0,224,5.22941676971106,2.61470838485553,17.9327410202426,6.19327929720522e-10,4.1636745154705e-09,13.3126055780057,37.5155491073381
AT3G06860.1,7858,10646,7325,589,603,405,225,4.01626252707088,11.0442351971219,14.2039240816757,8.6867707206785e-09,2.63384050962419e-08,10.7788500707589,16.1813775493682
AT3G07190.1,2385,3032,2071,94,62,121,226,4.77528117620407,8.88026487789995,15.5855893018711,3.05354850439994e-09,1.17508970031391e-08,11.7963852089956,27.3843774209089
AT3G08040.1,210,514,239,67,20,53,227,2.80058354673124,6.81184769542981,6.1906976355565,4.9717275325002e-05,7.0952019517522e-05,1.95622523915983,6.96722206475977
AT3G08620.1,2084,2489,1533,221,322,138,228,3.21403238967429,9.35659862609299,9.47674030276496,7.19697297709514e-07,1.27085788646174e-06,6.3338324657862,9.27940556388924
AT3G08840.1,792,934,718,27,19,21,229,5.13371097844534,7.09642703441676,19.3734289698375,2.55497543616395e-10,2.26297824345949e-09,14.1316794549785,35.1075880377426
AT3G09110.1,106,125,87,737,932,697,230,-2.88737165819449,8.16974533861003,-10.74793223592,1.87730624014617e-07,3.62469509343101e-07,7.70559578754319,-7.39921211877698
AT3G09340.1,55,103,70,49,125,65,231,-0.00266282430990561,6.22051199872275,-0.0072545654948388,0.994332753569969,0.994332753569969,-7.19254751680407,-1.00184743356927
AT3G09950.1,370,397,326,5,14,6,232,5.40861293475842,5.8040424735083,15.7542506439476,2.70339756392708e-09,1.07749702905093e-08,11.9137767326252,42.4770872264777
AT3G10195.1,698,1133,818,1170,1448,1095,233,-0.506108703686667,10.0110787558296,-1.80863100832299,0.0959990842486136,0.114705543920185,-5.63634699568985,-1.42021436433249
AT3G10900.1,550,750,475,52,87,80,234,3.00873109776942,7.68009957424642,10.0787182938713,3.74427658439031e-07,6.94121705677671e-07,7.00246793626899,8.04856228611569
AT3G11200.1,4829,5828,4493,383,433,344,235,3.70121942812613,10.4429318090068,14.3690308137564,7.63043952123529e-09,2.40552839144028e-08,10.9059469687034,13.0070277980401
AT3G11310.1,115,141,74,609,726,434,236,-2.4289339239926,7.95998256370568,-7.68065403084008,6.23980481439922e-06,9.53920845598566e-06,4.10760218744139,-5.384953638438
AT3G11490.1,954,1468,810,39,91,49,237,4.19806248899252,7.92881332473596,11.8844489273078,6.28340607342918e-08,1.4419241715931e-07,8.81193549944601,18.3545073788001
AT3G12110.1,9117,10577,7929,788,1022,614,238,3.52982386150402,11.3938834374138,12.5509466085492,3.44512194786872e-08,8.81824792160892e-08,9.4142853177109,11.5500233368786
AT3G12700.1,3009,3480,2489,2009,2404,1763,239,0.537776029014989,11.2653666179346,2.01352683886482,0.0674025263923519,0.0810573485494232,-5.31440202835489,1.45173288834456
AT3G13280.1,50,59,26,54,72,33,240,-0.241481224637179,5.56547509223308,-0.655120631032944,0.524935648850634,0.563296330882026,-6.96524495479731,-1.18220581715625
AT3G13400.1,529,236,308,6356,9608,7070,241,-4.4806482247691,10.6436757211356,-13.5518722585942,1.46934420394829e-08,4.16189881118347e-08,10.2611935602363,-22.3259277863814
AT3G14205.1,9301,11526,6977,932,1064,877,242,3.2480681529761,11.5241834483215,11.7665099273093,7.00947144751709e-08,1.57079721594961e-07,8.70191866075336,9.50092614214787
AT3G15960.1,129,179,92,219,253,155,243,-0.66735563289764,7.35147105660421,-2.11725652090854,0.0561487468176376,0.0676695480005222,-5.14496247537765,-1.58815930431756
AT3G16320.1,1521,1928,1375,861,1081,549,244,0.992446058308937,10.1409952462638,3.23837018009195,0.00723797833815211,0.0092209861020294,-3.1530230028448,1.9895553810694
AT3G16565.1,717,891,660,46,40,12,245,4.68155527360474,7.21163782828131,10.9845654927779,1.48318028417914e-07,2.99860361801434e-07,7.94471344128425,25.6618855493223
AT3G16720.1,1396,3929,2868,159,208,171,246,3.80640339121792,9.38838568949907,10.5771063070504,2.23142929802299e-07,4.26416968594804e-07,7.52995310123989,13.9907693315201
AT3G17250.1,1432,1830,1212,85,32,67,247,4.66982702995637,8.18762075341515,13.0725625513506,2.19396028107272e-08,5.85755902793577e-08,9.86388284456576,25.4541155091656
AT3G18210.1,3371,3774,3144,157,209,134,248,4.37521739630483,9.55255598578377,16.2169931127916,1.94719209238944e-09,8.55537942955359e-09,12.228755056406,20.7525597929873
AT3G18470.1,188,330,205,103,159,83,249,1.06824837413477,7.33901926566979,3.28585072676129,0.00663234228655739,0.00847146482458721,-3.06554978693719,2.09688591948685
AT3G19350.1,3038,3681,2703,364,471,296,250,3.0692731610748,10.0708748551807,11.0343160810903,1.41224984567199e-07,2.86558332321807e-07,7.99437912714765,8.39350370310369
AT3G21580.1,4779,5006,4021,223,265,207,251,4.30771531118578,10.0082166808262,16.7823328881301,1.31919338830497e-09,6.69714854326398e-09,12.6000075531943,19.803936332305
AT3G21700.1,185,241,140,18,35,18,252,2.97726445748398,6.04389223818515,9.05465747166033,1.1606890967472e-06,1.9626197454089e-06,5.84310342929324,7.87491557867793
AT3G21820.1,638,831,645,34,76,46,253,3.8016145948215,7.55102676718325,11.9314222649107,6.01717854499178e-08,1.39534660640639e-07,8.85545928642169,13.9444061912665
AT3G22560.1,173,199,165,1,0,1,254,6.82061303899013,4.07697318616173,21.6963859876835,6.93237134239774e-11,9.43478831477546e-10,15.3042052593864,113.034004437163
AT3G22680.1,302,402,301,43,37,51,255,2.90947196703467,6.92400226692466,10.9004368570653,1.61200540875537e-07,3.20346489586419e-07,7.86025137951843,7.51343154018987
AT3G22810.1,803,1034,684,414,344,203,256,1.42886050051406,8.98104539021414,4.49469315862665,0.000761270322100792,0.00101381584661633,-0.864688169730888,2.69233979373692
AT3G22968.1,35344,41232,29149,342,292,299,257,6.80876609482001,11.686263151107,26.1484346154232,7.96282065102703e-12,2.11583520155861e-10,17.1434838965183,112.109606444268
AT3G23060.1,866,986,765,74,94,83,258,3.36566777266587,8.07983112686813,13.0935911164279,2.1551275273307e-08,5.78154403966602e-08,9.88162507446606,10.3078230599023
AT3G23780.1,5633,6928,5117,177,295,172,259,4.80664156569419,10.1099257909245,16.3821652885886,1.73559496928818e-09,7.87367473872199e-09,12.3387315474411,27.9861585156618
AT3G24065.1,3158,3574,2836,186,170,131,260,4.29666302981412,9.48471187961772,16.2578786653878,1.89233687172174e-09,8.44739179536583e-09,12.2560959770727,19.6528008476079
AT3G24790.1,1177,1383,1126,1572,1534,1393,261,-0.291105629967412,10.4038940988635,-1.16237040429812,0.268018486787407,0.303972186234499,-6.50286657127248,-1.22357762467485
AT3G25170.1,66,39,61,454,718,567,262,-3.37570140643268,7.46858856846034,-11.2852656653112,1.10603903534348e-07,2.30287231985694e-07,8.24175486496665,-10.3797616212968
AT3G25250.1,321,833,545,0,9,1,263,7.60188316586392,5.24158428122775,11.459706424043,9.35739507448643e-08,2.01599476894341e-07,8.41067781581452,194.265131521535
AT3G25260.1,23325,29208,18275,43,53,42,264,8.95361850310162,10.0236705433851,32.5588963003503,6.16582154621636e-13,4.9150406039839e-11,19.111308405378,495.801389051664
AT3G25280.1,515,736,466,1206,1195,966,265,-0.991518970067327,9.63043508644299,-3.59137441570458,0.00379046758345868,0.00487345832158973,-2.5024021795989,-1.98827728637106
AT3G25420.1,5616,6821,4949,4676,5299,3793,266,0.337375871959335,12.3195707097024,1.25866508826927,0.23244505128064,0.266333344177817,-6.39110065516656,1.26345639306082
AT3G25540.1,723,777,471,13,57,40,267,4.32107578654266,7.16816720053908,9.54110974014316,6.70089458916082e-07,1.19079591743686e-06,6.40704816825047,19.9881879869433
AT3G25700.1,3855,4099,2947,51,121,49,268,5.72159503141305,8.95247526419942,16.1251178838806,2.07683436687594e-09,8.77934527815737e-09,12.1670304095633,52.7681328674878
AT3G25710.1,1079,1559,973,46,45,43,269,4.69144714883694,7.85825104987579,17.2839756023166,9.43229257243189e-10,5.49979510196759e-09,12.9175635210364,25.8384415086389
AT3G26110.1,96,88,62,142,476,371,270,-1.84798313574616,7.27496696675756,-4.53231457380541,0.000713498773069629,0.000954753753891733,-0.798079166975818,-3.59996563745377
AT3G26410.1,2604,3012,2328,383,291,205,271,3.20941998406227,9.75847252095927,10.9562233572472,1.52529636268242e-07,3.06365355635362e-07,7.91632615445876,9.24978597284196
AT3G26590.1,1047,1176,756,383,564,452,272,1.08267809949723,9.39148464910526,3.82486826261769,0.00248304757455795,0.00322969824383062,-2.07355838607123,2.11796404713081
AT3G26990.1,4318,5342,3794,382,430,272,273,3.64143276379957,10.2958836425444,12.9379738609276,2.46110139840732e-08,6.5394980014823e-08,9.7496352485412,12.4790202397135
AT3G27150.1,128,193,111,5,9,2,274,4.6422139744461,4.81839135266628,11.4678694954318,9.28495583103678e-08,2.00814160996842e-07,8.41852281616846,24.9715587672322
AT3G27440.1,48,62,42,46,16,54,275,0.531614371954861,5.40694432146164,1.31573947162273,0.213211475669274,0.245809924428626,-6.32166044598226,1.4455458528421
AT3G27640.1,568,568,409,135,158,122,276,1.88039649408156,8.05448501433209,7.03946657149444,1.472247547693e-05,2.18487800960822e-05,3.21838499798469,3.68176231762193
AT3G27910.1,68,83,68,183,277,187,277,-1.52924184804102,6.96774303613221,-5.59452112380478,0.000123928996613401,0.000172020846045466,1.0094111434213,-2.88634118869173
AT3G27980.1,1912,2243,1684,1,5,7,278,8.72234949810099,6.55616224929088,20.0350125704334,1.73680460134306e-10,1.828560316131e-09,14.4831007948828,422.365884161509
AT3G28750.1,689,442,470,6904,10136,7228,279,-3.92638350678401,10.9969246500031,-13.6385851659145,1.36839101772218e-08,3.93588756643802e-08,10.3315196129872,-15.2040472297395
AT3G28917.1,17126,20091,16334,33,38,36,280,8.92389293865735,9.65605261124252,35.5802056355706,2.18153267587546e-13,4.52694321791334e-11,19.8367337862161,485.690325291107
AT3G28980.1,260,72,110,700,1007,507,281,-2.46902960749423,8.23856361101379,-5.73084698550774,0.000100130327199949,0.000140383725069275,1.23033689979108,-5.53671248939792
AT3G30842.1,1022,1171,846,853,1129,912,282,0.0682983588641672,9.93903930173451,0.257615026393358,0.80113448887678,0.82783897183934,-7.15688586811495,1.04847928553926
AT3G42830.1,165,191,79,244,271,192,283,-0.778209263521848,7.48308130741274,-2.26589352562538,0.0430678628577975,0.052357009748695,-4.89574694156254,-1.71500081681679
AT3G43505.1,620,732,628,766,880,709,284,-0.248240379193939,9.48846520734149,-0.98260531802961,0.345488521014773,0.386337865182852,-6.69216580496231,-1.18775755156571
AT3G43520.1,5788,7203,5485,442,515,338,285,3.84256273562294,10.6571252368497,14.0755620296449,9.61707649598968e-09,2.82438351829592e-08,10.6789491580376,14.3458618288522
AT3G43540.1,4290,5628,4614,366,350,290,286,3.84601241169776,10.3096191445342,14.8349285120765,5.3302144164939e-09,1.85891227775225e-08,11.2563175017437,14.3802057400713
AT3G43920.1,8813,11148,8581,1644,1830,1390,287,2.55103713742211,11.9302501183651,9.75460476802676,5.30185230785921e-07,9.60530385644623e-07,6.64689790856399,5.86055435713241
AT3G44370.1,430,460,378,13,20,7,288,4.98884956428439,6.22764889708765,14.6175142262565,6.29352357364516e-09,2.08491924076326e-08,11.0943119400368,31.7536287365018
AT3G45090.1,5659,6995,4769,1121,1141,994,289,2.40363928371037,11.2844051789894,9.15172448861562,1.03831144313764e-06,1.7717975084734e-06,5.95761838461823,5.29136259759042
AT3G45870.1,4033,9047,5806,28,35,17,290,7.80904163443109,8.63713114988628,21.9147641273358,6.1749256885333e-11,8.83489367743995e-10,15.4060609908312,224.2620404946
AT3G48950.1,1383,1931,1194,1715,2204,1518,291,-0.282333474368633,10.6656009069645,-0.987604547290916,0.343133410405187,0.3844747851528,-6.68725925950814,-1.21616036229499
AT3G49307.1,4576,5596,3511,4067,4248,3133,292,0.243966893962769,12.0075837991958,0.872370384294107,0.400381524174751,0.441527451560298,-6.79489723542109,1.18424443626273
AT3G49500.1,3805,4417,3600,225,320,218,293,3.96534130822697,9.95646915715971,14.7550415739648,5.66426315732421e-09,1.91555081320419e-08,11.1970902565985,15.6202031135518
AT3G49540.1,396,260,215,864,1201,1165,294,-1.91978029351982,9.09848637871868,-6.41485850484827,3.57170926425681e-05,5.13663342643119e-05,2.29926583670325,-3.78365433436525
AT3G49660.1,1815,1933,1240,222,188,175,295,3.06621134137314,9.14063031827946,11.1215062531486,1.29660025896166e-07,2.65019393589967e-07,8.08091943461665,8.37570912923176
AT3G49680.1,7013,8041,6238,689,820,629,296,3.31518681610537,11.1278930686629,12.8019989984615,2.76700049244284e-08,7.3174704966024e-08,9.63298098027927,9.95338201689784
AT3G49730.1,564,480,452,19,44,32,297,4.00573069018111,6.95559044861572,12.5797465620065,3.35892361022689e-08,8.67721932641947e-08,9.43959487473314,16.0636817828967
AT3G49770.1,0,17,3,261,424,224,298,-6.13619940744575,5.12474137087031,-8.08814330130295,3.70886662039102e-06,5.86274100333765e-06,4.64556185726303,-70.3363910582374
AT3G50020.1,269,386,275,203,249,193,299,0.514469113717565,8.00327537979902,1.90656060245539,0.0811748773792489,0.0974098528550986,-5.48473746031132,1.42846839188708
AT3G50060.1,7203,32333,26415,188,411,322,300,5.96677931227741,11.1781007581714,11.8807010544863,6.30518813384795e-08,1.4419241715931e-07,8.80845566857393,62.5431211552674
AT3G50720.1,3,16,2,3482,4305,3150,301,-9.2624720196,7.1887111237905,-17.8953540415102,6.34279051157998e-10,4.21342512554956e-09,13.2903024759154,-614.160543459052
AT3G51895.1,8255,10659,7462,44,19,50,302,7.92349350355565,9.123815596174,22.1826881296825,5.36575030703015e-11,7.87918071400743e-10,15.5292104492143,242.777936064369
AT3G53000.1,2341,2892,2233,57,118,69,303,4.97840255451121,8.78322853571577,16.060813809231,2.17311034461374e-09,9.04922068876469e-09,12.1235918715874,31.5245212177264
AT3G53370.1,586,816,654,200,167,140,304,2.01461319710802,8.40161342067284,7.45352343165615,8.40908720002665e-06,1.27507354826491e-05,3.79871604796733,4.04072227726295
AT3G54100.1,2589,3397,2258,186,294,147,305,3.74991870179514,9.52859900748617,11.9756203029956,5.77775977575848e-08,1.3603333142925e-07,8.89625979017216,13.4535844913972
AT3G54550.1,930,1148,683,552,705,475,306,0.659058382758989,9.48602179365077,2.26999530696471,0.0427516242038892,0.0520860399689306,-4.88877251311867,1.57905167292617
AT3G54710.1,1087,1195,832,397,475,253,307,1.49783671006341,9.25562737857296,4.94186424841426,0.000356666954128988,0.000483058641757222,-0.0837912675089214,2.82418913777101
AT3G54740.1,1421,1696,1096,112,177,179,308,3.17135297328467,8.84826498321276,10.7585302243617,1.85742700218291e-07,3.59876481672939e-07,7.71640830978513,9.00891256198352
AT3G54800.1,128,149,122,529,908,916,309,-2.51206750199378,8.31688723474968,-8.63196023943607,1.90619077970231e-06,3.10103339671688e-06,5.33244870832562,-5.7043697639238
AT3G55320.1,6445,7400,5260,91,118,89,310,5.98619383104032,9.62984118741837,22.3711258054969,4.86572310005229e-11,7.54187080508105e-10,15.6146481178232,63.3904599579153
AT3G55420.1,8832,12372,10124,26,13,45,311,8.64114180882886,9.01583903117379,22.3760724390658,4.85329618752856e-11,7.54187080508105e-10,15.616877998149,399.248121338842
AT3G57220.1,2598,2927,2399,169,266,199,312,3.65810546321738,9.53370041747535,13.4797023589504,1.55950411463484e-08,4.37288088425247e-08,10.2023051619094,12.6240722589292
AT3G57270.1,18931,23484,17026,12493,14934,11528,313,0.605063544587452,13.9586441701429,2.2960653164289,0.0407929074401282,0.0498084077715351,-4.84433130147905,1.5210457473688
AT3G58470.1,637,687,561,75,128,102,314,2.64414946421261,7.97062649745633,9.46601624060444,7.28338828124016e-07,1.28206014540442e-06,6.32159357917121,6.25127064383129
AT3G59640.1,1089,1293,882,146,127,131,315,2.98997916170348,8.57634506891668,11.3940756454684,9.9624256191156e-08,2.12989789098333e-07,8.34741068432426,7.94462521044953
AT3G59790.1,1296,1479,785,942,1138,672,316,0.353867013344361,9.98664306900336,1.10869951177736,0.289610357389321,0.32646985742069,-6.56209694928997,1.2779815542958
AT3G61620.1,655,774,565,105,176,88,317,2.47633443733299,8.12858703053736,8.04262119050506,3.92711968692521e-06,6.155429172203e-06,4.58647538218296,5.56481774162924
AT3G61740.1,1072,1273,783,165,175,66,318,3.03224450889535,8.48297566792834,8.04392515297588,3.92068009898164e-06,6.155429172203e-06,4.58817138078649,8.18081461718498
AT3G62130.1,835,1060,730,137,143,112,319,2.72455574943747,8.39515401493063,10.2026765396414,3.28570139993073e-07,6.11140460387116e-07,7.13580467789045,6.60956694111477
AT3G62230.1,212,112,125,4601,6643,4597,320,-5.1668346235879,9.76080681384093,-16.626281539765,1.46707883950732e-09,6.9635593381083e-09,12.498977346021,-35.9229674136155
AT4G00220.1,2046,2434,1699,4,5,2,321,8.8294891262295,6.57869559522464,28.3623257526907,3.09006805522231e-12,1.1495053165427e-10,17.8999571105877,454.92632994396
AT4G00231.1,1844,2138,1627,226,250,177,322,3.10239512672366,9.30913938743119,11.6649229732957,7.70758474897638e-08,1.69993371143432e-07,8.60629914090577,8.58843417778617
AT4G00540.1,497,633,432,129,126,90,323,2.16923901231163,7.92423521948892,7.81216431056815,5.26443356055056e-06,8.15987201885336e-06,4.28346513982849,4.4978607971834
AT4G00550.1,1304,1643,1183,76,113,82,324,3.9225220181871,8.45283300449574,14.2397961545749,8.44451183792675e-09,2.57488393746619e-08,10.8065971794388,15.1634067949619
AT4G00570.1,20643,26766,17881,1382,1469,1162,325,4.00966732268001,12.3844407487892,14.9119661394155,5.02816082910665e-09,1.8059831448863e-08,11.3131053967787,16.107574057113
AT4G00610.1,218,165,102,77,61,127,326,0.865576162960732,6.84598759123007,2.44400286239295,0.0312081569276581,0.0382728605838093,-4.58870489610341,1.82206719309774
AT4G00690.1,209,244,220,20,22,8,327,3.78432721192735,5.92076506605637,10.7756858092411,1.82572614040609e-07,3.56208107114195e-07,7.73389047021759,13.7783116631623
AT4G00730.1,15061,18496,13628,673,822,589,328,4.50069898516781,11.6789910078681,16.8551357104007,1.25578718207794e-09,6.67463849194188e-09,12.6467717638033,22.6383826286234
AT4G00780.1,559,1050,594,11,5,3,329,6.73788360922005,6.09225013842413,16.8549079118361,1.25598036138691e-09,6.67463849194188e-09,12.6466258034483,106.734562350988
AT4G01840.1,2804,3653,2697,141,272,166,330,4.02017068472444,9.55215485999508,13.2099923398168,1.95316630363742e-08,5.31642340209601e-08,9.9793118585185,16.2252711690091
AT4G02700.1,571,600,495,25,57,19,331,4.15498000657347,7.03760627267208,11.3675089216767,1.02192075440198e-07,2.15181804134454e-07,8.32170241269919,17.8144990097228
AT4G03110.1,681,1062,856,357,386,246,332,1.39411081322481,9.03984632827685,4.80719425635495,0.000446888234058797,0.000602327619818378,-0.316398572592652,2.62826512325975
AT4G05470.1,0,5,1,577,554,441,333,-7.83140323413614,5.11068911730846,-15.4904680659145,3.27240957680145e-09,1.24217996180626e-08,11.7295539439287,-227.765153948186
AT4G07507.1,4843,5367,4133,11,16,9,334,8.55037378082037,7.93997136936314,30.20153239139,1.48431931598317e-12,6.90208481932176e-11,18.4635071645256,374.903057384745
AT4G08590.1,2386,2606,2082,921,1086,838,335,1.3154395589205,10.5401485014257,5.11829424101067,0.000266441529964362,0.000364397974804201,0.2174017535413,2.48878147060821
AT4G09580.1,1030,1253,946,50,27,31,336,4.90319686720315,7.61152518827794,16.6084760054447,1.48506014558224e-09,6.9635593381083e-09,12.4873805299793,29.9232893200842
AT4G09900.1,2524,3425,2232,49,81,45,337,5.54805816466106,8.61568579914714,18.1586613099449,5.36717629365521e-10,3.69738811340692e-09,13.4462074380605,46.7877246360691
AT4G10160.1,66,89,41,1015,1003,622,338,-3.76435229472691,7.86559605055219,-11.2496292583715,1.14477859323677e-07,2.37467083652832e-07,8.20694234463159,-13.5888578297171
AT4G10430.1,4840,5722,3802,252,304,147,339,4.3904850404223,10.0102799778023,13.7464729374022,1.25311576052003e-08,3.64186767901134e-08,10.4183717509143,20.9733446072868
AT4G10640.1,5878,5794,4835,163,179,185,340,4.95766087521514,9.9416850749595,19.7829942399864,2.00901389841424e-10,1.90005043273754e-09,14.3509669377194,31.0745345133783
AT4G11130.1,3775,4464,3500,286,375,214,341,3.77098340928538,10.041387913957,13.2496486872383,1.88910570675003e-08,5.16725972728686e-08,10.012391369552,13.6514605797277
AT4G11320.1,95,127,164,0,4,0,342,6.20978554002654,3.87886880164239,11.7565904495536,7.07453758377041e-08,1.57903678869756e-07,8.69261697063163,74.017040146924
AT4G11400.1,269,303,194,1090,1220,1090,343,-2.16821494446353,9.06146528031311,-8.056950748505,3.85697055189706e-06,6.07963154790554e-06,4.60510180759039,-4.49466921469001
AT4G11510.1,524,628,476,564,568,504,344,-0.014532067270002,9.08424445878109,-0.0571299615969078,0.955396123453056,0.962294290409396,-7.1908159695722,-1.01012376349102
AT4G11940.1,54,59,32,385,466,329,345,-3.03113785424398,7.09311706995253,-10.0695658998055,3.78076444072349e-07,6.98565085405201e-07,6.9925656763728,-8.17454172867614
AT4G12080.1,729,833,612,31,65,56,346,3.86603845245988,7.558780604071,12.2865822909579,4.35769970064258e-08,1.06648966357832e-07,9.17922402756012,14.5812091211044
AT4G12140.1,192,274,132,160,129,139,347,0.422819857697752,7.37226583154489,1.38820135036807,0.190685500372182,0.2212110378538,-6.23023259514596,1.34054519378106
AT4G12590.1,3319,4395,3033,160,269,184,348,4.14227821058293,9.71751041718539,14.2405393501398,8.43957054075433e-09,2.57488393746619e-08,10.8071712564321,17.6583447631206
AT4G12710.1,1943,2614,1710,121,127,117,349,4.06821713076826,8.97190202769237,15.3184011198727,3.712613113224e-09,1.38109207811933e-08,11.6074985866285,16.7747240743193
AT4G12790.1,995,1471,1053,50,141,82,350,3.7760037156464,8.28707248876423,10.4294469758901,2.59574778769104e-07,4.87685947990438e-07,7.37604003571844,13.6990478344562
AT4G12870.1,327251,432713,289204,374,584,515,351,9.47685429018895,13.6565160968536,33.2234083593682,4.86768087947671e-13,4.52694321791334e-11,19.2803217045495,712.553382271016
AT4G12900.1,638,756,501,1,1,0,352,8.61845505496117,4.97589419414725,26.3934220421432,7.14408052858229e-12,1.99319846747446e-10,17.2317789497574,393.018947088773
AT4G13110.1,3163,4201,2819,106,167,116,353,4.70724154988956,9.35500381786588,16.407326023252,1.70560581951573e-09,7.80104956794899e-09,12.3553735462539,26.1228708531708
AT4G13345.1,639,959,748,2,5,27,354,6.60012022515157,6.29248675374242,10.7675307285582,1.84072220652961e-07,3.57882575346175e-07,7.72558333749995,97.0139444531709
AT4G13460.1,21117,23684,17806,2933,2920,2435,355,2.91227676172758,12.8832044530001,11.2932577792567,1.09754636311773e-07,2.29374857909998e-07,8.24954798249153,7.52805287775085
AT4G13495.1,895,1416,1022,69,132,49,356,3.81538258416669,8.1838318394903,10.5783444148462,2.2286178889307e-07,4.26416968594804e-07,7.53123539437046,14.0781180556004
AT4G13955.1,907,1118,798,544,749,519,357,0.644455827706434,9.54330358654521,2.35115493389412,0.0369325313099116,0.0451937554187076,-4.74979935314278,1.56314956832951
AT4G14690.1,9834,14406,8093,10500,13247,8465,358,-0.0127873431681014,13.3600032721639,-0.04239117486894,0.966894570686993,0.970372608711047,-7.19160685088408,-1.00890290808946
AT4G15040.1,1234,1696,1070,1177,1248,922,359,0.241646839226924,10.2337795606415,0.864688987458013,0.404417806100238,0.445098887187244,-6.80165898588414,1.1823415366009
AT4G15050.1,25771,33267,21711,14933,17896,12657,360,0.820021459702085,14.2838457373226,2.95723500798966,0.0121573098057669,0.0152444469025122,-3.66893224490077,1.76543225271762
AT4G15080.1,6725,8149,6379,206,262,191,361,5.01002988955728,10.2774710939496,19.0374948678722,3.12311119760622e-10,2.54087483857066e-09,13.9474824696672,32.2232451916579
AT4G15380.1,492,637,453,0,0,0,362,9.02980164581123,4.51490082290562,35.0381793923666,2.61140175030021e-13,4.52694321791334e-11,19.714411134797,522.686339984122
AT4G15900.1,5325,6489,4755,593,796,659,363,3.01309840893524,10.91290828748,11.3852656821667,1.00467996598227e-07,2.13763815222901e-07,8.3388916971203,8.07296372397722
AT4G15960.1,950,1206,840,27,10,6,364,6.25744400637274,6.82010249077054,14.5757235308877,6.49939874127159e-09,2.13333205742914e-08,11.0628737797394,76.502978179752
AT4G16180.1,7355,8860,6819,295,338,221,365,4.76150163328645,10.517087715015,17.4738772091979,8.32697577807356e-10,5.05049183061418e-09,13.0349835180405,27.1240674716437
AT4G16380.1,29544,34799,27557,159,152,149,366,7.62649166831707,11.0826240435172,30.4708383597444,1.33811948230826e-12,6.7879151920728e-11,18.5415509453964,197.607195170673
AT4G16760.1,69371,82736,64600,8445,10484,8956,367,2.95622936595101,14.6544119041857,11.5277351106585,8.77182042880255e-08,1.91198273409056e-07,8.47589385131247,7.76092905101208
AT4G17486.1,943,1352,928,296,472,283,368,1.6314537820254,9.23231442889431,5.48819083032563,0.00014662000020432,0.000202509802262402,0.835287774953518,3.09825047484377
AT4G18320.1,12854,16139,11269,37,28,15,369,8.99422877812486,9.19908389191948,26.7858228861029,6.01656399121196e-12,1.76696984584014e-10,17.3707363393918,509.955934410312
AT4G18400.1,455,644,620,47,71,49,370,3.34858371025255,7.47387308577234,11.8975477290885,6.20791283721803e-08,1.43141130709408e-07,8.82408913993098,10.1864800690188
AT4G18800.1,4439,5425,3942,555,692,429,371,3.05441660805899,10.6284901255129,10.8996820470802,1.61321440096386e-07,3.20346489586419e-07,7.8594908494463,8.30751278429655
AT4G18870.1,1205,1384,800,1146,1209,874,372,0.0465875567826242,10.0824871833571,0.159656636756271,0.875847456238607,0.895096850881214,-7.17884398123363,1.0328190791761
AT4G19120.1,55414,65717,36292,695,910,545,373,6.18079523131551,12.5460669091813,19.9112532051055,1.86512447399872e-10,1.83937579351601e-09,14.4184758731284,72.5445450889284
AT4G20800.1,4161,5661,3653,6950,8314,6207,374,-0.686333339226389,12.4516394037027,-2.48970868554154,0.0287152485932865,0.0353711009162336,-4.50865631631241,-1.60918850699877
AT4G20830.1,4303,8907,6042,1397,1648,1255,375,2.10741745144652,11.5307570849581,6.85396591283327,1.90539173797521e-05,2.79057372648338e-05,2.95098849935814,4.30919221196868
AT4G21430.1,1860,2139,1604,19,40,24,376,6.08342623802572,7.81615854877292,19.6784503507142,2.13519292706086e-10,1.95317648081961e-09,14.2955337992885,67.810004633876
AT4G21630.1,18257,19538,14857,834,1006,790,377,4.32008273406772,11.9297127803142,16.6201086265293,1.47328588682796e-09,6.9635593381083e-09,12.4949585171466,19.9744342211795
AT4G21760.1,4148,5365,3808,23,12,5,378,8.47767037803737,7.86229009554649,19.9931069371889,1.77915100474862e-10,1.83845603824024e-09,14.461274787364,356.478282823686
AT4G22430.1,211,318,170,396,536,310,379,-0.839786220681668,8.24095497141216,-2.65361604309019,0.0212718877746837,0.0263771408406078,-4.21809108489878,-1.78978491092556
AT4G23020.1,14195,18622,11030,23,27,32,380,8.99018638512704,9.30733037327592,31.5728785267401,8.83444106889567e-13,5.47735346271532e-11,18.8498323679072,508.529051470748
AT4G23110.1,88,127,108,727,917,601,381,-2.77994896820963,8.13794706935259,-9.99945339099458,4.07330067749188e-07,7.45213697718186e-07,6.9164446556136,-6.86828053866595
AT4G24640.1,80,45,42,183,248,273,382,-2.09730641914729,6.81187878078823,-6.7146358753213,2.31941546686796e-05,3.37920060185985e-05,2.74707246191899,-4.27909710773318
AT4G24740.1,765,733,550,21,37,27,383,4.56401042973362,7.12024323291297,15.7313811068136,2.74822136585775e-09,1.08759398733945e-08,11.8979414662356,23.6539699023648
AT4G25280.1,785,1006,728,67,42,50,384,3.9726185122228,7.71502690208604,14.1947304031771,8.75006075568011e-09,2.63384050962419e-08,10.7717267572103,15.6991931794134
AT4G25440.1,465,655,494,53,36,49,385,3.52160860222406,7.29686998696775,12.7562450721142,2.87896351931561e-08,7.5776492631043e-08,9.59344678234801,11.4844399766426
AT4G25530.1,5689,7086,4744,6,7,34,386,8.84690890126623,8.06900043030064,17.4920354162637,8.22886918268797e-10,5.04583407026361e-09,13.0461325623898,460.452619699046
AT4G26140.1,1294,1839,1289,450,601,334,387,1.69292039948956,9.65933372819819,5.67627462860429,0.000109018647331838,0.000152462168449037,1.14221200347723,3.23310508415025
AT4G26410.1,3774,4889,3664,287,281,294,388,3.82114322129009,10.0819207766751,14.982310455145,4.76846190735061e-09,1.72779334045561e-08,11.3646812714167,14.1344439288351
AT4G26420.1,13171,17570,13294,31,36,29,389,8.78944922397786,9.43350593240142,33.7001446337945,4.1200056015534e-13,4.52694321791334e-11,19.3981596987585,442.474107351055
AT4G26640.1,2639,3382,2281,59,119,66,390,5.12220745688456,8.85439385566722,16.1260754034202,2.07543608577477e-09,8.77934527815737e-09,12.1676757513834,34.8287660856808
AT4G27740.1,64,113,81,0,0,4,391,5.63029391230797,3.58912298778311,10.6314738674771,2.1114957269674e-07,4.0628090194752e-07,7.58613271276638,49.5321696814312
AT4G27890.1,1003,1157,671,1068,1190,881,392,-0.174452722141117,9.93431986597682,-0.604998960338138,0.556617170548715,0.59500456162104,-6.99819193886615,-1.12853622003438
AT4G29280.1,380,514,439,448,601,388,393,-0.094794044466159,8.8352088632626,-0.343886302133471,0.736972096206376,0.768655008753566,-7.12911856697269,-1.06791294458583
AT4G29530.1,586,741,653,58,81,52,394,3.37250779556194,7.67562573396201,12.3648415382058,4.06302780196848e-08,1.00763089488818e-07,9.24932738247851,10.3568099539365
AT4G29550.1,225,225,196,129,155,100,395,0.765476076548083,7.37139854315487,2.85902472419162,0.0145731052669608,0.0181513230780449,-3.84778042993326,1.69993086781718
AT4G29860.1,1198,1690,1195,118,113,96,396,3.6158859807875,8.58381653028035,13.5637737305706,1.45502432930626e-08,4.16189881118347e-08,10.2708735484866,12.2599907106141
AT4G31060.1,861,970,806,16,10,19,397,5.82082461767036,6.86668649376018,20.14151359469,1.63401367801973e-10,1.75342236987502e-09,14.5383125006955,56.5252913367109
AT4G31080.1,3027,3796,2687,88,107,93,398,5.02063380385869,9.10538683019851,19.1711813660202,2.88212708459941e-10,2.43670744425223e-09,14.0212608459984,32.4609609497467
AT4G31180.1,6684,7960,6271,340,529,378,399,4.08354170653101,10.7182810254808,14.9064963867388,5.04898513624127e-09,1.8059831448863e-08,11.3090839246739,16.9538580344902
AT4G31720.1,640,747,538,42,72,63,400,3.44304238522559,7.59355096380683,11.9396836942873,5.97162639747701e-08,1.39534660640639e-07,8.86309681259304,10.8757454512569
AT4G31770.1,132,201,119,21,16,8,401,3.30118835084385,5.55620066253191,9.27891375798254,8.98503895471429e-07,1.55221415997851e-06,6.10615591148156,9.85727141821744
AT4G32110.1,8654,11596,8609,18173,24750,18467,402,-1.0883159741467,13.7616845378729,-4.02968275419947,0.00172055144540827,0.00225368006229534,-1.69989716456729,-2.12625698327603
AT4G32120.1,3553,4359,3315,450,468,402,403,3.07850163763,10.3209387402479,12.0536530554083,5.37976561722905e-08,1.28837305339649e-07,8.967937253681,8.44736645339703
AT4G32500.1,2890,3503,2086,114,120,114,404,4.56317049969157,9.1515330295669,16.6256343551856,1.46772827398381e-09,6.9635593381083e-09,12.4985560817045,23.6402026840265
AT4G32850.1,4767,6201,4640,251,384,318,405,4.03816638013264,10.313552247682,14.6836843883011,5.98181626398299e-09,1.99871465586977e-08,11.1438926315408,16.4289273034246
AT4G33830.1,1217,1556,1124,1170,1380,974,406,0.145426519897843,10.2574737177477,0.538696625632399,0.600095432231983,0.63903292210963,-7.03797605502442,1.10605760103503
AT4G33840.1,7480,8893,6765,7438,8726,6675,407,0.0182627543915679,12.8947751450367,0.0701499384920443,0.945247245561196,0.955521672143383,-7.18992256824232,1.01273923818588
AT4G34330.1,104,200,96,92,90,115,408,0.353425201532628,6.81169074957775,1.11332890232367,0.28769709454728,0.32496959262628,-6.55707688347166,1.2775902443635
AT4G35050.1,1283,1461,1082,161,203,155,409,2.87443234898823,8.86977536240024,10.9200370423585,1.58095063506172e-07,3.16190127012344e-07,7.87998306284514,7.33314643633779
AT4G35740.1,1437,1805,1418,132,83,102,410,3.88166287550585,8.65219823290731,14.1005737423002,9.42768998493703e-09,2.79821862318876e-08,10.6984906448419,14.7399821834765
AT4G35840.1,5465,6517,4537,28,70,41,411,6.94475957917437,8.93906163539085,20.5465867966124,1.29921360075154e-10,1.54247061536033e-09,14.7449797143163,123.191557500708
AT4G36220.1,1000,1334,768,32,92,28,412,4.49838538259289,7.7297039998278,10.8248094412917,1.73813242902326e-07,3.41506301195416e-07,7.78380810429106,22.6021072937201
AT4G36590.1,570,784,537,471,610,437,413,0.310966487638902,9.12630280341337,1.12895597980352,0.281309852842489,0.318399387192919,-6.54000636140606,1.24053848091405
AT4G36830.1,152,141,87,23,29,11,414,2.59658366126127,5.65723036298091,7.09932560070309,1.35595256958822e-05,2.02305222949258e-05,3.3036833052414,6.04852622921685
AT4G37690.1,1306,1762,1094,1090,1579,927,415,0.219150038362836,10.3012834273533,0.730097329653621,0.47955208974173,0.519592361312398,-6.91143670435999,1.16404758750614
AT4G38700.1,11100,13651,10352,6246,7540,5733,416,0.846057947637508,13.0813003531987,3.23289008221133,0.00731138792279995,0.00929329034378672,-3.16311521919888,1.7975824539031
AT4G38960.1,526,504,272,63,58,64,417,2.73651500260198,7.33659445543109,9.04862777091647,1.16878565883936e-06,1.96440481214567e-06,5.83595656647109,6.66458481664295
AT4G39390.1,4196,5571,3691,210,222,221,418,4.33763139105178,9.94095401385175,16.4352133167033,1.67302009067893e-09,7.77954342165703e-09,12.3737850009853,20.2188829855185
AT4G39650.1,28574,38673,25865,33921,41392,28733,419,-0.165730810526718,14.9829692697937,-0.59661125939353,0.562020539976307,0.599631857183135,-7.00346539253107,-1.12173415895416
AT4G39690.1,3994,4752,3375,412,576,343,420,3.20367047601927,10.364731982932,11.1849776324461,1.2188431346227e-07,2.50042084235099e-07,8.14351972613825,9.21299657063738
AT4G39753.1,91,135,54,54,69,61,421,0.509181823325171,6.20953725861475,1.52939768035455,0.152478486107527,0.179122095258947,-6.04220665411515,1.42324282168759
AT4G39955.1,2155,2714,1985,413,533,352,422,2.40627353017151,9.94237251923844,8.76181319015642,1.63359987947557e-06,2.71294265698622e-06,5.49142831430372,5.30103303110433
AT5G02630.1,1231,1368,1091,60,62,61,423,4.30541228047433,8.10677733072039,17.2792072732925,9.46201307865392e-10,5.49979510196759e-09,12.9145957366675,19.7723477512983
AT5G02880.1,13521,17850,13061,630,787,563,424,4.48557567755841,11.5971542943918,16.6355633692814,1.45779884648291e-09,6.9635593381083e-09,12.5050169895254,22.4023112443117
AT5G02970.1,14275,17992,13085,431,489,280,425,5.26207903631198,11.239690105285,18.0130367079357,5.88490252036858e-10,4.00460439800691e-09,13.3603190063869,38.374579488896
AT5G03020.1,324,376,298,276,317,178,426,0.405425798928261,8.1728598656634,1.4040004122698,0.186045751183885,0.216278185751267,-6.20982857141135,1.32447976142827
AT5G03100.1,1097,1195,858,123,153,98,427,3.07361295439346,8.48691963425053,11.0471587167965,1.39453918306609e-07,2.83997395675502e-07,8.00716600785173,8.41879034522021
AT5G03240.1,45573,58861,50098,4553,5530,4099,428,3.44860503714154,13.9201863176526,13.1894076854824,1.98733975294543e-08,5.38318243759004e-08,9.9621009394904,10.9177604071181
AT5G03280.1,20697,25250,18820,1100,1110,878,429,4.38645036848805,12.193878920943,16.7678352558407,1.33222847366004e-09,6.69714854326398e-09,12.5906671950387,20.9147720421624
AT5G03370.1,2804,3738,2503,384,477,377,430,2.85347226350095,10.1106774210118,10.5577673239343,2.27584204220732e-07,4.33419747287264e-07,7.50990623569953,7.22737756244098
AT5G03800.1,1485,1892,1509,185,303,263,431,2.71750982884822,9.3025817290608,9.70880309128825,5.57310064620135e-07,9.93543182294042e-07,6.59582514211121,6.57736543939299
AT5G04560.1,11106,13003,9984,801,1163,853,432,3.60699003369684,11.6603036931763,13.3956344731003,1.67212453848801e-08,4.61903709146687e-08,10.1332956171918,12.1846257445403
AT5G05120.1,512,505,465,19,13,15,433,4.90690390600356,6.49654629198344,18.9178829501611,3.35726932168606e-10,2.63852997394482e-09,13.8809303779334,30.0002767831606
AT5G06020.1,206,306,215,113,151,75,434,1.12724142132702,7.33986905768081,3.5920700651092,0.00378566842796926,0.00487345832158973,-2.5011213880395,2.1844066006275
AT5G06030.1,142,164,101,97,138,66,435,0.466292928566404,6.83305983338203,1.44161519817989,0.175378183317096,0.204302768874613,-6.16059269941498,1.38155493418715
AT5G06380.1,133,149,86,94,100,62,436,0.510834787406572,6.65719973189751,1.66708282447941,0.121753989282743,0.144550480893129,-5.84732049078031,1.42487443296826
AT5G06500.1,1251,1633,1151,388,412,267,437,1.9248075365524,9.41564160389734,6.81641795341572,2.00858032204374e-05,2.93399952801154e-05,2.89629628985767,3.79686192776519
AT5G06670.1,6156,7917,6103,294,363,262,438,4.45439555944651,10.4776260376367,16.7732191356967,1.32737154377351e-09,6.69714854326398e-09,12.5941369417698,21.9233378163033
AT5G07430.1,326,122,233,1623,2551,1962,439,-3.2518556459985,9.34793650647282,-9.05055225129997,1.16619493669128e-06,1.96440481214567e-06,5.83823803306804,-9.52590159914903
AT5G07460.1,917,975,1073,62,129,92,440,3.43435313710857,8.23011208443308,11.3630078704268,1.0263414822826e-07,2.15300205681838e-07,8.31734116823123,10.8104384882521
AT5G08360.1,485,649,395,20,30,17,441,4.46067543233109,6.73581729436819,14.7057032277706,5.88182392274895e-09,1.97714322222525e-08,11.1603376928657,22.0189753896122
AT5G09490.1,399,546,393,526,560,390,442,-0.141078625843233,8.85764099026284,-0.512374765327273,0.61782807165315,0.654170899397453,-7.05255353980379,-1.10272925938368
AT5G09900.1,4918,5605,4196,528,620,410,443,3.24782672087518,10.6267693451097,11.9297405615059,6.0264969918269e-08,1.39534660640639e-07,8.85390395562732,9.49933631438034
AT5G10220.1,1060,1464,945,931,1167,862,444,0.215454270283507,10.0434696193795,0.776934841195485,0.452466806182682,0.492156876900461,-6.87512614917923,1.1610694499286
AT5G10440.1,440,532,456,525,528,338,445,0.062497519610698,8.86164354798624,0.225662864048511,0.825318515554039,0.849682161769657,-7.16517222237934,1.04427198703531
AT5G10950.1,3880,4521,3260,1300,1469,1083,446,1.59563399749668,11.1142019080135,5.99596495559455,6.66360108548482e-05,9.4372827555851e-05,1.65247907194446,3.02227302803232
AT5G11310.1,624,725,543,96,99,58,447,2.91752962582395,7.83423550668654,10.0357779640603,3.91881510843359e-07,7.21682782345195e-07,6.95594061031258,7.55551253812316
AT5G11460.1,910,1039,682,32,24,34,448,4.81729449968081,7.34782502519979,17.309469791795,9.27509340480574e-10,5.49979510196759e-09,12.9334147430595,28.1935745848445
AT5G12840.1,1393,2104,1340,292,581,347,449,2.01704573084914,9.61604809648432,6.26604298242768,4.44527213523704e-05,6.37650861558424e-05,2.07231567863172,4.04754110187866
AT5G13620.1,166,224,191,180,251,203,450,-0.122367722714124,7.65533318949448,-0.459771232080861,0.654022803570701,0.687278200362431,-7.07958725554113,-1.08851985474585
AT5G14620.1,856,1102,893,25,45,41,451,4.67939346463678,7.54513643131068,16.0153183758796,2.24413613356346e-09,9.27576268539562e-09,12.0927401829995,25.6234612466314
AT5G15140.1,7,18,10,197,337,216,452,-4.3614760522418,5.74985773681453,-12.4278234024564,3.8414861731595e-08,9.61232863059642e-08,9.30542720208459,-20.5558347214033
AT5G15380.1,88,108,86,12,7,30,453,2.67740840768803,5.22358288002,6.43311194166317,3.47784644671617e-05,5.01456929526517e-05,2.32688973329203,6.39705730796319
AT5G15470.1,11505,14436,8477,224,291,191,454,5.58950737228982,10.657609769751,19.0275224029779,3.14194200468415e-10,2.54087483857066e-09,13.941953401754,48.1514511462275
AT5G16360.1,113,213,122,35,80,32,455,1.65423412740658,6.34517343826509,4.35399331357247,0.000971612201248368,0.00129085621022997,-1.11516224898289,3.14756054104996
AT5G17320.1,4293,5057,3789,269,346,251,456,3.92251751915049,10.1255545506182,14.7634278466928,5.6281556326999e-09,1.91555081320419e-08,11.2033240425871,15.1633595080342
AT5G19175.1,635,766,569,47,64,38,457,3.71935043307585,7.49058606074188,13.1659123671464,2.02713584940045e-08,5.4644531592534e-08,9.94242276750931,13.1715245216008
AT5G19600.1,1330,1687,1167,124,222,77,458,3.41237740001815,8.72355083449062,9.3851073195883,7.97243257663039e-07,1.39455090211905e-06,6.22887578298742,10.647017157618
AT5G20810.1,373,567,347,271,417,243,459,0.47134192144898,8.47752406435586,1.53348262856514,0.151478322562151,0.178322582256709,-6.0365825415099,1.38639842576145
AT5G21150.1,41441,47282,35988,1481,1651,1222,460,4.84119065525412,12.9137741250446,18.4519690098593,4.46783454639166e-10,3.36898875254939e-09,13.6167155100287,28.6644492612689
AT5G21930.1,2729,2893,2658,181,265,187,461,3.72417885893969,9.56797807192902,14.0911780453327,9.49835679101607e-09,2.80427676687141e-08,10.691154152257,13.2156809589903
AT5G22020.1,5920,7663,5166,35,29,11,462,8.03628001827056,8.57206604172594,20.7620035706623,1.15208166778303e-10,1.42858126805096e-09,14.8527820222293,262.519361354969
AT5G22200.1,2861,3478,2837,23,40,11,463,7.06348226278224,8.04090013341125,18.1631546198811,5.35200641102717e-10,3.69738811340692e-09,13.4488444367975,133.758082704094
AT5G22440.1,5216,6126,4750,1589,1872,1458,464,1.70909164769442,11.5267826246248,6.6183388056556,2.66099007294884e-05,3.85670769014403e-05,2.60458064170468,3.26954900657172
AT5G22920.1,13865,14072,13356,310,324,293,465,5.47349190034642,11.0116589578008,22.3862301391002,4.82788565571461e-11,7.54187080508105e-10,15.6214549003445,44.4309135610581
AT5G23210.1,78262,89462,70556,5282,6644,4764,466,3.84269741080051,14.3491672645713,14.6131808231684,6.31454035284931e-09,2.08491924076326e-08,11.0910565230253,14.3472010735397
AT5G23340.1,1744,2629,1820,135,207,147,467,3.65433922907771,9.15962158954565,12.6966232883605,3.03225555097806e-08,7.9436553870693e-08,9.5417152542779,12.5911594084235
AT5G24240.1,14198,17607,13119,1559,1607,1117,468,3.3972795863616,12.1603352857714,12.4877161550123,3.64285866897003e-08,9.1978060510646e-08,9.35851421365287,10.5361770317783
AT5G24380.1,1486,5200,2159,301,333,287,469,3.055847939486,9.79193531415682,7.70280292040304,6.06285299472032e-06,9.31975749601635e-06,4.13737287628978,8.31575895158391
AT5G24460.1,5351,6765,4636,416,410,333,470,3.83944114140319,10.5099213872351,14.3908174406135,7.50175434807143e-09,2.37839711717265e-08,10.9226016005932,14.314854897302
AT5G24810.1,26301,34659,22489,1141,1192,956,471,4.64692152757128,12.4168275563003,17.1431397568231,1.03542743851471e-09,5.77768510691209e-09,12.8295025545808,25.0531747272498
AT5G25410.1,9995,11918,7996,427,603,389,472,4.40205063265901,11.0634259961548,15.4787423100858,3.30054165567732e-09,1.24439340801888e-08,11.7212840305421,21.1421564802007
AT5G25950.1,768,1272,489,1026,940,580,473,-0.0757237671951678,9.6503600272195,-0.206341851943214,0.840035567403634,0.863240969818099,-7.1696557738925,-1.05388961573728
AT5G26250.1,323,432,307,619,627,581,474,-0.796920246255963,8.85341337589673,-3.07098375649515,0.00985480657653944,0.0124130520760926,-3.46074818781566,-1.7373883229387
AT5G26630.1,456,547,342,717,575,505,475,-0.428203801922756,8.99948430235851,-1.51895258718813,0.155061727665451,0.181774042095214,-6.05654172158165,-1.34555727487932
AT5G26650.1,2453,2959,2555,129,175,153,476,4.12112904758852,9.31009318124781,15.9553767207351,2.34157164336685e-09,9.5516539985781e-09,12.0519410463145,17.4013707187896
AT5G26700.1,308,274,230,1844,2773,2390,477,-3.09468523675018,9.62284257761924,-11.3721353566604,1.01739825539406e-07,2.15040994890108e-07,8.32618344291066,-8.54265924706669
AT5G27910.1,192,212,184,64,145,58,478,1.25457089891331,6.99223058988009,3.64654425446255,0.00342852507265503,0.00442851155217942,-2.4008731795322,2.38596172342358
AT5G27960.1,1665,2100,1473,50,34,59,479,5.18531832886956,8.16219214927644,17.8299691175881,6.61373542722139e-10,4.29123763766225e-09,13.2511637040232,36.386170821287
AT5G28000.1,1424,1617,1181,1411,1612,1220,480,-0.00971538828908258,10.4527764996602,-0.0368713235991867,0.971203027180727,0.972946659186437,-7.19184277077583,-1.00675691966942
AT5G28530.1,1591,1851,1387,59,145,73,481,4.20803877875488,8.53940889608327,12.4281440403208,3.84039222095628e-08,9.61232863059642e-08,9.30571208155012,18.4818693274548
AT5G28646.1,73,96,66,48,25,23,482,1.3251144450988,5.62926124354188,4.11826091641796,0.00147015129987538,0.00193934852323986,-1.53925910564045,2.50552762610059
AT5G32619.1,2805,3652,2873,78,136,173,483,4.64441778381763,9.27046100090427,14.5059154704444,6.85970443983048e-09,2.21255206787596e-08,11.0101419665847,25.0097335775454
AT5G34940.1,9503,12921,9017,4899,6216,4096,484,1.04984386674466,12.8118956250082,3.75518118423658,0.00281577581861632,0.00364548238233852,-2.20128843220423,2.0703057801815
AT5G35490.1,507,570,368,4,0,0,485,8.11719351110268,4.83257278718046,15.5143479493807,3.21591569452915e-09,1.22909654626525e-08,11.7463744542669,277.663457630895
AT5G37290.1,1515,1715,1441,77,89,65,486,4.3276979634537,8.43773212657697,16.774543169055,1.32618003650838e-09,6.69714854326398e-09,12.5949900443331,20.080147525479
AT5G37420.1,123,152,118,39,64,26,487,1.66907283543606,6.20093088774446,5.06106119347632,0.000292741473205198,0.000398414004996343,0.120144601735886,3.18010154932336
AT5G37560.1,508,585,475,1,0,0,488,8.69369882126863,4.68018274396765,27.5933755832281,4.25704094191426e-12,1.39731108564009e-10,17.6474748770183,414.060801512909
AT5G38140.1,345,499,346,9,6,11,489,5.37498628240365,5.92557498042387,18.2027191813255,5.22041719435614e-10,3.69738811340692e-09,13.4720300587174,41.4984711664938
AT5G38195.1,3076,4622,2842,3139,4168,2901,490,0.0300848181976345,11.7299978439835,0.104099050825483,0.918836316552317,0.933899206987601,-7.18673444262431,1.02107215430059
AT5G39260.1,50860,64255,46623,41164,48229,35907,491,0.365269816106556,15.5222320663865,1.37472952872662,0.194717486837444,0.22541982916036,-6.24749999361901,1.28812251458495
AT5G39440.1,692,855,532,497,567,533,492,0.355241756012408,9.23443587242631,1.31246263515267,0.214279574601716,0.246531964180944,-6.3257096080304,1.27919992204499
AT5G39560.1,193,198,118,233,244,171,493,-0.367304062416449,7.5607704398878,-1.24224189450661,0.238230857284906,0.272403316321675,-6.41064869135144,-1.28994008979041
AT5G40570.1,712,799,564,91,76,73,494,3.08797321704677,7.87725389598367,11.7095186211862,7.39230421911278e-08,1.63686736280354e-07,8.64837343018594,8.5030075390772
AT5G40600.1,973,1254,866,108,71,63,495,3.68100948930769,8.15320785339359,12.567984521608,3.39384303429679e-08,8.72702494533459e-08,9.42926532670446,12.826089633549
AT5G40680.1,3565,4545,2791,4459,4916,3518,496,-0.256594750241815,11.9274827693384,-0.907666926124585,0.382187936543139,0.423136644029904,-6.76315444219986,-1.19465558168328
AT5G41260.1,1810,2326,1587,119,152,113,497,3.88088435701086,8.9394983293274,14.2984999319423,8.06366033374947e-09,2.48592401449293e-08,10.851844622756,14.7320302235901
AT5G41610.1,5512,6582,4800,489,435,341,498,3.7398652701676,10.5774908946389,13.8609508619478,1.14216494222287e-08,3.33679600921656e-08,10.5097534714956,13.3601589793645
AT5G41750.1,160,1681,984,146,1364,769,499,0.262595522162551,9.19898849982322,0.307657292185459,0.763696968585226,0.790617640947228,-7.14173428589331,1.19963500234578
AT5G41830.1,533,625,181,9,20,2,500,5.5197671334772,5.85961957286769,8.82159143583057,1.52245262431798e-06,2.54349869571686e-06,5.56398138456609,45.8791619477914
AT5G41850.1,1227,1479,1018,102,73,53,501,4.04519108235889,8.23954267283799,13.3600834381788,1.72236480917269e-08,4.73438208629734e-08,10.1039779112879,16.5091173268681
AT5G42235.1,30050,34701,25037,1356,1520,1143,502,4.47760249932564,12.6177615096367,16.9084308067236,1.21146246612116e-09,6.5630685057826e-09,12.6808576979668,22.278844433579
AT5G42670.1,493,569,417,115,147,70,503,2.19778766415215,7.83795432549648,7.03697414528831,1.47731499343476e-05,2.18658293457984e-05,3.21482292608227,4.58775282177837
AT5G42690.1,4309,5395,3723,26,27,9,504,7.81653787512503,8.20299244393199,20.3624111991492,1.4411911701603e-10,1.64119321010091e-09,14.6516612053164,225.430338239236
AT5G42930.1,6314,7864,6258,27,14,9,505,8.71378030578945,8.36894802374589,24.5373162346942,1.66732016969372e-11,3.72145861875637e-10,16.5316666323291,419.864588507303
AT5G43420.1,1387,3023,1559,0,11,8,506,8.61782569612849,6.56054201545207,11.7905400609641,6.85450644126885e-08,1.55017496161398e-07,8.72442086287257,392.847534562331
AT5G43780.1,2842,2946,2673,492,457,467,507,2.57600037827888,10.1730043038255,10.5232785010448,2.35742640353652e-07,4.47429909242646e-07,7.47407214552569,5.96284311067045
AT5G45980.1,285,428,287,354,478,194,508,0.0305809339474692,8.34291959159968,0.0879745476922069,0.931369885654424,0.944917083991216,-7.18840337488476,1.02142334223223
AT5G46230.1,1556,1898,1320,1,3,5,509,8.7593432232514,6.24132577853275,23.474090704855,2.78714318242322e-11,5.76009591034131e-10,16.0960401649702,433.336281731254
AT5G46540.1,28361,32651,24601,4525,5029,3732,510,2.68885334247126,13.4465877869899,10.2295591596544,3.19445547706858e-07,5.9615590508504e-07,7.16453138403278,6.44800714483164
AT5G46810.1,15710,19443,13643,12374,14461,10080,511,0.402677449037267,13.7728292250055,1.47849377876293,0.165424726031325,0.193110872647447,-6.11144047702129,1.32195901472983
AT5G47175.1,82,59,59,38,39,55,512,0.591378462252251,5.7672509763952,2.13343054666106,0.0545615640881065,0.0660419799591397,-5.11819418244234,1.50668566371061
AT5G47620.1,4205,5314,3547,350,392,223,513,3.77526992027685,10.181324175012,12.6230323228108,3.23371587466296e-08,8.41245169529408e-08,9.47752592011674,13.6920818842202
AT5G47770.1,11890,13905,10643,679,836,670,514,4.05670379689934,11.5312331334124,15.6885384760468,2.83436911802975e-09,1.11378730131028e-08,11.8682071787834,16.6413872313628
AT5G47790.1,6016,6856,5051,181,182,185,515,5.01272536083084,10.027247110279,19.7276850693978,2.0747323200196e-10,1.92950105761822e-09,14.3216856551702,32.2835060365969
AT5G48650.1,14714,18574,13256,509,599,364,516,4.99520548249904,11.4092443349569,17.5405025965317,7.97307647652387e-10,4.9433074154448e-09,13.075824577841,31.8938307130299
AT5G48670.1,262,380,256,62,64,16,517,2.8436933827336,6.7842168839597,6.23432963793009,4.65926164279948e-05,6.6663281966208e-05,2.02354978630831,7.17855457858099
AT5G48970.1,1232,1503,1210,239,249,237,518,2.43234548073209,9.13867028822556,9.72346601611388,5.48467462263165e-07,9.80912961355276e-07,6.61219813775151,5.39770256501506
AT5G49040.1,1287,1615,854,4,8,7,519,7.41235195810333,6.53679367782822,22.7486253887322,4.00923514326074e-11,7.12968954478295e-10,15.7829487363301,170.34927038746
AT5G49160.1,1467,1746,1123,209,327,140,520,2.73779253043263,9.10601255677732,8.16297485819072,3.37782520361876e-06,5.38521846748362e-06,4.74214843897256,6.67048901897013
AT5G49810.1,27048,35586,25782,1935,2321,1558,521,3.9300207159815,12.8671505936034,14.3068180638049,8.01121299241068e-09,2.48347602764731e-08,10.8582400279629,15.2424268365554
AT5G49830.1,14139,18304,12616,1051,1233,986,522,3.77185800154789,11.97091298174,14.1893461631986,8.78735741289828e-09,2.63384050962419e-08,10.7675527426977,13.659738892999
AT5G49890.1,4641,6540,4558,890,1068,836,523,2.47997214283685,11.0967899286827,9.20867779530784,9.73016689767433e-07,1.67059480889301e-06,6.02434210988879,5.5788669413833
AT5G49900.1,11850,18531,12953,303,456,339,524,5.29273112369694,11.1441551633949,18.4174475687107,4.56467277304093e-10,3.37029100208563e-09,13.5968173551692,39.1986244591294
AT5G50470.1,73,77,36,967,948,822,525,-3.92985572819906,7.86636418080625,-12.33301647198,4.18018201946793e-08,1.02755135104102e-07,9.2208720848706,-15.2406837998506
AT5G51450.1,2293,2877,2052,60,45,38,526,5.63943898412753,8.39961999622448,20.1933843443526,1.58635119471608e-10,1.75342236987502e-09,14.565069758689,49.8471454404259
AT5G52610.1,1423,1566,1055,1274,1363,1137,527,0.0839075705734871,10.3360185529791,0.315035213839822,0.75822730500651,0.786414193668462,-7.13927693133107,1.05988487736944
AT5G53150.1,4291,4997,3861,1188,1332,1001,528,1.90168037925468,11.1390604756373,7.30283395971897,1.02850209277297e-05,1.54691150341595e-05,3.59012103467225,3.73648149995554
AT5G53250.1,4867,5122,4360,1027,1598,1032,529,2.00037553090355,11.2205888692982,7.26967107647664,1.07550908916395e-05,1.61326363374593e-05,3.54381688865776,4.00104132827007
AT5G53870.1,11299,12045,8958,1907,2014,1560,530,2.55558642908723,12.1053480150099,9.73165297843007,5.435959599557e-07,9.75326513361031e-07,6.62133064545225,5.87906377914165
AT5G54067.1,578,744,510,154,134,98,531,2.24446633729057,8.11633204278018,7.93267082976095,4.51305553351264e-06,7.03431560810071e-06,4.44272366284857,4.73861791253145
AT5G54095.1,111,70,91,823,1102,1015,532,-3.43391276397583,8.21051104786101,-12.4072371371032,3.91243091209964e-08,9.74614486139107e-08,9.28712148384314,-10.8071391768747
AT5G54350.1,21,36,22,1386,1769,1190,533,-5.75093215827827,7.60628172591356,-19.3979464611274,2.51813206443469e-10,2.26297824345949e-09,14.1449680659412,-53.8521544469561
AT5G54360.1,9,32,9,384,554,399,534,-4.88688815915376,6.33952751595461,-11.5162047843716,8.8682241116492e-08,1.92547434019465e-07,8.46486609975518,-29.5869311677058
AT5G54650.1,8840,10543,7786,661,790,475,535,3.83598045239838,11.2156699110618,13.5579247069048,1.46204296624117e-08,4.16189881118347e-08,10.2661173835936,14.280558049764
AT5G55690.1,166,183,196,0,9,0,536,6.40246332436669,4.3085410271458,9.28384920764324,8.93503533259038e-07,1.54836947688989e-06,6.11188546628838,84.5928207519516
AT5G56430.1,99,187,108,126,191,76,537,0.0420652126803569,6.96784384906958,0.114198071551654,0.910997731216839,0.927621777406927,-7.18554672250702,1.02958662174175
AT5G57900.1,3945,5580,4292,141,195,131,538,4.88380084874779,9.71151745203334,17.5905754207135,7.71781550845863e-10,4.838810172719e-09,13.1063988882861,29.5236840009456
AT5G58030.1,2260,2839,2013,130,141,89,539,4.30508174725952,9.04421527942036,15.2107263025811,4.02036749555501e-09,1.47589806744717e-08,11.5303477876682,19.76781826386
AT5G58550.1,1575,2033,1450,87,169,115,540,3.79606134582602,8.8069651895472,12.5174796259618,3.54829735871563e-08,9.00756602947319e-08,9.38480144020028,13.8908342907576
AT5G58760.1,573,707,416,229,288,112,541,1.49860711811437,8.36283512434393,4.12452600006883,0.00145393565840779,0.0019225026004539,-1.52792196631791,2.82569767493954
AT5G58840.1,23662,28468,20757,18887,22412,16746,542,0.326661287900569,14.3929458214178,1.23494163585966,0.240839350067761,0.274261953750634,-6.41927472350358,1.25410773388108
AT5G60440.1,1250,1270,980,1237,1028,769,543,0.223062071233176,10.0680435361801,0.801682539756215,0.438557593181328,0.479833601951335,-6.85511839404291,1.16720831929282
AT5G60760.1,1328,1557,1262,1158,1240,952,544,0.310653058692875,10.2727547476954,1.2069881276742,0.251038135828835,0.285293848864542,-6.45194104090343,1.2402690002376
AT5G61490.1,147,125,87,41,41,48,545,1.41560673936448,6.17425159957315,5.08466602536294,0.000281578161297544,0.00038415798044995,0.160309362740662,2.66771905336608
AT5G62140.1,1523,1972,1616,2,5,16,546,7.97384618299929,6.73938570573053,16.1989050752076,1.97200679593543e-09,8.59671712603103e-09,12.2166343043019,251.40093113918
AT5G63230.1,211,304,185,754,846,558,547,-1.63117025608879,8.65550002741822,-5.58672895888368,0.000125458632043306,0.000173711952059962,0.99670458016626,-3.09764165036511
AT5G63740.1,93,93,75,182,227,191,548,-1.19214904545703,7.04844292832813,-4.65128264483761,0.000581990705562953,0.000780650994481076,-0.588506619408549,-2.28492853847276
AT5G64400.1,6464,8371,6446,950,859,744,549,3.05387084110091,11.2544657524836,11.7248781773371,7.28695777487982e-08,1.61996909895735e-07,8.66282891281772,8.30437067292256
AT5G64430.1,20159,23975,18756,309,403,312,550,5.93976604424466,11.3780012671085,22.7689303457051,3.96804598034612e-11,7.12968954478295e-10,15.7918949320908,61.3829486163951
AT5G65160.1,1717,2207,1508,47,66,65,551,4.90632335263531,8.35164361316345,17.7806569300295,6.82635442733727e-10,4.37828249477494e-09,13.2215329469635,29.9882068325605
AT5G65870.1,1814,2649,1750,7,9,3,552,8.21652191692241,6.88223699009033,23.2398515156292,3.13057897942421e-11,6.02366576040934e-10,15.996402217809,297.453824365961
AT5G66100.1,1478,1710,1283,198,259,175,553,2.82634527216713,9.11931398682003,10.4462208867262,2.55130930746336e-07,4.80956281609646e-07,7.39362317350367,7.09275085900286
AT5G66250.1,2002,2371,1614,47,47,18,554,5.80643364501803,8.04250099413765,15.8056924173104,2.60543419798809e-09,1.0535016539691e-08,11.9493021908265,55.9642509029349
AT5G66750.1,1567,1947,1346,342,326,188,555,2.53352264192262,9.3792459929253,8.3148575624528,2.79928221251939e-06,4.48850423731557e-06,4.93613258970657,5.78983663484081
AT5G66910.1,2828,3700,2791,106,49,49,556,5.57922658065184,8.79933974564279,16.8020434354158,1.30169201419586e-09,6.69714854326398e-09,12.6126915140479,47.8095387048546
AT5G66985.1,38,63,54,1,0,3,557,4.68892064412897,3.34446032206448,10.8444348320788,1.70441249531105e-07,3.36064371866984e-07,7.80369243469177,25.7932318043459
AT5G67620.1,9134,12079,8295,999,1107,813,558,3.32910353052099,11.580688910253,12.2584767890484,4.46908483325051e-08,1.08423884215382e-07,9.15393988925404,10.0498602202225
