AT1G01530.1,533,351,338,201,205,260,1,0.850883668985433,8.21631450332768,3.86690770259489,0.00784765485727219,0.0100097638485615,-3.33326677427708,1.80360531806125
AT1G02580.1,64,38,78,103,63,126,2,-0.692524541615152,6.21677919749684,-1.94908969868961,0.0978219606432141,0.109665875160554,-6.01378557952812,-1.61610904067721
AT1G02940.1,1540,869,979,2891,2243,2150,3,-1.13644664357651,10.6652768805394,-4.52401967261848,0.00372491094690464,0.00494020019483374,-2.50746766277368,-2.19838892845894
AT1G04445.1,797,581,637,557,340,403,4,0.648857389763448,9.05641560275011,2.88249028216543,0.0270779511535581,0.0325456143672574,-4.68045864453184,1.56792591119741
AT1G04540.1,751,698,595,131,71,63,5,3.00286229890482,7.90620418971933,10.3080774443065,4.05086715023917e-05,7.73915061324317e-05,2.56512137107921,8.01588771067952
AT1G04635.1,238,226,258,80,116,93,6,1.32647333627085,7.25150452618398,7.91944727107402,0.000186341718024152,0.000308062307304515,0.854798068757686,2.50788872339502
AT1G05820.1,653,649,633,40,65,62,7,3.54218523869228,7.56416796850496,17.3302551099499,1.8070814348294e-06,5.61205414543291e-06,5.96176380669469,11.6494120534203
AT1G06470.1,2749,2988,2935,124,201,90,8,4.45283631006937,9.27034829090555,15.3643255945139,3.74463654154265e-06,1.00123971699001e-05,5.18288702762914,21.8996561069361
AT1G06660.1,162,208,239,229,213,164,9,0.00323287677637829,7.65270952225197,0.0158344757921536,0.987865747753097,0.987865747753097,-7.7295439885327,1.00224337202457
AT1G07135.1,2224,987,737,19,15,56,10,5.48020524977804,7.45837532790638,9.07745594135407,8.50884788357079e-05,0.000147723053534215,1.73510094053291,44.6381474650665
AT1G07690.1,126,91,119,148,139,168,11,-0.443397911750539,7.0280780353545,-2.64316118795156,0.0373534361706179,0.0438420612331196,-5.02248568333106,-1.35980323943613
AT1G07705.1,2861,3209,3472,1102,1194,1010,12,1.5271843245853,10.8674519157468,11.3544249898265,2.28943777029576e-05,4.7107773051353e-05,3.19987163465631,2.88222771928691
AT1G08030.1,324,355,366,43,37,42,13,3.06868056831415,6.91221491308473,24.822177035342,2.02190909954383e-07,1.46967609904607e-06,8.19736661455802,8.39005674584723
AT1G08065.1,66,72,47,233,289,236,14,-2.03271360281255,6.96331555142592,-10.2598030491172,4.16414008435357e-05,7.88662894763934e-05,2.53435914092503,-4.09173752538423
AT1G09380.1,1057,868,948,176,356,218,15,1.99280922741209,8.90379557161047,7.36486779335659,0.000280920533532935,0.000445905608782436,0.39298489222953,3.98011254834249
AT1G09550.1,1001,576,537,1028,725,656,16,-0.219348633604911,9.51385987160156,-0.740320538527129,0.48629312951391,0.506475031934414,-7.42522072777794,-1.16420783635835
AT1G09880.1,2960,2219,2234,2758,2219,2091,17,0.0657770045493358,11.2252021152206,0.365558842188294,0.726892046430012,0.737213028833683,-7.65302657563001,1.04664849040802
AT1G10010.1,252,134,111,384,500,327,18,-1.34925644653094,7.96368292119972,-4.01092018322583,0.00662825725086456,0.00851961086229378,-3.14687493283466,-2.54780779646261
AT1G10190.1,29465,22760,24256,6248,5385,5300,19,2.17023216043123,13.5439350683944,14.4602606730709,5.39715789977481e-06,1.35606982406402e-05,4.78734087825647,4.50095818073996
AT1G10417.1,101,104,100,28,21,21,20,2.08934603666242,5.63695442913193,13.9886473627718,6.58819519937579e-06,1.6147537253372e-05,4.57039586002866,4.25555128160227
AT1G11420.1,275,318,332,91,153,98,21,1.46187010692759,7.53750342574097,6.5411188172126,0.000542986911709851,0.000805618563367732,-0.348747127806111,2.75465206645552
AT1G11580.1,5060,6195,5323,16,16,14,22,8.39960225520033,8.22707322030323,62.5700095560552,6.86164170951261e-10,6.86164170951261e-08,12.5916217252884,337.700909638572
AT1G11810.1,21,16,12,584,501,485,23,-4.94710489799953,6.55599717500934,-23.0153692763936,3.21007877104444e-07,1.88828163002614e-06,7.7418475170817,-30.8479967163705
AT1G11905.1,5912,5639,4995,287,270,287,24,4.28523757547342,10.2832851358162,35.4138716139792,2.28448698806709e-08,4.56897397613418e-07,10.1822078473172,19.4977747460128
AT1G14230.1,3024,3055,2969,403,381,287,25,3.09027671951445,10.0136601305005,19.3224937933432,9.32889939456137e-07,3.40470780823408e-06,6.65547797818818,8.51659484847339
AT1G15760.1,212,261,229,2,28,19,26,4.28291702732386,5.72974904390729,5.18954681783833,0.00186567494834477,0.00254873626823057,-1.73519961135688,19.4664381467765
AT1G16290.1,91,87,85,66,29,20,27,1.34798704018379,5.79575925637358,3.26993229460974,0.0163479773717692,0.0198880503306195,-4.13650819510267,2.54556700346788
AT1G17950.1,173,141,228,0,1,2,28,6.6156439675764,4.16947615069525,15.8025650078968,3.15963435290292e-06,8.87537739579472e-06,5.36567066892308,98.0634740812969
AT1G18250.1,783,641,676,791,717,698,29,-0.074064648155197,9.48508277568177,-0.560675414904296,0.594764914339878,0.609390281085941,-7.55189778599942,-1.05267832489097
AT1G18350.1,228,163,201,859,956,981,30,-2.24505996764112,8.74085240897617,-14.0050932992236,6.54184538049031e-06,1.61129196563801e-05,4.5780902682518,-4.7405681280286
AT1G19140.1,3136,2882,2748,181,144,142,31,4.22854701995315,9.39679853230725,29.2203869920948,7.44011431524528e-08,9.3001428940566e-07,9.14433123379748,18.7464695635883
AT1G19640.1,19847,9491,10239,1121,459,533,32,4.25769585224434,11.4748622405357,9.84036712237097,5.31842843265187e-05,9.8489415419479e-05,2.26115279904789,19.1290835459832
AT1G20140.1,5924,5487,5632,1083,1082,1025,33,2.41619012550537,11.2633555909424,22.2247358379933,3.97439266379052e-07,2.06999617905756e-06,7.52806185469302,5.33759604723425
AT1G20500.1,5558,4964,4356,257,350,230,34,4.16300118331182,10.1876017640372,21.2171389176014,5.27561228860032e-07,2.50116305830157e-06,7.24156535951147,17.9138209115434
AT1G20690.1,2221,1928,2032,434,559,547,35,2.00949611288045,10.0021436199874,13.6108496266446,7.76529903405912e-06,1.84044484533854e-05,4.39097714573136,4.02641565672404
AT1G20730.1,4494,4666,4442,0,0,5,36,11.2849136925516,6.50411101318285,16.0890366477532,2.83441796012689e-06,8.05232375036047e-06,5.48218479002718,2495.15494597985
AT1G21670.1,711,663,689,708,828,942,37,-0.254919551810504,9.5545349138982,-1.78437719260708,0.123223234579009,0.136007985186544,-6.24140707340457,-1.19326920157932
AT1G21790.1,446,518,425,37,15,10,38,4.61702407922872,6.54429841697465,10.3984438738421,3.84824703088831e-05,7.4290483221782e-05,2.62233866462465,24.539332123835
AT1G22015.1,850,702,676,1049,1053,1026,39,-0.496215002058468,9.77924357580707,-3.74674113154867,0.00905716818244785,0.0114647698511998,-3.49107065006858,-1.41050815013016
AT1G22040.1,1872,1720,1756,156,78,115,40,3.98089418336511,8.80924125574799,15.6364429683504,3.36797300419259e-06,9.25267308844119e-06,5.29704096027812,15.7895065866224
AT1G22180.1,1407,1254,922,80,65,43,41,4.25313812141361,8.0744609743336,15.4819777329707,3.57609083355472e-06,9.6651103609587e-06,5.23250994208072,19.0687467184023
AT1G22420.1,713,601,678,5935,5963,5260,42,-3.1059311828685,10.9265214931121,-24.2395303743067,2.33823102131369e-07,1.58554055048682e-06,8.05523592164479,-8.60951031138404
AT1G22590.1,1140,965,1030,860,942,954,43,0.18381692049917,9.93535523058127,1.48646391204724,0.186339238066134,0.20298391946202,-6.63475785082681,1.13588511063857
AT1G23360.1,569,478,445,64,14,53,44,3.72515131463605,7.0906242942515,6.75183616616499,0.000455985308539631,0.000688799559727539,-0.152216845602177,13.224592056764
AT1G27000.1,6163,5698,5595,410,523,523,45,3.58882796142152,10.7110275096296,24.933973599259,1.96705204842997e-07,1.46967609904607e-06,8.22414477534278,12.0321951096849
AT1G27130.1,6041,5993,5533,48,132,74,46,6.21513659857973,9.40717195599396,17.6074610020758,1.64121592965371e-06,5.25723643162242e-06,6.06361259110656,74.292084379072
AT1G28460.1,87,152,117,230,235,198,47,-0.923851400209919,7.32841320366889,-4.17410049500237,0.00549480413945958,0.00711762194230516,-2.93932523388476,-1.89717320848205
AT1G29080.1,2273,1630,1803,879,808,841,48,1.16016973327949,10.2997622096468,7.40621567977638,0.000272216354878226,0.000434850407153715,0.428405861387825,2.23483718959569
AT1G29960.1,945,870,850,39,93,87,49,3.68309734614064,7.95353152813775,10.9245788766923,2.87675603165835e-05,5.75351206331669e-05,2.946273955271,12.8446648865854
AT1G32120.1,2680,2493,2319,396,425,266,50,2.80810319825694,9.88018518214725,13.7757611749366,7.22383403901115e-06,1.75335777645902e-05,4.46992823420677,7.00363160047655
AT1G32583.1,27,49,54,0,12,7,51,3.17737703573863,3.82216842391635,3.33980410811044,0.0149604548874885,0.0182444571798641,-4.04011299463998,9.04660848013707
AT1G34170.1,740,648,593,925,746,829,52,-0.335692273726007,9.53108731056492,-2.2924078267619,0.060520977532988,0.0692459697173776,-5.52650568230564,-1.2619828229717
AT1G34180.1,2850,1928,1334,241,385,365,53,2.58216455524508,9.63342231523145,7.97788213183737,0.000178706531432562,0.00029784421905427,0.901843341652491,5.98837494827812
AT1G34650.1,34,17,21,664,557,466,54,-4.53665698163428,6.85454170315866,-16.3468789870158,2.57447779717787e-06,7.41629639498535e-06,5.58511939247218,-23.2097162757554
AT1G35660.1,5226,5530,5122,651,681,699,55,2.9647660173476,10.8869054070363,27.0852639584368,1.18484750374175e-07,1.10142433581211e-06,8.71055894557971,7.80698781177009
AT1G43020.1,434,492,665,0,0,0,56,9.02989793139509,4.51494896569754,50.2960280875037,2.63605681312135e-09,1.51469515991075e-07,11.7976155756074,522.72122527689
AT1G43800.1,3059,1388,3209,1,1,31,57,8.88916813452369,6.77791740059518,7.91327907128857,0.00018716930500842,0.000308062307304515,0.849814727381084,474.139617479801
AT1G44090.1,483,333,365,490,357,445,58,-0.135342507822187,8.67376037658866,-0.683035921604669,0.519377735258193,0.536547247167555,-7.46890590706986,-1.09835354111774
AT1G44130.1,3156,2241,2448,2620,2044,1957,59,0.241311450307053,11.2169729970739,1.27170021818265,0.249278844916854,0.267466571799199,-6.89695225301671,1.18206670501826
AT1G44750.1,8315,8534,7808,1206,1072,1108,60,2.86402786874183,11.5719099249287,24.8466091323093,2.00977056271027e-07,1.46967609904607e-06,8.2032320937867,7.2804512287832
AT1G45248.1,381,341,375,19,4,12,61,5.06852476222782,5.98236101708585,10.3773614367827,3.89445163908182e-05,7.48933007515735e-05,2.60903249214256,33.5566027903796
AT1G48910.1,26,4,5,123,135,158,62,-3.89758800304986,5.16938670078226,-6.14130837892453,0.000765705530218614,0.00111294408462008,-0.735422888697298,-14.9035901754277
AT1G49290.1,95,32,52,2032,1441,1580,63,-4.91753150893371,8.24452477934779,-12.5485971774392,1.26290608597239e-05,2.78173146689954e-05,3.85739956476957,-30.2220896005209
AT1G49600.1,617,806,1005,623,669,754,64,0.22285004752262,9.52267580323458,1.09238977197982,0.315441081301924,0.336291131451945,-7.09715880838283,1.16703679471711
AT1G49640.1,2279,1917,1823,115,50,80,65,4.67427959608376,8.62722524470311,15.3168458834978,3.81524825503262e-06,1.00662249286834e-05,5.16274436418248,25.5327954817803
AT1G51355.1,3378,3255,3100,16,8,18,66,7.82815602463548,7.74918313102982,26.9176713415559,1.23078894683668e-07,1.10142433581211e-06,8.67454050228459,227.253077986164
AT1G52460.1,91,126,98,0,0,0,67,6.71386775430293,3.35693387715146,43.7707494376101,6.20390071113566e-09,2.81995486869803e-07,11.2054469166136,104.972509810188
AT1G53520.1,1283,1147,1268,584,970,767,68,0.700076655675993,9.91689926137503,3.44498354350118,0.0131087479975908,0.0161437783221562,-3.89612930400014,1.62459111090022
AT1G54170.1,2050,2196,1948,343,276,323,69,2.71736412750837,9.65196770496615,20.288189223913,6.93163159766093e-07,2.98777224037109e-06,6.96237624056159,6.57670120853366
AT1G54570.1,303,322,282,23,61,23,70,3.20128493304673,6.6420162371331,8.33232885428663,0.000139408688964665,0.000236285913499433,1.18097139192331,9.19777517044738
AT1G54575.1,3205,3162,2973,13,11,9,71,8.03252665501941,7.58767850006508,51.6743090552305,2.2315732905903e-09,1.51469515991075e-07,11.9050794356858,261.837269941145
AT1G55050.1,731,649,659,142,129,84,72,2.54489595816704,8.13632467439837,11.7332743111089,1.88426997486471e-05,3.94021317693158e-05,3.41566909569891,5.83566051552243
AT1G55560.1,292,233,336,4529,3753,3389,73,-3.76161715753356,10.0347173638293,-19.927774960236,7.73153451573611e-07,3.06569317219429e-06,6.84990080047415,-13.5631197633069
AT1G55650.1,409,306,337,101,91,175,74,1.56234515483067,7.66631221630394,5.70259999786039,0.0011390509804966,0.00160429715562902,-1.18176604897283,2.95333529193589
AT1G55920.1,4349,4147,4248,96,182,58,75,5.38655058763898,9.35936053709716,13.6542202007523,7.61847543603643e-06,1.83136428750876e-05,4.41183718000568,41.8324499423772
AT1G57590.1,202,74,119,39,28,46,76,1.688849087199,6.08925719083036,4.36975134633018,0.00441148611336052,0.00580458699126384,-2.69563744698404,3.22399406313469
AT1G59670.1,735,615,579,808,1075,1250,77,-0.683355580795194,9.66509698598654,-3.43336207265714,0.013300438037542,0.0163396044687248,-3.91197017567447,-1.60587052728858
AT1G59800.1,425,345,457,618,501,692,78,-0.557836353114251,8.94843205521029,-3.10641625265255,0.020175689964586,0.0243667753195484,-4.36426076983298,-1.47205987491824
AT1G59890.1,2813,2936,2560,825,640,527,79,2.08081768792074,10.3932663897592,11.0385392097949,2.70561726765612e-05,5.45487352350023e-05,3.01444500136106,4.23046922009011
AT1G59930.1,1178,840,1022,142,396,323,80,1.92839462872475,9.00843615996437,4.8992078591082,0.0025037679119961,0.00338347015134608,-2.06432377007863,3.80631412607608
AT1G60220.1,12184,12561,12288,2522,1922,1859,81,2.56784088102212,12.3076385886149,16.7962711348623,2.18459379428759e-06,6.46329524937157e-06,5.76029605241035,5.92921405310695
AT1G60400.1,35,7,30,757,706,854,82,-5.21575991364152,6.98258706076382,-9.17123140976408,8.01648534015022e-05,0.000140148345107521,1.80191000640121,-37.1620945702619
AT1G60440.1,2062,1834,1615,51,48,62,83,5.07262481687088,8.30045557035418,31.9859553073267,4.27057229692042e-08,7.11762049486737e-07,9.64421935608785,33.6521043268771
AT1G61090.1,3072,3039,2789,118,133,101,84,4.65600159030108,9.20577822706294,32.6269199063576,3.7805664298532e-08,6.53413564593869e-07,9.75121206048019,25.2113521443577
AT1G61330.1,3142,2084,2710,2316,2128,2088,85,0.261922760861422,11.2184944938921,1.47629281825582,0.18895759733635,0.205388692756902,-6.64764141661133,1.19907571584766
AT1G62305.1,1923,1537,1625,376,413,435,86,2.047917472754,9.69732273489197,14.7634210836206,4.76322726311992e-06,1.2213403238769e-05,4.92286582334488,4.13508639669621
AT1G62333.1,10296,10533,10021,42,46,49,87,7.78629174124717,9.43471580267507,66.8782084394364,4.55096109653405e-10,5.68870137066756e-08,12.8001358902781,220.753383677207
AT1G62340.1,5727,5714,5223,5224,6085,5243,88,0.0121156104401905,12.4323731087507,0.0978310210607713,0.925165302433525,0.92888082573647,-7.72414372209538,1.00843326250737
AT1G62660.1,2939,3617,3393,109,88,54,89,5.34429837462397,9.01830013998389,19.8518885442713,7.9133185000746e-07,3.07030351716108e-06,6.8259104587331,40.6250694603514
AT1G63010.1,8386,8325,7853,210,277,190,90,5.19302992568885,10.4023379926666,30.887476182974,5.29278780867116e-08,7.35109417870994e-07,9.45336904729301,36.5811855255033
AT1G63055.1,12582,11078,11828,8588,8647,7838,91,0.500629891977345,13.2779413371541,4.25172709620056,0.00503289754976304,0.00655325201792063,-2.8419644510578,1.41483115392624
AT1G63090.1,10856,10601,8799,320,298,399,92,4.89579572522779,10.8459936463123,29.801874577852,6.59276176615574e-08,8.63325415651725e-07,9.25490491618438,29.7701735152897
AT1G63220.1,5671,5618,5244,739,700,580,93,3.03847337057896,10.9082521679333,22.1861914608347,4.01675061575749e-07,2.07049000812242e-06,7.51739840658809,8.21621178982362
AT1G64630.1,3510,3381,3199,754,718,720,94,2.20038239039097,10.6148699431597,20.0793805197953,7.38267207784577e-07,3.00108621050641e-06,6.89750547460128,4.59601144436101
AT1G64750.1,12122,11729,10822,1360,1659,1463,95,2.95402288164526,12.0180510128301,22.8194959973602,3.38221267599598e-07,1.90439553104012e-06,7.68974774327585,7.74906841575935
AT1G65300.1,2214,1414,1693,1907,1679,1595,96,0.0178531901999452,10.7597052317313,0.092383541298288,0.929318138623686,0.931180499622932,-7.72474370479259,1.01245177420674
AT1G65330.1,169,78,123,1032,900,926,97,-3.00568845620082,8.39196689300097,-10.6462212428443,3.35002221474412e-05,6.6733510253867e-05,2.77681436443907,-8.03160576785313
AT1G65360.1,94,28,58,527,498,553,98,-3.27018421264152,7.40525199059421,-7.88104250496622,0.000191563758493723,0.000314038948350365,0.823716192122239,-9.64769442295655
AT1G66630.1,3,3,2,194,218,215,99,-5.8506807915977,4.7869945627059,-37.078725421763,1.7222872975598e-08,4.56897397613418e-07,10.4156156191865,-57.707254588769
AT1G66855.1,653,478,562,1021,697,912,100,-0.628237991272334,9.44545892340767,-3.18783217668928,0.0181604156930875,0.0219859754153602,-4.25049560806644,-1.54567605759373
AT1G67500.1,1900,1626,1732,252,172,214,101,3.05126087985358,9.24756865723363,17.6780293040154,1.60185479739183e-06,5.23481959931971e-06,6.0892502707863,8.28936092263797
AT1G67820.1,2171,953,1343,11176,11142,10074,102,-2.93853880582095,11.92759315844,-9.84862340373031,5.29240158171698e-05,9.83717766118397e-05,2.26663572898238,-7.6663443741325
AT1G67830.1,2409,2417,2580,4700,3550,3632,103,-0.670525624723258,11.6046396078484,-4.49284450646473,0.00385337793160793,0.00509706075609514,-2.54521176124037,-1.59165275716126
AT1G69530.1,8877,10456,12949,9,2,1,104,11.4073247573652,7.67262591055213,19.5136038789732,8.7864239221545e-07,3.30316688802801e-06,6.71763141632783,2716.10729666943
AT1G69828.1,68,35,38,293,175,142,105,-2.08504120772311,6.56380449622246,-5.80240279393056,0.00103864521574242,0.00147534831781594,-1.07811587191238,-4.24287215297193
AT1G69860.1,468,385,405,570,525,469,106,-0.313848601417172,8.8673366563648,-2.24317723678674,0.0648142642556715,0.0738203465326555,-5.59703447107195,-1.24301921775692
AT1G69900.1,5411,3341,3303,2388,1747,2220,107,0.895921942651086,11.4848523998268,3.70874344314265,0.00948151328188345,0.0119114488465872,-3.54139325953053,1.86079863374183
AT1G70380.1,375,424,326,8,14,17,108,4.79743803656921,6.14763255111565,17.350732291397,1.79418438706302e-06,5.60682620957193e-06,5.9693501782775,27.808191872414
AT1G70440.1,918,891,863,10,12,15,109,6.07994570553147,6.7599299650252,37.0309777956423,1.73599057569149e-08,4.56897397613418e-07,10.4091518641701,67.6466087316414
AT1G70560.1,21,25,59,101,114,75,110,-1.56636032465752,5.80543413979106,-3.90387813423007,0.00751243592045651,0.00960669555045589,-3.28513113389407,-2.96156617854409
AT1G70580.1,2393,2335,2161,165,225,141,111,3.71607243009713,9.30635805280416,19.2931304512575,9.41564684139064e-07,3.41146624688067e-06,6.64586438305614,13.1416309673432
AT1G71940.1,1417,1430,1344,91,32,96,112,4.39265710460253,8.25228485816879,10.4340847576645,3.77156682398945e-05,7.33767864589386e-05,2.64477483167555,21.0049450215956
AT1G72540.1,125,114,120,5,3,5,113,4.52390273675886,4.6519263688602,23.7561616568466,2.64483266699952e-07,1.66596993992327e-06,7.9339487395073,23.0054334989028
AT1G72580.1,589,589,552,630,681,545,114,-0.0958677687311535,9.22135987060995,-0.73427346538782,0.489717022794101,0.508005210367325,-7.42997228887315,-1.06870803350565
AT1G73500.1,773,729,894,25,22,18,115,5.14725236480724,7.06426924495085,31.4012160390216,4.7829507993465e-08,7.24689515052501e-07,9.54383333774661,35.4386653036916
AT1G73560.1,4135,2653,3167,4746,3709,4228,116,-0.366258301733886,11.8555723994552,-1.83255489736944,0.115185549510912,0.127886192126996,-6.17541825097547,-1.28900539479398
AT1G76250.1,12108,11060,10462,294,423,276,117,5.1012538302516,10.899371503413,26.5680921267964,1.33343975474771e-07,1.14951702995492e-06,8.59842982848953,34.3265706829061
AT1G76290.1,822,730,785,702,726,661,118,0.160993959611103,9.525123593072,1.39551847000913,0.210984758621569,0.228338483356676,-6.74840463914625,1.1180571697865
AT1G77000.1,1324,1409,1293,122,174,152,119,3.17325484458412,8.8036652422468,19.7523579996692,8.15930808878742e-07,3.13819541876439e-06,6.7942801782725,9.02079663329387
AT1G77960.1,489,362,392,181,360,352,120,0.530558379633293,8.42100386993566,1.77247688365476,0.125291719417404,0.137986475129299,-6.25762214421023,1.44448816098591
AT1G78830.1,49027,51068,24269,632,772,606,121,5.88080865595985,12.3223839945162,18.9005197603602,1.06702771217064e-06,3.70495733392583e-06,6.5156548216836,58.925028900887
AT1G79530.1,10688,10648,10326,443,745,476,122,4.28703668545301,11.2219493902635,19.9044616264956,7.7868606573735e-07,3.06569317219429e-06,6.84254218690299,19.5221045742857
AT1G80190.1,765,723,770,340,458,340,123,1.00067577248701,9.05687328673089,6.39834948259072,0.000612725493489134,0.000901066902189902,-0.484711596634273,2.00093703903014
AT2G02147.1,1715,1436,1658,1563,1436,1608,124,0.05931953347487,10.6135990182335,0.465533299282886,0.657518375199596,0.669570646842766,-7.60617674509602,1.04197418377893
AT2G02490.1,2860,2161,2168,26752,30574,36678,125,-3.70895856538608,13.0689022586031,-20.2364978178475,7.04023868355189e-07,3.00108621050641e-06,6.94639163648496,-13.0769896755381
AT2G02960.1,2782,2381,2266,852,853,712,126,1.61823303651795,10.4598673373865,11.2513789478319,2.41649368835658e-05,4.93161977215629e-05,3.139945078444,3.06998804284075
AT2G03090.1,4519,2731,3498,679,748,833,127,2.22281978559712,10.6654486988123,10.6132158891276,3.41188799592184e-05,6.76961903952746e-05,2.75643799895221,4.66804926098799
AT2G03190.1,5193,3998,4298,2992,2813,3275,128,0.564778813698732,11.8435570129746,3.85075214746908,0.00799932452100476,0.0101772576603114,-3.35436290932923,1.47916071484012
AT2G03770.1,952,820,771,787,954,863,129,-0.0354227971957126,9.7410540162498,-0.249743473848852,0.810887751404193,0.819078536771913,-7.69370312602031,-1.02485712435742
AT2G04032.1,121,115,77,113,130,99,130,-0.145349551308071,6.76404829283827,-0.67868952643904,0.521946801103959,0.538089485674185,-7.47209783544433,-1.10599859381557
AT2G04425.1,15,15,12,239,271,330,131,-4.22153370850833,6.01091342696786,-24.8096756688891,2.02815301668358e-07,1.46967609904607e-06,8.19436247861279,-18.6555593042787
AT2G04750.1,237,219,236,235,198,190,132,0.156074742596541,7.77693620394535,1.1890755611449,0.278120049461086,0.297773072228143,-6.99157895779428,1.11425137603596
AT2G07040.1,120,75,85,339,303,259,133,-1.69554358572982,7.37879029467167,-7.9989978119655,0.000176036371401476,0.000294375203012501,0.918770405651502,-3.2389890385168
AT2G13560.1,44056,43190,42168,10592,11038,10458,134,2.01193971840786,14.3905041168418,18.9556162108837,1.04830169745036e-06,3.70495733392583e-06,6.53411702277523,4.03324129104035
AT2G15280.1,2063,1959,2178,291,296,249,135,2.88912923706629,9.56787393998077,22.8378822196964,3.36560699504973e-07,1.90439553104012e-06,7.6946620450019,7.40823178218098
AT2G15325.1,551,571,612,838,908,994,136,-0.657025714272535,9.50455920955205,-5.32215659825339,0.00163711555953755,0.00224878510925488,-1.58876977725332,-1.57682845289845
AT2G15660.1,61,60,63,63,115,35,137,-0.0476574495400417,5.98547327408661,-0.117392966684336,0.910274592505535,0.915769207752047,-7.72170693533113,-1.03358529480367
AT2G17690.1,2954,2932,2733,574,1371,1220,138,1.54019030047865,10.7178719492366,4.60896836227573,0.00339858675655632,0.00455574632246155,-2.40534197815653,2.90832863603611
AT2G17750.1,407,219,270,2911,2423,2477,139,-3.16333166632074,9.76031053211038,-12.9605656541535,1.04120038529886e-05,2.35565698031417e-05,4.06966149768373,-8.95896248042065
AT2G17990.1,3068,3028,2789,270,201,356,140,3.45802913728122,9.8023948313522,15.7276536015118,3.25167797524395e-06,9.03243882012207e-06,5.33482068029311,10.9893118100001
AT2G18280.1,3518,3421,3840,219,127,103,141,4.64901355336813,9.48510658723932,16.4803338144319,2.45084080988668e-06,7.12453723804267e-06,5.63769410247884,25.0895302323791
AT2G18880.1,353,272,362,52,119,154,142,1.71775099118422,7.49585398074076,4.25367391701528,0.00502188473036485,0.00655325201792063,-2.83953411974984,3.28923250511646
AT2G19220.1,663,465,513,751,777,710,143,-0.462356940362721,9.31279517857972,-2.83249046845208,0.028943376052241,0.0345386349072088,-4.75162721618702,-1.3777908865001
AT2G19400.1,306,211,268,146,118,77,144,1.22719511182782,7.40689499824943,4.53237441591463,0.00369130436862194,0.00492173915816259,-2.49737670954669,2.34111387662169
AT2G19430.1,703,490,536,103,94,140,145,2.35264747735552,7.97960596496804,10.9997562897943,2.76250441717567e-05,5.54719762485075e-05,2.99132233760304,5.10760684016409
AT2G19480.1,5409,5452,4997,995,1004,860,146,2.47284378646298,11.1307056084086,20.1091970239537,7.31622822976803e-07,3.00108621050641e-06,6.90681767245878,5.55136974690457
AT2G19500.1,3586,2782,2724,4773,4050,4312,147,-0.538831161220646,11.8237581598906,-3.45693808614188,0.0129147225559093,0.0159441019208757,-3.87985242254265,-1.45279501884118
AT2G19802.1,10755,7850,9285,7017,6996,7269,148,0.378417219228277,12.9815768287888,2.54848241051535,0.0425010319542533,0.0495350022776845,-5.1584908460767,1.29991493613385
AT2G20160.1,434,302,376,1574,1437,1532,149,-2.04221992263167,9.54326539047507,-12.5264787088798,1.27627629167141e-05,2.78662945779784e-05,3.84580306018339,-4.11878814880861
AT2G20780.1,1406,1138,1195,116,93,120,150,3.49738117020237,8.52996285461306,22.2795525580376,3.91504172166712e-07,2.06999617905756e-06,7.54318771991682,11.2931900935936
AT2G21420.1,1278,1070,1104,273,332,448,151,1.73579729437925,9.2972260087806,8.41592159291148,0.000131651832564866,0.000224661830315471,1.24528571843939,3.3306350803305
AT2G21930.1,22,24,9,76,65,80,152,-2.05389480740629,5.19006281727618,-5.6706494712032,0.00117349270193066,0.00164816390720598,-1.21521752547424,-4.15225431387199
AT2G23790.1,17094,11967,11882,410,508,349,153,5.00635506908148,11.2117533817373,23.3441624667388,2.94346026770857e-07,1.75205968315986e-06,7.82806080387732,32.1412708634307
AT2G23990.1,3808,2679,2980,3404,3370,3384,154,-0.117515198482119,11.6670224385409,-0.738664831835523,0.487228980720907,0.506475031934414,-7.42652496444248,-1.08486475396657
AT2G24740.1,3294,2930,2884,1224,1833,1548,155,1.00037673994775,11.0656768320654,5.63458198363713,0.0012138022470411,0.00169525453497361,-1.25313764355005,2.00052234066324
AT2G25685.1,272,230,231,216,149,230,156,0.320122737702355,7.77410102363665,1.61603534303265,0.155817177144327,0.1704783119741,-6.46719656655254,1.24843675550571
AT2G25700.1,332,262,359,654,440,519,157,-0.75073443410585,8.678750701284,-3.73275955279445,0.0092108173175416,0.0116298198453808,-3.50956382825253,-1.68264920030534
AT2G26280.1,4121,3532,3572,348,338,413,158,3.35100512505662,10.1907397781434,24.1502803478831,2.39159943518882e-07,1.58554055048682e-06,8.03307554071809,10.2035913807912
AT2G27040.1,30890,27035,24465,8443,7826,7235,159,1.80568413278426,13.8358191615611,12.9236240772787,1.05913031952554e-05,2.38542864758005e-05,4.05091160947734,3.49594898613873
AT2G28040.1,3685,2627,2842,2813,2742,2464,160,0.177823616093493,11.4713509584968,1.08223517306746,0.319592162882814,0.339991662641292,-7.10790218781775,1.13117615678602
AT2G28380.1,4242,4294,3811,131,235,228,161,4.41646760880309,9.79698079000729,17.9227314996497,1.47359500192928e-06,4.94494967090362e-06,6.1772578956252,21.3544910477107
AT2G28700.1,36,11,14,20,12,55,162,-0.399601867006279,4.43356975415601,-0.616950535503408,0.559315894221073,0.574246297968247,-7.51551972945934,-1.31914382332619
AT2G30160.1,1631,1601,1376,125,175,104,163,3.53147985290395,8.81605894638642,16.5671290730607,2.37412241819805e-06,6.94187841578378e-06,5.67163445419,11.5632885940862
AT2G31360.1,33416,30340,30438,1093,1217,1141,164,4.76928886113682,12.552325222589,41.2678169612937,8.91433833099915e-09,3.4285916657689e-07,10.9350613424059,27.270870759058
AT2G32370.1,5423,3528,4630,9249,10817,9458,165,-1.13885418940976,12.6918581679115,-6.07368281646041,0.000812902680935552,0.00117132951143451,-0.802682219308199,-2.202060626646
AT2G32750.1,7584,6685,6428,377,321,356,166,4.29110005792824,10.6031965510857,32.8964031409046,3.59426676782765e-08,6.53413564593869e-07,9.79527260844411,19.577166382873
AT2G32940.1,508,572,404,93,140,83,167,2.24307788191647,7.81702481657663,9.31114746359277,7.34159355418275e-05,0.000130633337263038,1.90043947101628,4.7340596418403
AT2G32990.1,439,387,297,58,33,44,168,3.0461606964107,7.0104000105193,12.1741100970997,1.51300890125066e-05,3.20552733315818e-05,3.65820826545574,8.26010829522992
AT2G33780.1,5224,4884,4575,6712,6628,6339,169,-0.424118361379582,12.4671356825197,-3.70923881624909,0.00947584167084318,0.0119114488465872,-3.54073591149934,-1.34175230021654
AT2G34200.1,806,762,597,27,12,32,170,4.96792567491775,7.00135909064459,13.6104470203163,7.76667724732864e-06,1.84044484533854e-05,4.39078317860891,31.2964187729566
AT2G34260.1,978,1082,1113,159,271,146,171,2.50948427119266,8.79109656258769,10.0170036737158,4.79234398637354e-05,9.00816538792019e-05,2.37752337918434,5.6941648914082
AT2G34440.1,69,78,65,34,19,16,172,1.64626131046595,5.3360219729272,5.85824838263177,0.000986873741488322,0.00140580305055317,-1.02066803285264,3.1302140406692
AT2G34880.1,753,633,637,202,167,334,173,1.57950057728795,8.60497383041367,5.87841535915314,0.000968904374697755,0.00138414910671108,-1.00001865432287,2.98866372215844
AT2G34890.1,331,234,301,86,64,88,174,1.84963879246447,7.2385009761801,9.38723710844819,7.00216053380663e-05,0.000125486747917682,1.95345296190854,3.60409937916523
AT2G35010.1,8153,7719,8017,617,703,659,175,3.59316240500242,11.162320156097,31.5726015233688,4.62572023402181e-08,7.22768786565908e-07,9.57353680833262,12.0683990835876
AT2G35670.1,1741,1833,1805,321,580,425,176,2.0592893859766,9.77898497690329,9.19285591886682,7.9076531590928e-05,0.000138730757177067,1.81722761038611,4.16780964093213
AT2G36310.1,6608,6478,5920,838,964,741,177,2.90706978403212,11.1742640617547,20.5540532327937,6.4028165678041e-07,2.84615510634192e-06,7.04382710592398,7.50093158748179
AT2G37390.1,642,576,538,53,62,11,178,4.08603799078046,7.14872897085175,6.53057163333792,0.000547816943745348,0.000810380094297852,-0.358713021465242,16.9832185598395
AT2G38220.1,1640,1239,1266,897,810,847,179,0.68721151480238,10.0776224885751,4.55198144500858,0.00361376458259648,0.00483123607298994,-2.47373529085877,1.61016832614761
AT2G39220.1,6689,5585,4932,188,242,184,180,4.8017345124867,10.0736793856911,27.0223599089693,1.20185380969908e-07,1.10142433581211e-06,8.69707514797414,27.8911306134602
AT2G39300.1,277,187,248,56,41,43,181,2.31629760029614,6.71969515200834,11.4189824775259,2.21377211026246e-05,4.57390931872408e-05,3.2371429846965,4.98052422212277
AT2G39650.1,567,311,249,78,66,89,182,2.17973686268816,7.37710944299893,6.84055307459864,0.000424208958549263,0.000648545241923321,-0.0709131764440247,4.5307090967098
AT2G40030.1,6259,6161,6117,861,1192,925,183,2.65106117679099,11.2677941784103,17.1637482623758,1.9160369896562e-06,5.87741407869999e-06,5.89969880194484,6.28129129888502
AT2G40520.1,203,144,155,1128,791,877,184,-2.47017562317976,8.61433336187277,-12.3261500177927,1.4051259137434e-05,3.04139808169566e-05,3.73981643612596,-5.54111236602412
AT2G41040.1,57,79,90,14,4,6,185,3.21717670588671,4.62064622379452,7.64083534370699,0.000228309475075424,0.00037183953595346,0.626326046475908,9.29965184138754
AT2G43660.1,2442,1768,2066,3567,3337,3631,186,-0.758579157396888,11.3981159634928,-4.97006322259317,0.00232789844513788,0.0031543339365012,-1.98290828600378,-1.69182360634649
AT2G43670.1,2678,1946,2126,2892,2191,2379,187,-0.148002732187361,11.1970414836015,-0.827044522307967,0.438998219138808,0.459203158094988,-7.35356084424107,-1.1080344462674
AT2G43690.1,69,68,81,11,3,16,188,2.97431137878991,4.71129747005212,5.7119910218992,0.00112914721684165,0.00159484070175374,-1.17195880924966,7.85881275708814
AT2G45110.1,517,408,493,5833,5010,5073,189,-3.48964258172624,10.6251988082674,-24.1293678385766,2.40430798345719e-07,1.58554055048682e-06,8.02786786005127,-11.2327758143157
AT2G46650.1,1017,1024,857,2,2,4,190,8.08197026054613,5.87160282904962,34.6674786502612,2.6041066736759e-08,5.00789744937673e-07,10.0719529970813,270.966419377846
AT2G46990.1,329,275,256,13,0,0,191,6.89103876605342,4.71463769037924,6.68818826903228,0.000480462236399623,0.000721414769368803,-0.211067496311068,118.688699135151
AT2G47115.1,9047,8288,8652,29,27,28,192,8.22237457868527,8.96859612694053,74.7822107943199,2.28497551555282e-10,5.68870137066756e-08,13.1155010852888,298.662972904612
AT2G47230.1,1073,1069,1003,238,223,219,193,2.20471182322056,8.93221639279795,19.9689787019026,7.63486264850101e-07,3.05394505940041e-06,6.86288138758059,4.60982448775136
AT3G01060.1,855,675,614,212,177,137,194,2.02927383831318,8.45429275514672,9.55492195675124,6.31600594577181e-05,0.00011442039756833,2.06889703119077,4.08199336766643
AT3G01240.1,89,85,55,271,267,206,195,-1.70718873870602,7.09541862704947,-7.47969439698186,0.000257499987400817,0.000413987118007744,0.490948278431395,-3.26523932735932
AT3G01270.1,330,246,281,4038,2931,3323,196,-3.57918349827219,9.94246041273299,-19.9902503181309,7.58550439897133e-07,3.05394505940041e-06,6.86957023352175,-11.9520277542924
AT3G01870.1,343,232,234,352,230,317,197,-0.153729508016742,8.13252070264883,-0.65619218127391,0.535375274784439,0.550797607802921,-7.48833795212304,-1.1124415285282
AT3G04100.1,201,161,198,83,210,73,198,0.770605376355058,7.15959268054916,1.89987989011267,0.104812286338134,0.116977998145239,-6.0823584656086,1.70598549031906
AT3G05700.1,448,456,327,22,23,28,199,4.01255618083719,6.66177990772051,22.0267239628412,4.19765421891637e-07,2.14166031577366e-06,7.47303639683305,16.1398602402112
AT3G05741.1,1442,1122,1189,668,623,674,200,0.924911781215069,9.81912532775483,6.66330623813776,0.00049043689660597,0.000734186970967021,-0.234193753829887,1.89856814356358
AT3G06860.1,7519,7136,7092,466,570,429,201,3.89899357043471,10.8737696267713,27.0875271145833,1.18424087754784e-07,1.10142433581211e-06,8.71104327629503,14.9181172982367
AT3G07190.1,2576,2208,1986,113,215,187,202,3.75155477148624,9.2565661750784,14.2655321448367,5.85589536520961e-06,1.44947905079446e-05,4.69868510959464,13.468850009448
AT3G08040.1,59,49,90,32,45,41,203,0.699422642462569,5.66980248729603,2.71673461535038,0.0338110956004288,0.0399658340430601,-4.91701051402249,1.62385480611777
AT3G08620.1,2554,2594,2422,197,152,218,204,3.74722452204938,9.42745610181584,22.9548241890691,3.2621768998618e-07,1.89661447666384e-06,7.72580287973942,13.4284838634111
AT3G09110.1,649,502,712,275,237,266,205,1.24414353746385,8.64341781932315,7.4230799973323,0.000268755306106029,0.000430697605939148,0.442805677499662,2.36877888792649
AT3G09340.1,304,248,326,73,66,81,206,1.97757320977054,7.1998181251202,12.6895327563097,1.18141956963409e-05,2.6253768214091e-05,3.93080572356522,3.93830053791498
AT3G09950.1,1096,1077,868,1,1,0,207,9.31223387999004,5.32278360666168,30.9992407554848,5.17670562944519e-08,7.35109417870994e-07,9.47323383501293,635.713924962374
AT3G10195.1,1091,851,963,924,886,855,208,0.117596420423252,9.85465382224692,0.869549950606712,0.417063652957917,0.439014371534649,-7.31611855520823,1.08492583222574
AT3G10595.1,762,574,564,431,378,445,209,0.587741003237982,9.00115098170395,3.58918199632549,0.0109666946624299,0.0136085571330207,-3.70103692418518,1.50289165041572
AT3G10900.1,1241,1187,1143,800,892,760,210,0.544237491588721,9.94542789280552,4.52728773685265,0.00371172457659821,0.0049358039582423,-2.50351923936234,1.45824941115604
AT3G11200.1,3960,4101,4037,438,656,496,211,2.94608574209866,10.5046857815227,17.0106057052292,2.02301959789784e-06,6.05694490388575e-06,5.84201447622357,7.70655315360077
AT3G11310.1,230,18,85,511,687,462,212,-2.91839727613353,7.63451240792068,-3.39009437163079,0.0140416155779945,0.0172078622279344,-3.97109713035842,-7.56005786078983
AT3G11490.1,1194,1140,983,96,88,90,213,3.57931719038127,8.31747223297471,28.106062432619,9.44405250570701e-08,1.09239560762928e-06,8.9235966893266,11.9531353798073
AT3G11740.1,94,87,92,11,50,46,214,1.58548978123533,5.73007045540776,2.85526092160033,0.0280772893934618,0.0335852743940931,-4.71919410898453,3.00109664939644
AT3G12110.1,7550,6746,5000,489,691,536,215,3.48347963115466,10.8884212971189,16.3401809180901,2.5808711454549e-06,7.41629639498535e-06,5.58246816534075,11.1848936303813
AT3G13280.1,99,65,52,53,70,68,216,0.134337228416687,6.07155497369045,0.516693319735353,0.623349683436269,0.637371864454263,-7.57813770417837,1.09758846772203
AT3G13400.1,587,447,436,4984,4575,3944,217,-3.2035139915234,10.5279292412266,-18.7551053454533,1.11834303901079e-06,3.8299419144205e-06,6.46662597791205,-9.21199732069336
AT3G14205.1,10378,8205,6871,940,1141,1190,218,2.94566734755459,11.5572855224291,15.3102590639503,3.82516547289968e-06,1.00662249286834e-05,5.15994464807669,7.70431850788752
AT3G15960.1,1972,1204,1704,2585,2122,2194,219,-0.52395058146198,10.9008248559818,-2.48274451252166,0.0465120617304039,0.0539583082719303,-5.25301990919624,-1.43788727815199
AT3G16320.1,480,462,501,237,210,193,220,1.1734917422596,8.32535580253055,9.22777162073121,7.73550070176827e-05,0.000136188392636765,1.84189054103701,2.2555695036071
AT3G16565.1,106,92,79,0,2,2,221,5.47754296365141,3.79541314897314,12.2169964064256,1.48163731367296e-05,3.15241981632546e-05,3.68133133597121,44.5558501436314
AT3G16720.1,920,637,663,32,116,143,222,3.15160851693965,7.93736553859788,5.6175401210083,0.0012333939675539,0.00171781889631463,-1.2711135190234,8.88645811382552
AT3G17250.1,597,531,492,162,136,160,223,1.815683610257,8.16706751023057,13.1143783190625,9.70223998314034e-06,2.24588888498619e-05,4.14714371439585,3.52026395930889
AT3G18210.1,512,457,433,69,58,79,224,2.7565719583181,7.48957069955711,17.6337094045643,1.62644572317683e-06,5.25723643162242e-06,6.07316231962327,6.75788574093717
AT3G19160.1,155,115,112,454,486,296,225,-1.66941921385472,7.82256366572903,-6.96777452201718,0.000382961479545262,0.000596513208014427,0.0442250964099919,-3.18086515546164
AT3G19350.1,496,414,372,266,265,300,226,0.615834448034454,8.42444990533338,4.11723628416157,0.0058632183240457,0.00757521747292726,-3.01120796167004,1.53244409927923
AT3G21580.1,1573,1416,1614,661,575,477,227,1.43489436725884,9.86460692237284,9.10241063658096,8.37450465259781e-05,0.000145897293599265,1.75294077936762,2.70362370208588
AT3G21700.1,96,74,63,22,25,13,228,1.93245831214243,5.31001468815645,6.88503570429533,0.000409234503424697,0.000633489943381884,-0.0304623300191746,3.81705060172448
AT3G21720.1,193,219,192,16,5,7,229,4.43376808366946,5.44102582249189,11.717716414388,1.89918275128102e-05,3.94021317693158e-05,3.40694402204331,21.6121108800094
AT3G21820.1,1528,1360,1283,217,182,147,230,2.94063866709906,8.9680985097795,16.6613435143405,2.29397670601186e-06,6.74699031179957e-06,5.70825304302323,7.67751096203775
AT3G22810.1,645,659,538,238,258,186,231,1.4370948253791,8.54007059787453,8.41059146660682,0.000132131357439203,0.000224713192923815,1.24120167517632,2.70775052713156
AT3G23060.1,821,623,663,407,415,432,232,0.737449319683845,9.07908741812169,5.15097724898604,0.00193878096205708,0.00264139095648103,-1.7782425610987,1.66722558199282
AT3G23780.1,7990,7492,7384,1438,1355,1241,233,2.50380949426312,11.6433853464973,21.1994897726018,5.30246568359932e-07,2.50116305830157e-06,7.23639958541794,5.67181113903166
AT3G24690.1,371,275,439,827,1003,1192,234,-1.48545528591149,9.21907530342603,-6.59239956155229,0.000520185554962781,0.000774085647266043,-0.300469281430111,-2.8000552336143
AT3G24790.1,261,146,216,125,95,110,235,0.879329429415705,7.22521747823158,3.64949994174044,0.0101876403455246,0.012702793448285,-3.62025294064393,1.8395200860152
AT3G25250.1,353,128,213,10,12,0,236,5.35347615170967,5.06336185478096,5.22237748168914,0.00180589749318837,0.00247383218244982,-1.69872298561148,40.8843316640311
AT3G25260.1,58420,56719,52669,606,901,756,237,6.22792578813384,12.6561915005659,36.1511335581011,2.01265404213377e-08,4.56897397613418e-07,10.2876434580399,74.9535959049171
AT3G25280.1,1682,1192,1512,805,742,830,238,0.869944988468333,10.0651588595131,5.38014523595594,0.00154726954493994,0.00213122526851231,-1.52548998443948,1.82759321101245
AT3G25420.1,1265,1062,1164,1630,1280,1257,239,-0.248470074477241,10.3062689740723,-1.61833642826188,0.155320398772054,0.170307454793919,-6.46416732471578,-1.18794667263364
AT3G25540.1,1077,1029,1049,31,93,61,240,4.20331951177069,7.93792147657351,11.0902439870527,2.63186734173453e-05,5.32766668367313e-05,3.04514879469822,18.4215111973288
AT3G25700.1,4275,3671,3745,54,80,35,241,6.16146564917525,8.84444439720482,20.8043275159804,5.94733418623487e-07,2.72813494781416e-06,7.11935439284841,71.5790578348013
AT3G25710.1,312,227,292,12,1,8,242,5.48243366531207,5.36467173918384,8.03722936440421,0.00017131757662439,0.000288182188677487,0.949320299936657,44.7071497153349
AT3G26590.1,1017,977,746,606,639,519,243,0.626776106548553,9.51000425799811,3.70233653258251,0.00955520615958803,0.0119739425558747,-3.54989814789094,1.54411061534072
AT3G26650.1,20774,18458,19034,4484,4384,4532,244,2.11848691363071,13.1844114044903,18.9398433724301,1.05362331235604e-06,3.70495733392583e-06,6.52883811088868,4.34238280663933
AT3G26990.1,5312,5038,4766,646,496,493,245,3.21666915779101,10.6893649706087,21.3589827409711,5.06543065876203e-07,2.4353032013279e-06,7.28289307773882,9.29638074785651
AT3G27640.1,853,669,661,344,314,308,246,1.16522445127189,8.91632009162167,7.94144578709563,0.000183424207198379,0.000304691374083685,0.87254375874833,2.24268104022372
AT3G27680.1,532,426,329,681,660,539,247,-0.565514596985739,9.0035593640347,-2.70258007281779,0.0344637755462412,0.0405456182896955,-4.93728399917796,-1.47991528824584
AT3G27785.1,1670,1759,1797,1738,2781,2298,248,-0.3575688784889,10.9454621182779,-1.87342149858486,0.108773808113835,0.12112896226485,-6.11904070592764,-1.28126498568499
AT3G28980.1,442,270,362,427,251,343,249,0.0773753344338246,8.42035822208463,0.292443315797705,0.779526796623581,0.788994733424677,-7.68043736026731,1.05509677745707
AT3G30842.1,2293,1708,1811,2064,1871,1919,250,-0.021075927920176,10.9191891632062,-0.139658560593966,0.893374380549588,0.900579012650795,-7.71839699564705,-1.01471594888837
AT3G42830.1,156,161,175,233,218,249,251,-0.505677897811039,7.6174730723767,-4.23953641217496,0.00510247486273964,0.0066265907308307,-2.85719549914964,-1.41979033476719
AT3G43505.1,431,352,377,493,534,470,252,-0.370230420943418,8.77866664369028,-2.81514469003508,0.029622334299038,0.035264683689331,-4.77635742797771,-1.29255925606474
AT3G43520.1,11511,11110,10605,710,731,666,253,3.97739880558832,11.4456822491568,35.6203343297663,2.20428305756533e-08,4.56897397613418e-07,10.2120754594386,15.7512978973287
AT3G43540.1,3891,3523,3368,398,425,433,254,3.09696437597687,10.260650784286,26.1564612650495,1.46730750618212e-07,1.23159349104103e-06,8.5070727933268,8.55616542572282
AT3G43920.1,966,1031,824,365,363,330,255,1.4075559195811,9.1685052548872,10.465741915607,3.70493303122438e-05,7.26457457102819e-05,2.66464178299212,2.65287356629239
AT3G44370.1,2684,2715,2541,278,252,315,256,3.23294227247395,9.75343634780385,24.9157372216122,1.97588135158489e-07,1.46967609904607e-06,8.21978735483031,9.40183441791361
AT3G45090.1,7192,7149,6506,3451,3769,3938,257,0.902234331588138,12.3101769187771,7.58675066013358,0.000237661645207291,0.000384565768943837,0.581158051527382,1.86895823704723
AT3G45870.1,5403,5854,4910,6,23,16,258,8.56576208596016,8.10947446432311,19.3587286312914,9.22312604323813e-07,3.40470780823408e-06,6.66731771520825,378.923311102011
AT3G48950.1,7072,4706,5240,5806,4914,5095,259,0.0875408317018262,12.4043379432466,0.473570554236899,0.652087408625127,0.665395314923599,-7.60195112561657,1.06255743909294
AT3G49307.1,1562,1370,1308,2829,2467,2367,260,-0.853267360591163,10.888421780537,-6.2893619534764,0.000672881009699236,0.000986629046479818,-0.590072056365831,-1.80658778656532
AT3G49500.1,3018,3171,2967,492,414,342,261,2.8872771150178,10.1317972671039,17.8964558006166,1.48678121651142e-06,4.95593738837141e-06,6.16787361294347,7.39872724700716
AT3G49540.1,246,187,168,845,640,741,262,-1.893378085605,8.58130088265067,-9.90072587296775,5.13150271109142e-05,9.57369908785714e-05,2.3011373667185,-3.71504087860399
AT3G49660.1,1931,1822,1737,372,301,328,263,2.45593675279125,9.60909515416748,18.8233064930715,1.09392731132823e-06,3.77216314251114e-06,6.48967590141401,5.48669261454628
AT3G49680.1,3159,3155,3307,1245,1102,1074,264,1.49363582638566,10.9002933708902,12.7102737735302,1.16994814665463e-05,2.61149139878265e-05,3.94153846672919,2.81597753839723
AT3G49730.1,131,118,87,19,10,0,265,4.20576126259301,4.69666720247139,3.90428170627288,0.00750886546054814,0.00960669555045589,-3.28460676580014,18.45271586991
AT3G49770.1,39,0,1,294,246,202,266,-5.83211539937723,5.02336706465107,-4.40361497147394,0.00424940745573648,0.00560607843764707,-2.65403215337335,-56.9694036574697
AT3G50020.1,364,374,359,390,446,516,267,-0.291607917775105,8.66392147071432,-2.0798327496519,0.081437123762396,0.0919154895738104,-5.82973575366318,-1.22400369886582
AT3G50060.1,7429,9406,8098,751,1264,1244,268,2.96691766912502,11.5306056839674,12.4909170011291,1.29811738122833e-05,2.82199430701812e-05,3.82711470817399,7.81863992899406
AT3G50720.1,130,18,40,1444,1143,1028,269,-4.67494995382043,7.88377581677659,-6.97754696074685,0.000379987757723951,0.000593730871443673,0.0529995271524548,-25.544662219848
AT3G51895.1,16846,13486,12755,417,706,359,270,4.91119856435662,11.343858826585,17.7088283898441,1.58501962220183e-06,5.21388033619022e-06,6.10040325687075,30.089715572968
AT3G53000.1,610,421,476,12,32,38,271,4.28124571938988,6.81736821181554,9.97591801896257,4.9091405413157e-05,9.19314708111555e-05,2.35062898662366,19.4439000677453
AT3G53370.1,759,563,568,270,219,204,272,1.43956764955078,8.56744677623672,7.9122938484734,0.000187301882841145,0.000308062307304515,0.84901844868182,2.71239567558041
AT3G54100.1,2238,2093,1835,277,222,228,273,3.08133004081882,9.46034660732299,20.8780329054866,5.82043834173986e-07,2.69464738043512e-06,7.14138858971736,8.46394375734938
AT3G54550.1,1494,1191,1459,1407,1563,1603,274,-0.147021299694854,10.4991276309524,-1.04470960181799,0.335322276170413,0.355968446040779,-7.14700484095065,-1.10728093206378
AT3G54710.1,575,475,426,319,397,427,275,0.367605107512862,8.75047578770048,2.07763635823214,0.0816880886819945,0.0919910908581019,-5.83284670048609,1.29020928781678
AT3G54800.1,140,104,156,250,291,276,276,-1.04223088664115,7.57058798297275,-5.75116370434363,0.001088877821967,0.00154231986114306,-1.13117171680557,-2.05940972518378
AT3G55320.1,6604,6573,6241,246,297,251,277,4.61162518452899,10.3540844841134,36.5621844176681,1.87747805740605e-08,4.56897397613418e-07,10.344982805258,24.4476719460136
AT3G55420.1,6884,7067,6326,266,309,306,278,4.52157265391894,10.4604247210701,36.5137742211616,1.89283763209193e-08,4.56897397613418e-07,10.3382824898448,22.9683076341223
AT3G57220.1,1940,1755,1602,278,189,257,279,2.88067202227339,9.34207073633116,15.7778171017193,3.18970415567502e-06,8.90978814434363e-06,5.35549671218662,7.36493106717884
AT3G57270.1,24756,19160,19343,18057,16457,15007,280,0.346912210147403,14.1802214439781,2.2382605400661,0.0652599564408195,0.0741590414100222,-5.60407043593254,1.27183561155268
AT3G58470.1,2342,2244,2393,436,385,374,281,2.54571837109441,9.91109028293118,21.4066575461856,4.99697976917549e-07,2.42571833455121e-06,7.29670863663065,5.8389881008445
AT3G59640.1,854,797,941,125,148,68,282,2.98487863162272,8.26076361605811,10.0920160587459,4.58726929751222e-05,8.6552250896457e-05,2.42635842403721,7.91658723131398
AT3G59790.1,3098,1901,2342,2044,1664,1727,283,0.410316905786235,11.0231848168769,1.9775017582618,0.0940000554259161,0.1056180398044,-5.97400418451904,1.32897770840574
AT3G61740.1,886,761,801,131,124,139,284,2.62481149576127,8.35889288820247,21.561146666277,4.78242580126244e-07,2.37321573130228e-06,7.3412208867105,6.16803732593288
AT3G62130.1,1041,967,883,113,115,111,285,3.07789314253154,8.37168854838241,26.1257312324951,1.47791218924924e-07,1.23159349104103e-06,8.50017584075798,8.44380430264143
AT3G62230.1,147,178,152,3443,2562,2541,286,-4.14485950670251,9.38931541521321,-24.4317459893946,2.22791676610867e-07,1.5471644209088e-06,8.10260800527533,-17.6899676753797
AT4G00220.1,3935,3817,3468,69,70,34,287,6.06436895487831,8.8349555285707,20.6639031313542,6.1980875771245e-07,2.79193134104707e-06,7.07711290977343,66.9201583884873
AT4G00231.1,4178,4273,3866,1054,1334,1119,288,1.81745931931687,11.0937077686966,13.3051699795413,8.89823837799774e-06,2.06935776232506e-05,4.2419619998123,3.52459946538431
AT4G00550.1,1611,1614,1625,127,135,87,289,3.81072385343222,8.75432674667865,20.1716851963254,7.17921493273085e-07,3.00108621050641e-06,6.92628055433151,14.0327305146809
AT4G00570.1,29124,26011,21776,1507,1625,1524,290,4.03575065222243,12.6179172536717,27.7903568933732,1.01214115228586e-07,1.09239560762928e-06,8.85885172325552,16.401440822981
AT4G00610.1,131,156,148,311,361,329,291,-1.19779564382634,7.78495895148392,-9.24620567817793,7.64635454940176e-05,0.000135094603346321,1.85487711777116,-2.2938890985581
AT4G00690.1,84,99,74,10,26,33,292,1.9934279514524,5.4306412964099,4.70096205197244,0.00308093482649965,0.00415220327021516,-2.29593452815435,3.98181985264753
AT4G00730.1,17110,17621,16367,2148,3380,3224,293,2.57284980766895,12.7690140750075,12.9937576254712,1.02538926215451e-05,2.33043014126024e-05,4.08646149883418,5.94983560753376
AT4G00780.1,478,272,373,1,0,1,294,7.84784448218123,4.59058890775728,22.8111034744095,3.38982404525141e-07,1.90439553104012e-06,7.68750292677264,230.375658944134
AT4G01840.1,1419,1744,1723,108,277,212,295,3.12346519228396,9.1023442687174,8.96805887921115,9.12784649009717e-05,0.000157921219551854,1.65636442032574,8.71478572376373
AT4G02700.1,384,464,471,39,19,23,296,4.03454196681454,6.7602105469059,14.7798931356904,4.7313312336044e-06,1.21941526639289e-05,4.93014415388289,16.3877055014964
AT4G08590.1,3224,2609,2239,1232,1307,1153,297,1.11355637835126,10.8212886620244,6.71365054632055,0.000470494293363164,0.000708575743016813,-0.187471706456921,2.1637838338289
AT4G09580.1,355,381,383,22,27,11,298,4.24074846029584,6.42566735642651,13.4185498735863,8.45703730868003e-06,1.97594329642057e-05,4.2976444402819,18.9056881805215
AT4G09900.1,2895,2682,2747,842,812,714,299,1.81511457349299,10.5303238849741,14.9485546915487,4.41857891846079e-06,1.14470956436808e-05,5.00417241124747,3.51887574866307
AT4G10160.1,360,282,279,810,588,572,300,-1.08609232338021,8.79964492391144,-5.66665088532595,0.00117788578206409,0.00164969997487968,-1.21941321313173,-2.12298227102346
AT4G10260.1,35,12,20,2,1,0,301,3.559239880547,2.64127410718055,6.89954606842013,0.000404481282967036,0.000628076526346329,-0.0173122297495887,11.7879413343611
AT4G10430.1,4340,3737,3475,254,245,262,302,3.91309599877401,9.94847697655047,30.043358363319,6.27417462545594e-08,8.47861435872424e-07,9.299933674526,15.0646578209161
AT4G10640.1,4289,3683,3522,251,335,246,303,3.79281448670329,10.0023954359728,22.3462767222452,3.84418071138223e-07,2.06676382332378e-06,7.56153712630874,13.8596074083582
AT4G11130.1,2507,2813,2748,318,412,331,304,2.93098980700676,9.92631157568046,20.2056145227234,7.10606813341984e-07,3.00108621050641e-06,6.93681827768271,7.62633448019701
AT4G11320.1,214,378,49,0,0,9,305,6.21205832754931,4.21333852873711,5.45716779959213,0.00143644624816037,0.00198404177922703,-1.44213872088661,74.1337367314396
AT4G11400.1,1015,827,834,2530,2053,2425,306,-1.38875735397216,10.490313354197,-9.32211298566114,7.29152676751171e-05,0.000130205835134138,1.9081039384469,-2.61853040004575
AT4G11940.1,16,8,23,82,27,32,307,-1.46147937644972,4.67818980269613,-2.78105833146554,0.0310067422969992,0.0367378463234588,-4.82501154216282,-2.75390611478301
AT4G12080.1,506,465,508,45,66,32,308,3.40250155395336,7.24593253226776,13.0255249008253,1.01051637731422e-05,2.31767108909515e-05,4.10249913343729,10.5743827979983
AT4G12140.1,239,210,252,286,257,250,309,-0.1788981256799,7.95977684917662,-1.37763530217059,0.216167541758864,0.233442269717996,-6.77032099656777,-1.132018963017
AT4G12590.1,3321,3232,2908,282,311,220,310,3.5482795700344,9.84679412537906,21.55268590699,4.7938957772306e-07,2.37321573130228e-06,7.33879322783342,11.6987263839733
AT4G12710.1,1648,1362,1393,139,94,180,311,3.44865862125066,8.7906574814117,13.7512861714633,7.30136410211256e-06,1.76361451741849e-05,4.45827351060373,10.9181659185483
AT4G12870.1,357440,290153,293642,194,196,175,312,10.689564954298,12.9077203944301,78.3732933843285,1.71090135502839e-10,5.68870137066756e-08,13.2354349206323,1651.50423553027
AT4G12900.1,1168,1108,977,7,9,6,313,7.03683683423354,6.56151275609843,41.2771474109165,8.90194323051673e-09,3.4285916657689e-07,10.9361208064165,131.310350839574
AT4G13345.1,1256,1089,880,7,5,2,314,7.66631818718763,6.22313409407459,20.5385640219459,6.43231054033274e-07,2.84615510634192e-06,7.03911650523971,203.138261172348
AT4G13460.1,16118,16463,15322,2940,2712,2639,315,2.53094214538202,12.6968332778293,22.4403141068739,3.74682395847177e-07,2.03631736873466e-06,7.5872826140819,5.77948981930238
AT4G13495.1,1460,1463,2031,322,351,479,316,2.10513747297332,9.61980625946657,9.77170522178845,5.54068829414257e-05,0.000102226721294143,2.21538725041831,4.30238751251759
AT4G13955.1,451,352,377,788,718,667,317,-0.883829327673125,9.05722991713904,-6.07832283494123,0.000809560411518513,0.00116988498774352,-0.798049725271008,-1.84526667542392
AT4G14690.1,6777,5622,4884,4521,4604,4213,318,0.361735261111008,12.2984360694047,2.34422297073467,0.056319049795995,0.0650335447990705,-5.45214824264066,1.28497051986949
AT4G15040.1,2820,2204,2422,1646,1719,1592,319,0.579928113213555,10.9804134702205,4.28675694558122,0.00483879886299843,0.00633350636518118,-2.79832002120639,1.4947747649579
AT4G15050.1,54430,40709,43916,17538,16160,17268,320,1.43777458716658,14.7703555089808,9.75079424229804,5.61049180878932e-05,0.000103134040602745,2.20138955393895,2.70902665201076
AT4G15080.1,1777,1986,1615,723,726,726,321,1.29971941796962,10.1536827072923,10.4386602810495,3.76185102559913e-05,7.33767864589386e-05,2.64764983967051,2.46180999588986
AT4G15380.1,74,43,69,0,0,0,322,5.93917777535938,2.96958888767969,26.9678686378305,1.21681505878517e-07,1.10142433581211e-06,8.6853603920145,61.3579243966195
AT4G15900.1,3888,3748,4044,640,542,669,323,2.6607971324238,10.5960673061346,20.4928457365173,6.52028890552074e-07,2.85977583575471e-06,7.02518769532757,6.32382363264039
AT4G15960.1,5420,5321,5113,89,35,104,324,6.24210297213718,9.24639269121462,15.5278833156633,3.51272270656874e-06,9.54544213741505e-06,5.25176085210659,75.6937864552174
AT4G16180.1,5106,4716,4674,335,508,393,325,3.56892459686451,10.4530926612025,20.1117235817321,7.31062992931146e-07,3.00108621050641e-06,6.90760600364443,11.8673392024496
AT4G16380.1,45162,43619,39505,336,281,237,326,7.23812203792437,11.7627189845917,44.5014964644817,5.60259982760563e-09,2.80129991380282e-07,11.2794320076926,150.970413893343
AT4G16760.1,53475,50806,47821,7475,7184,6615,327,2.8380545425361,14.2092162093551,24.1200075147074,2.41002163673996e-07,1.58554055048682e-06,8.02553505578305,7.15055162753565
AT4G17486.1,2133,2180,2187,825,650,733,328,1.56312252694315,10.300277249281,11.9380755112368,1.700053620231e-05,3.58661101314556e-05,3.52946123474649,2.95492707611648
AT4G18150.1,1194,1104,998,158,217,199,329,2.52401431836777,8.83698164912922,15.5706985314042,3.4547901400707e-06,9.43931732259753e-06,5.2696600754983,5.75180321623445
AT4G18320.1,10092,10130,9614,14,13,5,330,9.84647317559571,8.35630592726028,27.5107744039811,1.07687282628491e-07,1.10142433581211e-06,8.80066943348762,920.627147734464
AT4G18400.1,753,743,739,32,36,34,331,4.41527682765354,7.33534858113756,39.9663083363584,1.08577729648062e-08,3.61925765493541e-07,10.7832448817797,21.3368726090373
AT4G18800.1,4393,3993,3646,508,487,562,332,2.94606065349485,10.4927804253204,22.5823430986086,3.60515212586084e-07,1.98567167232585e-06,7.62591389883984,7.70641913707463
AT4G20800.1,14780,9737,11426,18503,17189,17065,333,-0.574214564030823,13.8141156538777,-3.23454207317652,0.0171038645414137,0.0207571171619098,-4.18555041381244,-1.48886666958231
AT4G20830.1,2420,1642,1073,439,479,478,334,1.80005008402169,9.76406909363396,6.13516021227149,0.000769864894542781,0.00111574622397505,-0.741515063960956,3.48232314201791
AT4G21430.1,3028,3282,3125,169,227,222,335,3.93744870338176,9.64978463509846,25.7178948119421,1.62742800699481e-07,1.31244194112485e-06,8.40761172223612,15.3211077225574
AT4G21630.1,16629,15828,14556,9,7,10,336,10.6732829252972,8.59709470049016,67.8645327792322,4.15806418210682e-10,5.68870137066756e-08,12.8439030132972,1632.97040053951
AT4G21760.1,463,450,378,0,0,15,337,7.41367288551801,5.04016977609234,6.8604536117027,0.000417433558605426,0.000640235519333475,-0.0527905449564177,170.505313112898
AT4G22430.1,512,288,368,423,399,497,338,-0.208853624079293,8.67283271342902,-0.9008101224382,0.40145747442093,0.423478348545284,-7.28764859324938,-1.1557694361732
AT4G23020.1,7046,6182,5009,20,6,4,339,9.3819597457842,7.86484668613334,17.8204095532679,1.52572199402946e-06,5.05205958287902e-06,6.14062511944039,667.192724138726
AT4G24130.1,31818,32011,31455,2697,2275,2499,340,3.67576727355906,13.117107588381,31.0772965145662,5.09738650172958e-08,7.35109417870994e-07,9.48704613573743,12.7795689776475
AT4G24640.1,110,102,125,235,94,176,341,-0.487302630247515,7.06305008746817,-1.45227487745052,0.19527603101849,0.2117961290873,-6.67789571333319,-1.40182147455095
AT4G24740.1,2467,2287,2255,117,224,117,342,3.99649402612863,9.19126944304455,14.6766179972705,4.93548053961045e-06,1.2463334695986e-05,4.88436700575444,15.9611647125489
AT4G25100.1,8254,4957,41207,3239,3000,5462,343,1.66291615718079,12.7076192149465,2.13353133462675,0.0755391978131777,0.0854515812366264,-5.75350966280626,3.16655943222606
AT4G25280.1,419,289,315,46,38,17,344,3.39600642795865,6.70130857130673,8.94993899536767,9.23530417960682e-05,0.000159229382407014,1.64323897260482,10.5268831028807
AT4G25440.1,888,895,953,74,69,66,345,3.69234969633142,7.98757181413192,32.6139685449154,3.78979867464444e-08,6.53413564593869e-07,9.74908092634351,12.9273055248746
AT4G25530.1,2874,2909,2800,425,964,632,346,2.16423983492654,10.4005053980665,7.37932352427264,0.00027784166710698,0.000442423036794555,0.405387209035938,4.48230193676569
AT4G26140.1,1302,1295,1293,349,327,294,347,2.00391967091522,9.33973792235748,16.9090857805313,2.09775784131683e-06,6.24332690868103e-06,5.80345289538596,4.01088241194091
AT4G26410.1,2832,2746,2758,343,284,404,348,3.02627495376034,9.92742446405557,19.2499751460549,9.54484296774861e-07,3.43339675098871e-06,6.63170411107471,8.14703413982781
AT4G26640.1,2034,1697,1758,84,80,111,349,4.31479257636623,8.67626157520976,25.5265069292237,1.7036018425345e-07,1.35206495439246e-06,8.36350270034433,19.9013249319526
AT4G27740.1,208,194,92,31,14,30,350,2.66425378364771,5.95248919382232,6.21464385304174,0.000718017373026219,0.00104667255543181,-0.663102540416215,6.33899347799356
AT4G27890.1,3368,2489,2958,2071,1781,2107,351,0.557726553475142,11.2314462970195,3.53654264772066,0.0117004305380616,0.0144807308639377,-3.77193762917154,1.47194784466381
AT4G28340.1,416,386,415,76,79,67,352,2.44145185696585,7.44611842076046,20.1052384023686,7.32500967220051e-07,3.00108621050641e-06,6.90558227460844,5.43188093660338
AT4G28700.1,1926,1562,1641,257,345,316,353,2.48309560595793,9.49294597404543,15.3175388572067,3.81420663544707e-06,1.00662249286834e-05,5.16303883563975,5.59095838235004
AT4G29530.1,410,407,376,4,24,33,354,4.6201978376698,6.32784796080571,6.61309423963456,0.000511295223693629,0.00076312719954273,-0.281069032328799,24.593375174242
AT4G29860.1,352,329,317,62,51,75,355,2.40569412923892,7.17806278298099,14.342562148439,5.66923172388215e-06,1.41730793097054e-05,4.73390780619101,5.29890451002393
AT4G31060.1,154,147,114,11,0,6,356,4.97958346635627,4.62056420743772,5.60157049176988,0.0012520795331712,0.00173418217890748,-1.28799267384986,31.5503360433807
AT4G31080.1,2603,2755,2573,124,44,93,357,5.03081467047374,8.85281607946,13.6309916036693,7.69670834785453e-06,1.84044484533854e-05,4.40067348735709,32.6908428905576
AT4G31180.1,11458,11252,11937,2009,2493,2139,358,2.38828949939323,12.3010182887581,18.5143444758947,1.20973309333348e-06,4.1147384126989e-06,6.38447247240226,5.23536273808844
AT4G31720.1,984,925,938,214,130,173,359,2.48309009942737,8.64973149870556,12.5832850780655,1.2422627166152e-05,2.74836884206902e-05,3.87554431407766,5.59093704261877
AT4G31770.1,659,601,519,97,67,101,360,2.74923722556564,7.8328179552285,13.8102831908514,7.11609182341522e-06,1.73563215205249e-05,4.48633042728386,6.72361550607946
AT4G31900.1,274,52,165,2713,2778,2589,361,-4.32634793762373,9.23192320025258,-7.5190233340637,0.000249999114921221,0.000403224378905196,0.524213309787349,-20.0613659830879
AT4G32850.1,1403,1311,1223,90,121,113,362,3.59961502522966,8.55694817659027,23.5348316079443,2.80064351415897e-07,1.70611746878511e-06,7.87735696789173,12.1224972826423
AT4G33830.1,1645,1361,1461,1733,1465,1777,363,-0.15453665859976,10.6139307307619,-1.09949843603177,0.312561692013633,0.333933431638496,-7.08959766977591,-1.11306408494368
AT4G33840.1,3727,2942,3062,4510,3849,3893,364,-0.336307948905212,11.8241498488505,-2.29886416573217,0.0599801471444708,0.0689426978672078,-5.51724675154123,-1.26252149350837
AT4G34330.1,626,528,508,474,347,403,365,0.446009569724309,8.88731767880177,2.7090636139948,0.0341631633943921,0.0402867492858397,-4.92799645961838,1.36226707083781
AT4G35050.1,1167,995,904,271,164,202,366,2.28415983341245,8.84845357426667,10.5921639993977,3.45203680013303e-05,6.82220711488741e-05,2.74340939171232,4.87080367174387
AT4G35140.1,751,642,550,17,42,46,367,4.27946455991823,7.1899918158998,11.1252970497616,2.58318889168201e-05,5.25038392618294e-05,3.06588487869196,19.4199093311514
AT4G35740.1,1153,1126,1119,79,94,132,368,3.49763872901439,8.39784141074703,17.3047495508865,1.82329604205938e-06,5.62745691993637e-06,5.95230036771067,11.2952064034813
AT4G35840.1,3844,3593,3213,16,34,22,369,7.20999632526063,8.18510076738109,26.5964913300073,1.32473911214197e-07,1.14951702995492e-06,8.60466295055532,148.05571042148
AT4G36220.1,7656,7028,6512,175,198,209,370,5.18015734534836,10.1935125916232,39.3601560665253,1.19283802911493e-08,3.72761884098414e-07,10.7097138676189,36.2562383455343
AT4G36590.1,1009,570,708,1290,1016,1120,371,-0.615939827242867,9.84367935703527,-2.64050599615781,0.0374884253343465,0.0438974535530989,-5.0262962500866,-1.53255603814329
AT4G36830.1,270,179,209,34,18,6,372,3.70122740096784,5.91213551796597,6.47678411732414,0.000573224937723653,0.000845464509916892,-0.409730219275893,13.0070996796626
AT4G37690.1,2594,1939,2150,2050,1629,2057,373,0.218118759083508,11.0023244770392,1.29215928767123,0.242553993845588,0.260810746070525,-6.87294136033752,1.16321579065053
AT4G38700.1,9565,6441,6830,11943,9129,9966,374,-0.456155703298105,13.099702551058,-2.2925669362085,0.0605075888765559,0.0692459697173776,-5.5262775299094,-1.37188134130932
AT4G38960.1,844,618,540,74,13,46,375,4.16177514999317,7.27780839640696,6.82841273314766,0.000428404054597023,0.000649754436545174,-0.0819895077699098,17.8986038275219
AT4G39390.1,2838,3093,3126,155,198,226,376,3.97613759746722,9.57092724096588,23.6645724975169,2.70805675070746e-07,1.6716399695725e-06,7.91061196580818,15.7375340848232
AT4G39690.1,2410,2485,2213,712,732,698,377,1.72762990782781,10.3453403872316,15.4106499445731,3.6771979955986e-06,9.88494084838333e-06,5.20247461461392,3.31183295732853
AT4G39955.1,3796,3968,3556,137,121,119,378,4.8984989999104,9.43130029660506,40.4308694214344,1.01124021320716e-08,3.61157219002558e-07,10.8383666364161,29.8260081849419
AT5G02630.1,829,897,793,23,43,20,379,4.90127427199373,7.26287431670927,17.08691536329,1.9688690159006e-06,5.96626974515332e-06,5.87083066483379,29.8834388635355
AT5G02880.1,11730,12049,11546,906,1075,929,380,3.60416878434476,11.7212537285326,29.6991606879142,6.73393824208345e-08,8.63325415651725e-07,9.23559529888179,12.1608214915949
AT5G02970.1,12354,10847,9867,276,376,416,381,4.9634748002967,10.9404262177359,25.8638241289285,1.57199663618069e-07,1.28852183293499e-06,8.44095416733071,31.2000146262688
AT5G03020.1,684,528,546,462,443,375,382,0.452869337155498,8.96105903567374,2.86325233479984,0.0277799563349135,0.0333093001617667,-4.70782021353897,1.36875984083967
AT5G03100.1,520,471,624,67,82,105,383,2.66835742134311,7.73098628639171,13.015591724216,1.01513993702368e-05,2.31767108909515e-05,4.09748871859481,6.35704993682081
AT5G03240.1,37469,41410,44862,6835,6387,6375,384,2.65529735394761,14.0004890746664,21.6385920680365,4.67890185324153e-07,2.36308174406138e-06,7.36338837761743,6.29976212304039
AT5G03280.1,15587,15975,16093,2797,3544,3265,385,2.31698097203835,12.7968435643036,17.6120122616282,1.63864378968179e-06,5.25723643162242e-06,6.06526959371054,4.98288394170137
AT5G03370.1,2742,2512,2522,478,540,468,386,2.38694920387562,10.1457448492973,19.8485689100907,7.92138307427558e-07,3.07030351716108e-06,6.82485852593878,5.23050122919125
AT5G03800.1,2011,2285,2135,503,571,587,387,1.95229886819763,10.088423969137,15.6496391884695,3.35085310161815e-06,9.25267308844119e-06,5.30252172968188,3.86990692398098
AT5G03920.1,515,441,576,657,625,661,388,-0.350364234671639,9.16570122515587,-2.53074167768298,0.0435462719350385,0.0506351999244634,-5.18399706264357,-1.27488245401595
AT5G05030.1,1204,841,1050,757,844,883,389,0.304425559804608,9.84446748947966,1.81257133627033,0.118455040261749,0.131034336572731,-6.202854658088,1.23492682642827
AT5G05120.1,858,725,668,357,321,403,390,1.05441944054834,9.01819109965106,6.83695985959348,0.000425445678701699,0.000648545241923321,-0.0741898441244961,2.07688227367957
AT5G05580.1,307,338,255,142,176,142,391,0.961526593397155,7.7432127045785,5.88816483530876,0.000960350994269622,0.00137586102330891,-0.990054187764648,1.94736942155015
AT5G06380.1,191,204,187,126,151,115,392,0.574812752186972,7.31893744120793,4.05299979503067,0.00631289984870587,0.00813518021740447,-3.09298070025965,1.48948412999395
AT5G06500.1,1427,1281,1285,1087,1054,1177,393,0.266673929766812,10.2442082811085,2.26673574976872,0.062721853753614,0.0716002896730754,-5.56330089355177,1.20303109260346
AT5G06670.1,3752,3462,3196,467,530,365,394,2.94516855573104,10.2854618140894,17.0965338869253,1.96216349526562e-06,5.96626974515332e-06,5.87445257486822,7.70165530690661
AT5G07130.1,1614,1630,1597,78,64,24,395,5.00030215274695,8.15681932670024,11.7484327071061,1.86987014447956e-05,3.92829862285622e-05,3.42415905744984,32.0067026642549
AT5G07430.1,365,311,294,1109,1198,832,396,-1.68015312954058,9.17530096523546,-9.26643194204991,7.54989991382643e-05,0.000133863473649405,1.86909901180941,-3.20461963483144
AT5G07460.1,435,342,545,157,160,188,397,1.36202206045227,8.07999104706373,6.86691455154085,0.000415260529198692,0.000640235519333475,-0.0469158234228262,2.57045197978007
AT5G07850.1,181,93,133,109,81,118,398,0.364914400294472,6.86036702729747,1.31380455737955,0.235614078493102,0.253894481134808,-6.84730009938541,1.28780521764546
AT5G09370.1,38737,27433,30232,38789,32668,32856,399,-0.124656409329821,15.0186534521313,-0.729550208224211,0.492402691930433,0.509733635538751,-7.43366089278994,-1.09024804946268
AT5G09490.1,1061,765,834,691,746,626,400,0.355828908954177,9.60188588555309,2.1638348357579,0.0724048826404379,0.0820917036739658,-5.71036380149738,1.27972064114123
AT5G09900.1,4989,4802,4596,675,782,655,401,2.76990706869584,10.842053513745,22.2627804219829,3.93309132177435e-07,2.06999617905756e-06,7.53856459707688,6.82063976799482
AT5G10950.1,4502,4246,4356,1473,1346,1190,402,1.71300197039431,11.2361718660043,13.4477503157276,8.34754212249235e-06,1.96875993455008e-05,4.31190613190318,3.27842290812935
AT5G11310.1,946,828,782,377,355,276,403,1.34786646100617,9.05783923758197,8.17317763911138,0.000155676393468466,0.000262966880858895,1.05694359725448,2.54535425611621
AT5G11460.1,611,499,535,105,65,105,404,2.59634209644255,7.79824939104956,11.7217495860178,1.89530376272615e-05,3.94021317693158e-05,3.40920698405137,6.0475135489322
AT5G12170.2,24156,23702,22380,97,93,74,405,8.04826840631819,10.490173331922,55.9242355283724,1.37109327404768e-09,1.14257772837306e-07,12.2044616650566,264.709911876036
AT5G12840.1,1236,1133,1085,254,388,277,406,1.92924074771813,9.20359399204859,10.3061526630969,4.05531492133942e-05,7.73915061324317e-05,2.56389745901951,3.8085471269428
AT5G14620.1,481,449,412,36,15,60,407,3.75882593189154,6.92614320034305,8.03362179032166,0.000171756584451782,0.000288182188677487,0.946442945315574,13.5369041543531
AT5G15140.1,22,35,24,94,101,98,408,-1.84476480770267,5.70149678627602,-9.61887079150667,6.07498559402685e-05,0.000110840284537396,2.11242927694123,-3.59194387477526
AT5G17165.1,3638,3123,2965,1,1,7,409,9.99093598547943,6.66213465940638,18.1295934069048,1.37438775479843e-06,4.64320187431904e-06,6.25059311664541,1017.58668672871
AT5G17320.1,4515,3574,3585,697,1171,807,410,2.15088850227026,10.8421281055964,9.53835241074926,6.38024170105875e-05,0.000115166817708642,2.0575734350945,4.44101210057559
AT5G17470.1,913,711,842,377,483,461,411,0.89943930135161,9.22733788497971,5.60547100214585,0.00124748617374786,0.00173261968576091,-1.28386695047693,1.86534088362393
AT5G18020.1,73,56,46,0,0,0,412,5.86564407715711,2.93282203857855,31.8029505803882,4.42375269416518e-08,7.135084990589e-07,9.61309156871665,58.3088949785661
AT5G18960.1,1770,1701,1485,185,207,168,413,3.14003475114839,9.11684336408463,22.5733639794027,3.61392244363305e-07,1.98567167232585e-06,7.62348058677006,8.81545326810117
AT5G19600.1,3022,2986,3023,174,145,109,414,4.41536460864085,9.34848076573276,23.4918062530093,2.83215499818328e-07,1.70611746878511e-06,7.86627736520979,21.3381708936175
AT5G20000.1,1604,1584,1674,373,507,436,415,1.89383382370284,9.71593978390489,12.8840341774375,1.07874341556623e-05,2.41870720978976e-05,4.03075640094906,3.71621462153721
AT5G20810.1,938,889,926,362,392,460,416,1.18607807381645,9.24998376380279,8.91450603057579,9.4496714753341e-05,0.000162365489266909,1.61750288652558,2.27533358583491
AT5G21150.1,7310,7100,6747,1550,1717,1427,417,2.17487540999473,11.6958635570652,17.5906237759558,1.65077223952944e-06,5.25723643162242e-06,6.05747834095123,4.51546765016303
AT5G21930.1,1865,1879,1783,178,283,177,418,3.14461792986724,9.2754077408454,15.1005595448147,4.1570703413749e-06,1.08823830926045e-05,5.07012499953718,8.84350288415781
AT5G22920.1,463,562,857,66,63,34,419,3.5148112457682,7.48919635868501,10.4042050316051,3.83573105008554e-05,7.4290483221782e-05,2.62597033042116,11.4304575223147
AT5G23210.1,74178,70075,65430,1778,1315,1363,420,5.56687340223857,13.3075775337948,35.4533435131919,2.26889485499156e-08,4.56897397613418e-07,10.1879387969315,47.4019137944268
AT5G23340.1,3832,3566,3399,224,120,224,421,4.29654906486124,9.66374973900018,16.2422433732586,2.67648660047241e-06,7.64710457277831e-06,5.54356477760703,19.6512484460274
AT5G24240.1,11321,11438,9949,1201,1663,1578,422,2.89084632679157,11.9642419483,17.5570337866463,1.67003027828708e-06,5.28490594394646e-06,6.04522069495609,7.4170542784961
AT5G24380.1,2899,2258,3464,649,700,811,423,1.97968097273611,10.4774746394053,10.2637248723445,4.15480257211006e-05,7.88662894763934e-05,2.53686341037852,3.94405856063051
AT5G24460.1,3570,3379,3340,1448,1421,914,424,1.47293621824761,11.0071932965731,7.21484321445928,0.000315293559079421,0.000497308452806658,0.263069928739299,2.77586271403407
AT5G24810.1,15822,14826,12541,3793,3929,2987,425,2.015124149556,12.7991560725602,12.2314365155524,1.47124400167942e-05,3.14368376427226e-05,3.68909862333761,4.0421536141232
AT5G25410.1,447,312,443,11002,9994,10469,426,-4.72492811668297,10.9930606034549,-27.0440694661948,1.19595274137664e-07,1.10142433581211e-06,8.70173348399817,-26.4450925023724
AT5G25950.1,5104,2411,3885,3459,2656,3149,427,0.241501558320451,11.7051757619233,0.835897938164077,0.434361647250117,0.455305709905783,-7.34588476566516,1.18222247956055
AT5G26250.1,555,304,434,520,428,554,428,-0.249946421701891,8.83713257615423,-1.02254359498486,0.344905013648185,0.364593037683071,-7.16964918485765,-1.18916295146961
AT5G26630.1,252,150,203,364,405,228,429,-0.707489567686208,7.98501933584006,-2.46185335689591,0.0478685365241788,0.0554033987548366,-5.28306537796303,-1.63296013100226
AT5G26650.1,1160,826,846,134,126,104,430,2.93978937795997,8.39647662280969,15.8215394732932,3.13680183255211e-06,8.86102212585341e-06,5.37345934427207,7.67299267671967
AT5G27910.1,129,109,154,100,14,109,431,1.24446337998079,6.40438562061872,1.61432363625208,0.156187695047597,0.170510584113098,-6.46944879738013,2.36930409954053
AT5G27960.1,114,85,68,60,37,70,432,0.683955763971165,6.1181152054893,2.30595517964535,0.0593919141965018,0.0684238642816841,-5.50707541701493,1.60653873294185
AT5G28000.1,1091,888,907,740,620,552,433,0.597476792093168,9.60637668296693,3.69086031330177,0.00968879421500781,0.0121109927687598,-3.56514656478533,1.51306796409925
AT5G28530.1,1395,1242,1223,53,78,72,434,4.24519628024473,8.20542907652923,24.0595399098868,2.44731377709994e-07,1.58916479032463e-06,8.01043715653415,18.9640642413289
AT5G28646.1,61,44,43,47,49,28,435,0.272893779910131,5.49871345182955,1.04186307335219,0.336540719113648,0.356504999061068,-7.14993188662447,1.20822888286709
AT5G35490.1,110,62,85,23,34,24,436,1.61328627903709,5.59267704199883,6.2737643702339,0.000682029542763909,0.000997119214567118,-0.605263289075368,3.05947959880236
AT5G36210.1,2264,2212,2150,494,512,463,437,2.17193138481869,10.0233259343099,19.699148419289,8.29444820988124e-07,3.14183644313683e-06,6.77729301607474,4.50626258915349
AT5G37290.1,59,38,37,15,0,0,438,4.14674010930478,3.40670338798573,3.79817331835105,0.0085158896874243,0.0108069666084065,-3.42327878096353,17.7130421925755
AT5G37420.1,205,151,187,59,93,100,439,1.12310865408883,6.93478463705707,4.68670085772171,0.00312791488941134,0.00420418667931632,-2.31281465223498,2.17815806871335
AT5G37560.1,343,230,224,42,226,67,440,1.58383963469728,7.23867851176309,2.61065906993842,0.0390419135726212,0.0456097121175481,-5.06914697799476,2.99766597416152
AT5G38140.1,358,296,294,20,24,18,441,3.87420972429199,6.36513857081168,24.5296747123635,2.17404321736943e-07,1.53101635026016e-06,8.12655858231817,14.6640298669839
AT5G38195.1,2722,2336,2790,2197,2288,2735,442,0.122553253833956,11.2880532713806,0.846773979688864,0.428714656673789,0.450330521716165,-7.33636609432271,1.08865984780616
AT5G39440.1,523,587,564,409,309,434,443,0.551575436053531,8.84927974986536,3.36014956596845,0.0145810323062291,0.0178252228682507,-4.01215451548299,1.46568536405532
AT5G39560.1,451,410,470,881,1046,1343,444,-1.27541373318581,9.43195913182946,-7.01541032005163,0.000368712991966236,0.000577920050103818,0.0869029663469183,-2.42068227730863
AT5G40570.1,826,889,871,145,136,145,445,2.59330272302713,8.45587842842042,23.7294401769371,2.66309985650392e-07,1.66596993992327e-06,7.92715199341753,6.03478646287798
AT5G41260.1,411,379,337,178,223,155,446,1.02688755120408,8.03896808166341,5.91550449554016,0.000936820111721418,0.00134600590764572,-0.96217479943815,2.0376235673971
AT5G41610.1,953,944,1028,92,76,76,447,3.57210378317003,8.14362918908429,27.3881864591036,1.10676293968724e-07,1.10142433581211e-06,8.77490380723868,11.893519428921
AT5G41750.1,1623,1062,544,68,55,34,448,4.25473727419994,7.80908943569355,9.48531023374105,6.59099267623132e-05,0.000118543033745168,2.0212015264741,19.0898951560482
AT5G41830.1,137,180,151,52,77,55,449,1.34520675394064,6.61282924213134,6.82716489529838,0.000428837928119815,0.000649754436545174,-0.0831288685535103,2.54066604415409
AT5G41850.1,892,620,754,349,327,272,450,1.2465928000613,8.9238031524874,6.86116563330847,0.000417193445297393,0.000640235519333475,-0.0521429109166975,2.37280377813482
AT5G42235.1,10452,10665,11448,909,861,1042,451,3.53583492734404,11.6371808759037,27.9063072125294,9.8662820188976e-08,1.09239560762928e-06,8.88274744677059,11.5982475197304
AT5G42690.1,4905,4225,4089,586,521,448,452,3.08919979130019,10.5564980037905,20.3561189977243,6.79184785873385e-07,2.95297732988428e-06,6.98330842519189,8.51023984020603
AT5G42930.1,2033,1670,1490,473,468,425,453,1.91392251418755,9.7892602509736,12.5279453466618,1.27538468558616e-05,2.78662945779784e-05,3.8465726485172,3.76832269706729
AT5G43420.1,2459,1851,1035,0,22,0,454,9.20418577170546,6.10994687120507,7.34352506708129,0.000285538007665532,0.000451800645040399,0.374636959454476,589.842420310897
AT5G43780.1,19022,22976,19165,1735,1719,1677,455,3.56911685230597,12.5253154536442,28.243029472814,9.1666514483221e-08,1.09126802956216e-06,8.95137614059995,11.8689207650815
AT5G46540.1,19738,18457,16807,4017,3276,2612,456,2.49188904426381,12.9132489273306,13.4267640246564,8.42606894800279e-06,1.97594329642057e-05,4.30165954274854,5.62514016104792
AT5G46810.1,17191,11745,13261,10760,8584,8827,457,0.571781521910218,13.475556715571,3.07704236305047,0.0209613253818737,0.0252546088938238,-4.40547415810251,1.48635787710729
AT5G47620.1,6792,6327,6549,634,812,702,458,3.19984700394208,11.0782919029067,23.725869486692,2.66555190387722e-07,1.66596993992327e-06,7.9262430319905,9.18861234711917
AT5G47770.1,7157,7435,7320,890,1207,995,459,2.83526286653916,11.4168608642413,19.3292215993176,9.30915430847159e-07,3.40470780823408e-06,6.65767825783738,7.13672838592912
AT5G47790.1,4693,4663,4220,277,274,269,460,4.04275961183167,10.1210612986446,36.3287387098256,1.9529060681931e-08,4.56897397613418e-07,10.3125431606238,16.4813168398989
AT5G48650.1,13271,13284,12646,4215,4774,3956,461,1.60232694722982,12.872208646755,13.0159411589563,1.01497687215102e-05,2.31767108909515e-05,4.09766504445387,3.03632652804656
AT5G48670.1,422,382,316,155,180,88,462,1.45102397609082,7.81250583368269,5.0262874714519,0.00219823797931966,0.00298673638494519,-1.91881054291429,2.73402034008006
AT5G48820.1,141,108,113,102,72,79,463,0.517522759165252,6.65817910656616,2.80725351444635,0.0299368419196194,0.0355544440850587,-4.78761458555139,1.43149512694605
AT5G48970.1,1193,1259,1025,205,269,240,464,2.28246823159838,9.03330260262052,14.7064919139992,4.87539672887691e-06,1.2374103372784e-05,4.89764406488876,4.86509585999023
AT5G49040.1,11971,12303,10010,595,583,463,465,4.38551358296455,11.2817481496389,27.7250317540914,1.02685187117152e-07,1.09239560762928e-06,8.8453290023108,20.9011958563117
AT5G49160.1,7241,6598,6545,1393,999,915,466,2.64553304410247,11.4061008282604,14.3137784983747,5.73816422855314e-06,1.42740403695352e-05,4.72076971862895,6.25726864118672
AT5G49810.1,24789,24694,21939,1627,1733,1366,467,3.92170240314544,12.5760414332708,27.9552398371862,9.76085923307252e-08,1.09239560762928e-06,8.89279101324029,15.1547947000254
AT5G49830.1,12076,11605,11205,1574,1610,1568,468,2.87467832211933,12.0675080040428,26.90767022089,1.23359525610956e-07,1.10142433581211e-06,8.67238154069776,7.33439681199835
AT5G49890.1,4714,4238,4248,805,779,653,469,2.56344825571839,10.8200951837844,19.0914739917989,1.00373230783253e-06,3.58475824225902e-06,6.57937548857894,5.91118861781928
AT5G49900.1,13304,11270,8557,404,370,316,470,4.90589141678793,10.9547432099047,24.5461597735632,2.16512370183626e-07,1.53101635026016e-06,8.13057822362322,29.9792298538322
AT5G51450.1,1256,1324,1160,39,33,18,471,5.39712646201424,7.58433604753421,18.9007060868462,1.06696373372138e-06,3.70495733392583e-06,6.51571736311328,42.1402352216949
AT5G52610.1,487,365,405,135,161,130,472,1.5503457491199,7.92875148978409,9.61312140611529,6.09621564955676e-05,0.000110840284537396,2.10852648576271,2.9288732269829
AT5G53150.1,6304,5904,5902,3546,3484,3624,473,0.764714263489013,12.1767210769047,7.12679663123174,0.000337702268050474,0.000530978408884393,0.185789593163102,1.69903345870517
AT5G53250.1,7732,6181,4007,971,900,785,474,2.70691864269511,11.1396530885735,10.5307118127708,3.57239034719184e-05,7.03226446297606e-05,2.70523487108447,6.52925615718248
AT5G53870.1,10084,9065,9189,5214,5165,5119,475,0.868937165050072,12.7695391026625,7.85400621751002,0.000195340828395091,0.000319184360122698,0.801757167086532,1.82631695512346
AT5G54067.1,291,197,235,253,134,81,476,0.759590646626795,7.52081275279376,1.83151580366833,0.11535334529855,0.127886192126996,-6.17684707217313,1.69301017824175
AT5G54095.1,87,79,62,1705,1461,1375,477,-4.30591821498275,8.40583898649957,-25.0549568277318,1.90962290183053e-07,1.46967609904607e-06,8.25294799371905,-19.7792828741155
AT5G54350.1,107,66,108,1525,1215,1324,478,-3.86869412907263,8.46406740366903,-17.0601489291809,1.98766938133336e-06,5.98695596787156e-06,5.86073954939689,-14.6080745618018
AT5G54360.1,123,1,25,1636,1145,1203,479,-6.13940452782093,7.28791427341979,-4.36412417120309,0.00443908421970111,0.00582556984212744,-2.70256743571029,-70.4928255066102
AT5G54400.1,1295,1226,1098,10,42,16,480,5.90986199763567,7.27931740368108,12.2751673689381,1.44027901892546e-05,3.09072750842373e-05,3.71256500595772,60.1237044845657
AT5G54530.1,2341,2693,2611,189,383,417,481,3.02594047879232,9.80036265310716,9.69984436907763,5.78485540888013e-05,0.000105949732763372,2.16716620695991,8.14514554726288
AT5G54650.1,16844,14399,11627,1191,1268,1054,482,3.59581906582152,11.9884669188767,20.6867062760643,6.15654649961844e-07,2.79193134104707e-06,7.08399586380636,12.0906429953508
AT5G57900.1,4277,4064,3812,107,58,47,483,5.90865938920236,9.02849404535,19.4783754731818,8.88361187114014e-07,3.31478054893289e-06,6.70622825936528,60.0736071707914
AT5G58030.1,2147,2013,1877,184,124,154,484,3.71543914773111,9.11548295734977,21.435034432539,4.95674614571188e-07,2.42571833455121e-06,7.30491409651075,13.1358636106945
AT5G58550.1,1695,1849,1597,132,193,120,485,3.54974106264398,8.96622336964296,17.4951335549163,1.70620569646979e-06,5.36542671845846e-06,6.02256231555335,11.7105835435111
AT5G58760.1,606,331,275,249,284,230,486,0.585588386416841,8.2835780049185,1.92946485755425,0.100552186507215,0.112474481551694,-6.04118430765679,1.50065088753533
AT5G58840.1,10519,8092,8601,11770,10380,10161,487,-0.253913813899178,13.2648777003668,-1.71213412765711,0.136311773079832,0.149793157230584,-6.33928479614314,-1.19243763439254
AT5G60440.1,461,309,354,400,343,316,488,0.0724954832619691,8.49693514539646,0.384265426758279,0.71366838981222,0.725272753874208,-7.64507431541522,1.05153398888385
AT5G60760.1,690,615,703,1894,1993,1762,489,-1.49149617568546,10.1320014410829,-12.275547043266,1.44001349762135e-05,3.09072750842373e-05,3.71276837307722,-2.81180427767514
AT5G62140.1,485,505,597,120,138,134,490,2.00572928181642,8.04107127659119,14.7351974012933,4.81845948088609e-06,1.22919884716482e-05,4.91037470000356,4.01591652536842
AT5G63230.1,418,351,410,403,333,360,491,0.105153944635104,8.56516723968856,0.764762314734321,0.47262064758559,0.493340968252182,-7.40568475650126,1.0756091585966
AT5G63740.1,77,37,42,325,248,288,492,-2.50802042726397,6.90720837596796,-8.5858860493242,0.000117360855958281,0.000200960369791578,1.37433081285376,-5.68839018426678
AT5G64400.1,5940,6055,5849,649,698,633,493,3.17102562970412,10.9527740093289,28.9684159022881,7.84613026455441e-08,9.56845154213953e-07,9.09545361625089,9.00686869611065
AT5G64430.1,27151,27838,25960,352,288,337,494,6.37277315397883,11.5328297410074,50.0215389357049,2.72645128783935e-09,1.51469515991075e-07,11.7755509921724,82.8697206595887
AT5G65870.1,1103,960,566,452,328,167,495,1.52883118864463,8.95695840650906,3.58904798440408,0.0109684970492147,0.0136085571330207,-3.70121695559557,2.88551971608941
AT5G66100.1,7436,7044,6623,1940,1900,2168,496,1.81281148282324,11.8723862604231,15.0758355422066,4.19835859645381e-06,1.09332255115985e-05,5.05944643824094,3.51326276438735
AT5G66250.1,2035,1958,1788,92,128,77,497,4.29885763833388,8.76135824763145,20.9833332582941,5.64455481418586e-07,2.63764243653545e-06,7.17270557293281,19.6827191769436
AT5G66750.1,1495,1489,1243,444,508,412,498,1.62986016733962,9.64132386478611,11.3220946058329,2.32845154982125e-05,4.77141711028944e-05,3.18112763324561,3.09483000734254
AT5G66985.1,67,52,104,19,14,13,499,2.16448506697539,5.09430040433886,7.6249236389429,0.000231016320805773,0.000375026494814567,0.613065674168462,4.48306391173895
AT5G67620.1,16492,13155,11662,655,386,552,500,4.7125911315764,11.3779213761206,19.7055734987793,8.2779929412965e-07,3.14183644313683e-06,6.7793471001108,26.219915510078
